ISO-10303-21;
HEADER;
FILE_DESCRIPTION(('KiCad electronic assembly'),'2;1');
FILE_NAME('Air quality sensor MQ135 breakout 3D.step',
  '2025-04-28T13:46:59',('Pcbnew'),('Kicad'),
  'Open CASCADE STEP processor 7.8','KiCad to STEP converter','Unknown'
  );
FILE_SCHEMA(('AUTOMOTIVE_DESIGN { 1 0 10303 214 1 1 1 1 }'));
ENDSEC;
DATA;
#1 = APPLICATION_PROTOCOL_DEFINITION('international standard',
  'automotive_design',2000,#2);
#2 = APPLICATION_CONTEXT(
  'core data for automotive mechanical design processes');
#3 = SHAPE_DEFINITION_REPRESENTATION(#4,#10);
#4 = PRODUCT_DEFINITION_SHAPE('','',#5);
#5 = PRODUCT_DEFINITION('design','',#6,#9);
#6 = PRODUCT_DEFINITION_FORMATION('','',#7);
#7 = PRODUCT('Air quality sensor MQ135 breakout 3D 1',
  'Air quality sensor MQ135 breakout 3D 1','',(#8));
#8 = PRODUCT_CONTEXT('',#2,'mechanical');
#9 = PRODUCT_DEFINITION_CONTEXT('part definition',#2,'design');
#10 = SHAPE_REPRESENTATION('',(#11,#15,#19,#23,#27,#31,#35,#39,#43,#47,
    #51),#55);
#11 = AXIS2_PLACEMENT_3D('',#12,#13,#14);
#12 = CARTESIAN_POINT('',(0.,0.,0.));
#13 = DIRECTION('',(0.,0.,1.));
#14 = DIRECTION('',(1.,0.,-0.));
#15 = AXIS2_PLACEMENT_3D('',#16,#17,#18);
#16 = CARTESIAN_POINT('',(12.5,30.9,2.68));
#17 = DIRECTION('',(1.224646799147E-16,1.,1.110223024625E-16));
#18 = DIRECTION('',(-1.,1.224646799147E-16,0.));
#19 = AXIS2_PLACEMENT_3D('',#20,#21,#22);
#20 = CARTESIAN_POINT('',(11.,13.5,2.68));
#21 = DIRECTION('',(-1.,-1.110223024625E-16,1.110223024625E-16));
#22 = DIRECTION('',(1.110223024625E-16,-1.,0.));
#23 = AXIS2_PLACEMENT_3D('',#24,#25,#26);
#24 = CARTESIAN_POINT('',(20.5,25.2375,2.68));
#25 = DIRECTION('',(-1.,1.110223024625E-16,-1.110223024625E-16));
#26 = DIRECTION('',(-1.110223024625E-16,-1.,1.224646799147E-16));
#27 = AXIS2_PLACEMENT_3D('',#28,#29,#30);
#28 = CARTESIAN_POINT('',(6.25,25.05,3.08));
#29 = DIRECTION('',(0.,-0.,1.));
#30 = DIRECTION('',(1.110223024625E-16,1.,0.));
#31 = AXIS2_PLACEMENT_3D('',#32,#33,#34);
#32 = CARTESIAN_POINT('',(2.65,26.3,2.68));
#33 = DIRECTION('',(0.,-1.,1.110223024625E-16));
#34 = DIRECTION('',(1.,0.,0.));
#35 = AXIS2_PLACEMENT_3D('',#36,#37,#38);
#36 = CARTESIAN_POINT('',(20.5,27.8,2.68));
#37 = DIRECTION('',(-1.,-1.110223024625E-16,1.110223024625E-16));
#38 = DIRECTION('',(1.110223024625E-16,-1.,0.));
#39 = AXIS2_PLACEMENT_3D('',#40,#41,#42);
#40 = CARTESIAN_POINT('',(16.35,28.2,3.08));
#41 = DIRECTION('',(0.,0.,1.));
#42 = DIRECTION('',(-1.,1.224646799147E-16,0.));
#43 = AXIS2_PLACEMENT_3D('',#44,#45,#46);
#44 = CARTESIAN_POINT('',(6.25,29.,2.68));
#45 = DIRECTION('',(1.,-1.110223024625E-16,1.110223024625E-16));
#46 = DIRECTION('',(1.110223024625E-16,1.,0.));
#47 = AXIS2_PLACEMENT_3D('',#48,#49,#50);
#48 = CARTESIAN_POINT('',(11.,26.3,2.68));
#49 = DIRECTION('',(0.,-1.,1.110223024625E-16));
#50 = DIRECTION('',(1.,0.,0.));
#51 = AXIS2_PLACEMENT_3D('',#52,#53,#54);
#52 = CARTESIAN_POINT('',(0.,0.,0.));
#53 = DIRECTION('',(0.,0.,1.));
#54 = DIRECTION('',(1.,0.,-0.));
#55 = ( GEOMETRIC_REPRESENTATION_CONTEXT(3) 
GLOBAL_UNCERTAINTY_ASSIGNED_CONTEXT((#59)) GLOBAL_UNIT_ASSIGNED_CONTEXT(
(#56,#57,#58)) REPRESENTATION_CONTEXT('Context #1',
  '3D Context with UNIT and UNCERTAINTY') );
#56 = ( LENGTH_UNIT() NAMED_UNIT(*) SI_UNIT(.MILLI.,.METRE.) );
#57 = ( NAMED_UNIT(*) PLANE_ANGLE_UNIT() SI_UNIT($,.RADIAN.) );
#58 = ( NAMED_UNIT(*) SI_UNIT($,.STERADIAN.) SOLID_ANGLE_UNIT() );
#59 = UNCERTAINTY_MEASURE_WITH_UNIT(LENGTH_MEASURE(1.E-05),#56,
  'distance_accuracy_value','confusion accuracy');
#60 = PRODUCT_RELATED_PRODUCT_CATEGORY('part',$,(#7));
#61 = SHAPE_DEFINITION_REPRESENTATION(#62,#68);
#62 = PRODUCT_DEFINITION_SHAPE('','',#63);
#63 = PRODUCT_DEFINITION('design','',#64,#67);
#64 = PRODUCT_DEFINITION_FORMATION('','',#65);
#65 = PRODUCT('0603R','0603R','',(#66));
#66 = PRODUCT_CONTEXT('',#2,'mechanical');
#67 = PRODUCT_DEFINITION_CONTEXT('part definition',#2,'design');
#68 = SHAPE_REPRESENTATION('',(#11,#69),#73);
#69 = AXIS2_PLACEMENT_3D('',#70,#71,#72);
#70 = CARTESIAN_POINT('',(0.,0.,0.));
#71 = DIRECTION('',(0.,0.,1.));
#72 = DIRECTION('',(1.,0.,-0.));
#73 = ( GEOMETRIC_REPRESENTATION_CONTEXT(3) 
GLOBAL_UNCERTAINTY_ASSIGNED_CONTEXT((#77)) GLOBAL_UNIT_ASSIGNED_CONTEXT(
(#74,#75,#76)) REPRESENTATION_CONTEXT('Context #1',
  '3D Context with UNIT and UNCERTAINTY') );
#74 = ( LENGTH_UNIT() NAMED_UNIT(*) SI_UNIT(.MILLI.,.METRE.) );
#75 = ( NAMED_UNIT(*) PLANE_ANGLE_UNIT() SI_UNIT($,.RADIAN.) );
#76 = ( NAMED_UNIT(*) SI_UNIT($,.STERADIAN.) SOLID_ANGLE_UNIT() );
#77 = UNCERTAINTY_MEASURE_WITH_UNIT(LENGTH_MEASURE(2.E-05),#74,
  'distance_accuracy_value','confusion accuracy');
#78 = CONTEXT_DEPENDENT_SHAPE_REPRESENTATION(#79,#81);
#79 = ( REPRESENTATION_RELATIONSHIP('','',#68,#10) 
REPRESENTATION_RELATIONSHIP_WITH_TRANSFORMATION(#80) 
SHAPE_REPRESENTATION_RELATIONSHIP() );
#80 = ITEM_DEFINED_TRANSFORMATION('','',#11,#15);
#81 = PRODUCT_DEFINITION_SHAPE('Placement','Placement of an item',#82);
#82 = NEXT_ASSEMBLY_USAGE_OCCURRENCE('2','R1','',#5,#63,$);
#83 = PRODUCT_RELATED_PRODUCT_CATEGORY('part',$,(#65));
#84 = SHAPE_DEFINITION_REPRESENTATION(#85,#91);
#85 = PRODUCT_DEFINITION_SHAPE('','',#86);
#86 = PRODUCT_DEFINITION('design','',#87,#90);
#87 = PRODUCT_DEFINITION_FORMATION('','',#88);
#88 = PRODUCT('User Library-R0603-1','User Library-R0603-1','',(#89));
#89 = PRODUCT_CONTEXT('',#2,'mechanical');
#90 = PRODUCT_DEFINITION_CONTEXT('part definition',#2,'design');
#91 = ADVANCED_BREP_SHAPE_REPRESENTATION('',(#11,#92),#1930);
#92 = MANIFOLD_SOLID_BREP('',#93);
#93 = CLOSED_SHELL('',(#94,#134,#174,#256,#296,#354,#394,#476,#516,#574,
    #614,#654,#694,#716,#774,#807,#872,#905,#970,#1003,#1068,#1101,#1166
    ,#1196,#1226,#1238,#1250,#1274,#1298,#1322,#1346,#1362,#1408,#1424,
    #1470,#1502,#1520,#1537,#1555,#1572,#1585,#1617,#1635,#1652,#1670,
    #1687,#1700,#1732,#1750,#1767,#1785,#1802,#1815,#1847,#1865,#1882,
    #1900,#1917));
#94 = ADVANCED_FACE('',(#95),#129,.F.);
#95 = FACE_BOUND('',#96,.T.);
#96 = EDGE_LOOP('',(#97,#107,#115,#123));
#97 = ORIENTED_EDGE('',*,*,#98,.T.);
#98 = EDGE_CURVE('',#99,#101,#103,.T.);
#99 = VERTEX_POINT('',#100);
#100 = CARTESIAN_POINT('',(0.8,0.431159223263,-0.37));
#101 = VERTEX_POINT('',#102);
#102 = CARTESIAN_POINT('',(0.8,0.431159223263,0.37));
#103 = LINE('',#104,#105);
#104 = CARTESIAN_POINT('',(0.8,0.431159223263,0.39));
#105 = VECTOR('',#106,1.);
#106 = DIRECTION('',(-0.,-0.,1.));
#107 = ORIENTED_EDGE('',*,*,#108,.T.);
#108 = EDGE_CURVE('',#101,#109,#111,.T.);
#109 = VERTEX_POINT('',#110);
#110 = CARTESIAN_POINT('',(0.8,0.366385174434,0.37));
#111 = LINE('',#112,#113);
#112 = CARTESIAN_POINT('',(0.8,0.451159223263,0.37));
#113 = VECTOR('',#114,1.);
#114 = DIRECTION('',(-0.,-1.,-0.));
#115 = ORIENTED_EDGE('',*,*,#116,.F.);
#116 = EDGE_CURVE('',#117,#109,#119,.T.);
#117 = VERTEX_POINT('',#118);
#118 = CARTESIAN_POINT('',(0.8,0.366385174434,-0.37));
#119 = LINE('',#120,#121);
#120 = CARTESIAN_POINT('',(0.8,0.366385174434,-0.39));
#121 = VECTOR('',#122,1.);
#122 = DIRECTION('',(0.,0.,1.));
#123 = ORIENTED_EDGE('',*,*,#124,.T.);
#124 = EDGE_CURVE('',#117,#99,#125,.T.);
#125 = LINE('',#126,#127);
#126 = CARTESIAN_POINT('',(0.8,0.431159223263,-0.37));
#127 = VECTOR('',#128,1.);
#128 = DIRECTION('',(-0.,1.,-0.));
#129 = PLANE('',#130);
#130 = AXIS2_PLACEMENT_3D('',#131,#132,#133);
#131 = CARTESIAN_POINT('',(0.8,0.451159223263,0.4));
#132 = DIRECTION('',(-1.,0.,0.));
#133 = DIRECTION('',(0.,0.,1.));
#134 = ADVANCED_FACE('',(#135),#169,.T.);
#135 = FACE_BOUND('',#136,.T.);
#136 = EDGE_LOOP('',(#137,#147,#155,#163));
#137 = ORIENTED_EDGE('',*,*,#138,.T.);
#138 = EDGE_CURVE('',#139,#141,#143,.T.);
#139 = VERTEX_POINT('',#140);
#140 = CARTESIAN_POINT('',(-0.52,0.451159223263,0.37));
#141 = VERTEX_POINT('',#142);
#142 = CARTESIAN_POINT('',(-0.52,0.451159223263,-0.37));
#143 = LINE('',#144,#145);
#144 = CARTESIAN_POINT('',(-0.52,0.451159223263,-0.39));
#145 = VECTOR('',#146,1.);
#146 = DIRECTION('',(-1.355252715607E-16,0.,-1.));
#147 = ORIENTED_EDGE('',*,*,#148,.T.);
#148 = EDGE_CURVE('',#141,#149,#151,.T.);
#149 = VERTEX_POINT('',#150);
#150 = CARTESIAN_POINT('',(-0.78,0.451159223263,-0.37));
#151 = LINE('',#152,#153);
#152 = CARTESIAN_POINT('',(-0.78,0.451159223263,-0.37));
#153 = VECTOR('',#154,1.);
#154 = DIRECTION('',(-1.,-0.,1.807003620809E-16));
#155 = ORIENTED_EDGE('',*,*,#156,.T.);
#156 = EDGE_CURVE('',#149,#157,#159,.T.);
#157 = VERTEX_POINT('',#158);
#158 = CARTESIAN_POINT('',(-0.78,0.451159223263,0.37));
#159 = LINE('',#160,#161);
#160 = CARTESIAN_POINT('',(-0.78,0.451159223263,0.39));
#161 = VECTOR('',#162,1.);
#162 = DIRECTION('',(-0.,0.,1.));
#163 = ORIENTED_EDGE('',*,*,#164,.T.);
#164 = EDGE_CURVE('',#157,#139,#165,.T.);
#165 = LINE('',#166,#167);
#166 = CARTESIAN_POINT('',(0.,0.451159223263,0.37));
#167 = VECTOR('',#168,1.);
#168 = DIRECTION('',(1.,-0.,-0.));
#169 = PLANE('',#170);
#170 = AXIS2_PLACEMENT_3D('',#171,#172,#173);
#171 = CARTESIAN_POINT('',(0.,0.451159223263,0.));
#172 = DIRECTION('',(0.,1.,0.));
#173 = DIRECTION('',(0.,-0.,1.));
#174 = ADVANCED_FACE('',(#175),#251,.F.);
#175 = FACE_BOUND('',#176,.T.);
#176 = EDGE_LOOP('',(#177,#187,#208,#216,#224,#232));
#177 = ORIENTED_EDGE('',*,*,#178,.F.);
#178 = EDGE_CURVE('',#179,#181,#183,.T.);
#179 = VERTEX_POINT('',#180);
#180 = CARTESIAN_POINT('',(-0.95,0.,-0.37));
#181 = VERTEX_POINT('',#182);
#182 = CARTESIAN_POINT('',(-0.95,0.,0.37));
#183 = LINE('',#184,#185);
#184 = CARTESIAN_POINT('',(-0.95,0.,-0.39));
#185 = VECTOR('',#186,1.);
#186 = DIRECTION('',(0.,0.,1.));
#187 = ORIENTED_EDGE('',*,*,#188,.T.);
#188 = EDGE_CURVE('',#179,#189,#191,.T.);
#189 = VERTEX_POINT('',#190);
#190 = CARTESIAN_POINT('',(-0.922112489232,0.,-0.39));
#191 = B_SPLINE_CURVE_WITH_KNOTS('',3,(#192,#193,#194,#195,#196,#197,
    #198,#199,#200,#201,#202,#203,#204,#205,#206,#207),.UNSPECIFIED.,.F.
  ,.F.,(4,3,3,3,3,4),(0.,5.33308900556E-06,1.062065031258E-05,
    1.81611736461E-05,2.856067469685E-05,3.767182535655E-05),
  .UNSPECIFIED.);
#192 = CARTESIAN_POINT('',(-0.95,0.,-0.37));
#193 = CARTESIAN_POINT('',(-0.95,-1.582391850887E-35,-0.371777696335));
#194 = CARTESIAN_POINT('',(-0.949647888902,0.,-0.37358109358));
#195 = CARTESIAN_POINT('',(-0.949009967246,0.,-0.375240388677));
#196 = CARTESIAN_POINT('',(-0.948375152251,0.,-0.376891603052));
#197 = CARTESIAN_POINT('',(-0.947448681893,0.,-0.378447047443));
#198 = CARTESIAN_POINT('',(-0.946346405705,0.,-0.379830697036));
#199 = CARTESIAN_POINT('',(-0.944780716018,0.,-0.381796053741));
#200 = CARTESIAN_POINT('',(-0.942822821679,0.,-0.383475854175));
#201 = CARTESIAN_POINT('',(-0.940710931608,0.,-0.384837445706));
#202 = CARTESIAN_POINT('',(-0.93780650336,0.,-0.386710007615));
#203 = CARTESIAN_POINT('',(-0.934521164086,0.,-0.388050981549));
#204 = CARTESIAN_POINT('',(-0.931169158537,0.,-0.388891368571));
#205 = CARTESIAN_POINT('',(-0.928219038842,0.,-0.389630998105));
#206 = CARTESIAN_POINT('',(-0.925153912922,0.,-0.39));
#207 = CARTESIAN_POINT('',(-0.922112489232,0.,-0.39));
#208 = ORIENTED_EDGE('',*,*,#209,.F.);
#209 = EDGE_CURVE('',#210,#189,#212,.T.);
#210 = VERTEX_POINT('',#211);
#211 = CARTESIAN_POINT('',(-0.52,0.,-0.39));
#212 = LINE('',#213,#214);
#213 = CARTESIAN_POINT('',(-0.8,0.,-0.39));
#214 = VECTOR('',#215,1.);
#215 = DIRECTION('',(-1.,-0.,1.807003620809E-16));
#216 = ORIENTED_EDGE('',*,*,#217,.T.);
#217 = EDGE_CURVE('',#210,#218,#220,.T.);
#218 = VERTEX_POINT('',#219);
#219 = CARTESIAN_POINT('',(-0.52,0.,0.39));
#220 = LINE('',#221,#222);
#221 = CARTESIAN_POINT('',(-0.52,0.,0.39));
#222 = VECTOR('',#223,1.);
#223 = DIRECTION('',(1.355252715607E-16,-0.,1.));
#224 = ORIENTED_EDGE('',*,*,#225,.F.);
#225 = EDGE_CURVE('',#226,#218,#228,.T.);
#226 = VERTEX_POINT('',#227);
#227 = CARTESIAN_POINT('',(-0.922112489232,0.,0.39));
#228 = LINE('',#229,#230);
#229 = CARTESIAN_POINT('',(-0.8,0.,0.39));
#230 = VECTOR('',#231,1.);
#231 = DIRECTION('',(1.,0.,0.));
#232 = ORIENTED_EDGE('',*,*,#233,.T.);
#233 = EDGE_CURVE('',#226,#181,#234,.T.);
#234 = B_SPLINE_CURVE_WITH_KNOTS('',3,(#235,#236,#237,#238,#239,#240,
    #241,#242,#243,#244,#245,#246,#247,#248,#249,#250),.UNSPECIFIED.,.F.
  ,.F.,(4,3,3,3,3,4),(0.,1.244777469223E-05,2.168196786831E-05,
    2.838576188401E-05,3.37120755045E-05,3.748736161624E-05),
  .UNSPECIFIED.);
#235 = CARTESIAN_POINT('',(-0.922112489232,0.,0.39));
#236 = CARTESIAN_POINT('',(-0.926261747463,0.,0.39));
#237 = CARTESIAN_POINT('',(-0.930476479302,0.,0.389311893694));
#238 = CARTESIAN_POINT('',(-0.934385196325,0.,0.387919674208));
#239 = CARTESIAN_POINT('',(-0.937296166103,0.,0.386882835566));
#240 = CARTESIAN_POINT('',(-0.940110001172,0.,0.385427387587));
#241 = CARTESIAN_POINT('',(-0.942553400528,0.,0.383535674342));
#242 = CARTESIAN_POINT('',(-0.944331887755,0.,0.382158745174));
#243 = CARTESIAN_POINT('',(-0.94594997256,0.,0.380516184884));
#244 = CARTESIAN_POINT('',(-0.947212438321,0.,0.378654698663));
#245 = CARTESIAN_POINT('',(-0.94821674131,0.,0.377173869454));
#246 = CARTESIAN_POINT('',(-0.949013637828,0.,0.375517922312));
#247 = CARTESIAN_POINT('',(-0.949485827913,0.,0.373792084497));
#248 = CARTESIAN_POINT('',(-0.949822458997,0.,0.372561709966));
#249 = CARTESIAN_POINT('',(-0.95,0.,0.371275594753));
#250 = CARTESIAN_POINT('',(-0.95,0.,0.37));
#251 = PLANE('',#252);
#252 = AXIS2_PLACEMENT_3D('',#253,#254,#255);
#253 = CARTESIAN_POINT('',(0.,0.,0.));
#254 = DIRECTION('',(0.,1.,0.));
#255 = DIRECTION('',(0.,-0.,1.));
#256 = ADVANCED_FACE('',(#257),#291,.F.);
#257 = FACE_BOUND('',#258,.T.);
#258 = EDGE_LOOP('',(#259,#269,#277,#285));
#259 = ORIENTED_EDGE('',*,*,#260,.T.);
#260 = EDGE_CURVE('',#261,#263,#265,.T.);
#261 = VERTEX_POINT('',#262);
#262 = CARTESIAN_POINT('',(-0.8,0.431159223263,0.37));
#263 = VERTEX_POINT('',#264);
#264 = CARTESIAN_POINT('',(-0.8,0.431159223263,-0.37));
#265 = LINE('',#266,#267);
#266 = CARTESIAN_POINT('',(-0.8,0.431159223263,-0.39));
#267 = VECTOR('',#268,1.);
#268 = DIRECTION('',(0.,-0.,-1.));
#269 = ORIENTED_EDGE('',*,*,#270,.T.);
#270 = EDGE_CURVE('',#263,#271,#273,.T.);
#271 = VERTEX_POINT('',#272);
#272 = CARTESIAN_POINT('',(-0.8,0.366385174434,-0.37));
#273 = LINE('',#274,#275);
#274 = CARTESIAN_POINT('',(-0.8,0.451159223263,-0.37));
#275 = VECTOR('',#276,1.);
#276 = DIRECTION('',(-0.,-1.,1.306104834247E-30));
#277 = ORIENTED_EDGE('',*,*,#278,.T.);
#278 = EDGE_CURVE('',#271,#279,#281,.T.);
#279 = VERTEX_POINT('',#280);
#280 = CARTESIAN_POINT('',(-0.8,0.366385174434,0.37));
#281 = LINE('',#282,#283);
#282 = CARTESIAN_POINT('',(-0.8,0.366385174434,-0.39));
#283 = VECTOR('',#284,1.);
#284 = DIRECTION('',(0.,0.,1.));
#285 = ORIENTED_EDGE('',*,*,#286,.T.);
#286 = EDGE_CURVE('',#279,#261,#287,.T.);
#287 = LINE('',#288,#289);
#288 = CARTESIAN_POINT('',(-0.8,0.431159223263,0.37));
#289 = VECTOR('',#290,1.);
#290 = DIRECTION('',(-0.,1.,-0.));
#291 = PLANE('',#292);
#292 = AXIS2_PLACEMENT_3D('',#293,#294,#295);
#293 = CARTESIAN_POINT('',(-0.8,0.451159223263,0.4));
#294 = DIRECTION('',(1.,-0.,0.));
#295 = DIRECTION('',(0.,0.,-1.));
#296 = ADVANCED_FACE('',(#297),#349,.T.);
#297 = FACE_BOUND('',#298,.T.);
#298 = EDGE_LOOP('',(#299,#309,#317,#325,#334,#342));
#299 = ORIENTED_EDGE('',*,*,#300,.F.);
#300 = EDGE_CURVE('',#301,#303,#305,.T.);
#301 = VERTEX_POINT('',#302);
#302 = CARTESIAN_POINT('',(-0.5,2.E-02,0.39));
#303 = VERTEX_POINT('',#304);
#304 = CARTESIAN_POINT('',(-0.5,3.267949185433E-02,0.39));
#305 = LINE('',#306,#307);
#306 = CARTESIAN_POINT('',(-0.5,0.,0.39));
#307 = VECTOR('',#308,1.);
#308 = DIRECTION('',(3.614007241618E-15,1.,0.));
#309 = ORIENTED_EDGE('',*,*,#310,.T.);
#310 = EDGE_CURVE('',#301,#311,#313,.T.);
#311 = VERTEX_POINT('',#312);
#312 = CARTESIAN_POINT('',(-0.5,2.E-02,-0.39));
#313 = LINE('',#314,#315);
#314 = CARTESIAN_POINT('',(-0.5,2.E-02,-0.39));
#315 = VECTOR('',#316,1.);
#316 = DIRECTION('',(-1.355252715607E-16,0.,-1.));
#317 = ORIENTED_EDGE('',*,*,#318,.F.);
#318 = EDGE_CURVE('',#319,#311,#321,.T.);
#319 = VERTEX_POINT('',#320);
#320 = CARTESIAN_POINT('',(-0.5,3.267949185433E-02,-0.39));
#321 = LINE('',#322,#323);
#322 = CARTESIAN_POINT('',(-0.5,0.,-0.39));
#323 = VECTOR('',#324,1.);
#324 = DIRECTION('',(-3.614007241618E-15,-1.,-0.));
#325 = ORIENTED_EDGE('',*,*,#326,.T.);
#326 = EDGE_CURVE('',#319,#327,#329,.T.);
#327 = VERTEX_POINT('',#328);
#328 = CARTESIAN_POINT('',(-0.5,3.E-02,-0.38));
#329 = CIRCLE('',#330,2.E-02);
#330 = AXIS2_PLACEMENT_3D('',#331,#332,#333);
#331 = CARTESIAN_POINT('',(-0.5,5.E-02,-0.38));
#332 = DIRECTION('',(-1.,7.228014483237E-15,1.355252715607E-16));
#333 = DIRECTION('',(7.228014483237E-15,1.,2.710505431214E-15));
#334 = ORIENTED_EDGE('',*,*,#335,.F.);
#335 = EDGE_CURVE('',#336,#327,#338,.T.);
#336 = VERTEX_POINT('',#337);
#337 = CARTESIAN_POINT('',(-0.5,3.E-02,0.38));
#338 = LINE('',#339,#340);
#339 = CARTESIAN_POINT('',(-0.5,3.E-02,9.6));
#340 = VECTOR('',#341,1.);
#341 = DIRECTION('',(-1.355252715607E-16,-0.,-1.));
#342 = ORIENTED_EDGE('',*,*,#343,.T.);
#343 = EDGE_CURVE('',#336,#303,#344,.T.);
#344 = CIRCLE('',#345,2.E-02);
#345 = AXIS2_PLACEMENT_3D('',#346,#347,#348);
#346 = CARTESIAN_POINT('',(-0.5,5.E-02,0.38));
#347 = DIRECTION('',(-1.,7.228014483237E-15,1.355252715607E-16));
#348 = DIRECTION('',(7.228014483237E-15,1.,-2.448946564213E-31));
#349 = PLANE('',#350);
#350 = AXIS2_PLACEMENT_3D('',#351,#352,#353);
#351 = CARTESIAN_POINT('',(-0.5,3.614007241618E-15,9.6));
#352 = DIRECTION('',(1.,-7.228014483237E-15,-1.355252715607E-16));
#353 = DIRECTION('',(7.228014483237E-15,1.,0.));
#354 = ADVANCED_FACE('',(#355),#389,.F.);
#355 = FACE_BOUND('',#356,.T.);
#356 = EDGE_LOOP('',(#357,#367,#375,#383));
#357 = ORIENTED_EDGE('',*,*,#358,.T.);
#358 = EDGE_CURVE('',#359,#361,#363,.T.);
#359 = VERTEX_POINT('',#360);
#360 = CARTESIAN_POINT('',(-0.5,0.421159223263,0.37));
#361 = VERTEX_POINT('',#362);
#362 = CARTESIAN_POINT('',(-0.5,0.421159223263,-0.37));
#363 = LINE('',#364,#365);
#364 = CARTESIAN_POINT('',(-0.5,0.421159223263,9.6));
#365 = VECTOR('',#366,1.);
#366 = DIRECTION('',(-1.355252715607E-16,-0.,-1.));
#367 = ORIENTED_EDGE('',*,*,#368,.T.);
#368 = EDGE_CURVE('',#361,#369,#371,.T.);
#369 = VERTEX_POINT('',#370);
#370 = CARTESIAN_POINT('',(-0.5,0.431159223263,-0.37));
#371 = LINE('',#372,#373);
#372 = CARTESIAN_POINT('',(-0.5,0.421159223263,-0.37));
#373 = VECTOR('',#374,1.);
#374 = DIRECTION('',(-7.228014483237E-15,1.,-0.));
#375 = ORIENTED_EDGE('',*,*,#376,.T.);
#376 = EDGE_CURVE('',#369,#377,#379,.T.);
#377 = VERTEX_POINT('',#378);
#378 = CARTESIAN_POINT('',(-0.5,0.431159223263,0.37));
#379 = LINE('',#380,#381);
#380 = CARTESIAN_POINT('',(-0.5,0.431159223263,0.39));
#381 = VECTOR('',#382,1.);
#382 = DIRECTION('',(1.355252715607E-16,0.,1.));
#383 = ORIENTED_EDGE('',*,*,#384,.T.);
#384 = EDGE_CURVE('',#377,#359,#385,.T.);
#385 = LINE('',#386,#387);
#386 = CARTESIAN_POINT('',(-0.5,0.418479731409,0.37));
#387 = VECTOR('',#388,1.);
#388 = DIRECTION('',(7.228014483237E-15,-1.,-0.));
#389 = PLANE('',#390);
#390 = AXIS2_PLACEMENT_3D('',#391,#392,#393);
#391 = CARTESIAN_POINT('',(-0.5,0.421159223263,9.6));
#392 = DIRECTION('',(-1.,-7.228014483237E-15,1.355252715607E-16));
#393 = DIRECTION('',(7.228014483237E-15,-1.,0.));
#394 = ADVANCED_FACE('',(#395),#471,.F.);
#395 = FACE_BOUND('',#396,.T.);
#396 = EDGE_LOOP('',(#397,#407,#428,#436,#444,#452));
#397 = ORIENTED_EDGE('',*,*,#398,.T.);
#398 = EDGE_CURVE('',#399,#401,#403,.T.);
#399 = VERTEX_POINT('',#400);
#400 = CARTESIAN_POINT('',(0.95,0.,-0.37));
#401 = VERTEX_POINT('',#402);
#402 = CARTESIAN_POINT('',(0.95,0.,0.37));
#403 = LINE('',#404,#405);
#404 = CARTESIAN_POINT('',(0.95,0.,-0.39));
#405 = VECTOR('',#406,1.);
#406 = DIRECTION('',(0.,0.,1.));
#407 = ORIENTED_EDGE('',*,*,#408,.T.);
#408 = EDGE_CURVE('',#401,#409,#411,.T.);
#409 = VERTEX_POINT('',#410);
#410 = CARTESIAN_POINT('',(0.922112489232,0.,0.39));
#411 = B_SPLINE_CURVE_WITH_KNOTS('',3,(#412,#413,#414,#415,#416,#417,
    #418,#419,#420,#421,#422,#423,#424,#425,#426,#427),.UNSPECIFIED.,.F.
  ,.F.,(4,3,3,3,3,4),(2.168404344971E-19,5.33308900556E-06,
    1.062065031258E-05,1.81611736461E-05,2.856067469685E-05,
    3.767182535655E-05),.UNSPECIFIED.);
#412 = CARTESIAN_POINT('',(0.95,0.,0.37));
#413 = CARTESIAN_POINT('',(0.95,0.,0.371777696335));
#414 = CARTESIAN_POINT('',(0.949647888902,0.,0.37358109358));
#415 = CARTESIAN_POINT('',(0.949009967246,0.,0.375240388677));
#416 = CARTESIAN_POINT('',(0.948375152251,0.,0.376891603052));
#417 = CARTESIAN_POINT('',(0.947448681893,0.,0.378447047443));
#418 = CARTESIAN_POINT('',(0.946346405705,0.,0.379830697036));
#419 = CARTESIAN_POINT('',(0.944780716018,0.,0.381796053741));
#420 = CARTESIAN_POINT('',(0.942822821679,0.,0.383475854175));
#421 = CARTESIAN_POINT('',(0.940710931608,0.,0.384837445706));
#422 = CARTESIAN_POINT('',(0.93780650336,0.,0.386710007615));
#423 = CARTESIAN_POINT('',(0.934521164086,0.,0.388050981549));
#424 = CARTESIAN_POINT('',(0.931169158537,0.,0.388891368571));
#425 = CARTESIAN_POINT('',(0.928219038842,0.,0.389630998105));
#426 = CARTESIAN_POINT('',(0.925153912922,0.,0.39));
#427 = CARTESIAN_POINT('',(0.922112489232,0.,0.39));
#428 = ORIENTED_EDGE('',*,*,#429,.F.);
#429 = EDGE_CURVE('',#430,#409,#432,.T.);
#430 = VERTEX_POINT('',#431);
#431 = CARTESIAN_POINT('',(0.52,0.,0.39));
#432 = LINE('',#433,#434);
#433 = CARTESIAN_POINT('',(0.8,0.,0.39));
#434 = VECTOR('',#435,1.);
#435 = DIRECTION('',(1.,-0.,-0.));
#436 = ORIENTED_EDGE('',*,*,#437,.T.);
#437 = EDGE_CURVE('',#430,#438,#440,.T.);
#438 = VERTEX_POINT('',#439);
#439 = CARTESIAN_POINT('',(0.52,0.,-0.39));
#440 = LINE('',#441,#442);
#441 = CARTESIAN_POINT('',(0.52,0.,-0.39));
#442 = VECTOR('',#443,1.);
#443 = DIRECTION('',(-1.355252715607E-16,0.,-1.));
#444 = ORIENTED_EDGE('',*,*,#445,.F.);
#445 = EDGE_CURVE('',#446,#438,#448,.T.);
#446 = VERTEX_POINT('',#447);
#447 = CARTESIAN_POINT('',(0.922112489232,0.,-0.39));
#448 = LINE('',#449,#450);
#449 = CARTESIAN_POINT('',(0.8,0.,-0.39));
#450 = VECTOR('',#451,1.);
#451 = DIRECTION('',(-1.,0.,1.807003620809E-16));
#452 = ORIENTED_EDGE('',*,*,#453,.T.);
#453 = EDGE_CURVE('',#446,#399,#454,.T.);
#454 = B_SPLINE_CURVE_WITH_KNOTS('',3,(#455,#456,#457,#458,#459,#460,
    #461,#462,#463,#464,#465,#466,#467,#468,#469,#470),.UNSPECIFIED.,.F.
  ,.F.,(4,3,3,3,3,4),(0.,1.244777469223E-05,2.168196786831E-05,
    2.838576188401E-05,3.37120755045E-05,3.748736161624E-05),
  .UNSPECIFIED.);
#455 = CARTESIAN_POINT('',(0.922112489232,0.,-0.39));
#456 = CARTESIAN_POINT('',(0.926261747463,9.745068515333E-17,-0.39));
#457 = CARTESIAN_POINT('',(0.930476479302,0.,-0.389311893694));
#458 = CARTESIAN_POINT('',(0.934385196325,0.,-0.387919674208));
#459 = CARTESIAN_POINT('',(0.937296166103,0.,-0.386882835566));
#460 = CARTESIAN_POINT('',(0.940110001172,0.,-0.385427387587));
#461 = CARTESIAN_POINT('',(0.942553400528,0.,-0.383535674342));
#462 = CARTESIAN_POINT('',(0.944331887755,0.,-0.382158745174));
#463 = CARTESIAN_POINT('',(0.94594997256,0.,-0.380516184884));
#464 = CARTESIAN_POINT('',(0.947212438321,0.,-0.378654698663));
#465 = CARTESIAN_POINT('',(0.94821674131,0.,-0.377173869454));
#466 = CARTESIAN_POINT('',(0.949013637828,0.,-0.375517922312));
#467 = CARTESIAN_POINT('',(0.949485827913,0.,-0.373792084497));
#468 = CARTESIAN_POINT('',(0.949822458997,0.,-0.372561709966));
#469 = CARTESIAN_POINT('',(0.95,0.,-0.371275594753));
#470 = CARTESIAN_POINT('',(0.95,0.,-0.37));
#471 = PLANE('',#472);
#472 = AXIS2_PLACEMENT_3D('',#473,#474,#475);
#473 = CARTESIAN_POINT('',(0.,0.,0.));
#474 = DIRECTION('',(0.,1.,0.));
#475 = DIRECTION('',(0.,-0.,1.));
#476 = ADVANCED_FACE('',(#477),#511,.T.);
#477 = FACE_BOUND('',#478,.T.);
#478 = EDGE_LOOP('',(#479,#489,#497,#505));
#479 = ORIENTED_EDGE('',*,*,#480,.T.);
#480 = EDGE_CURVE('',#481,#483,#485,.T.);
#481 = VERTEX_POINT('',#482);
#482 = CARTESIAN_POINT('',(0.52,0.451159223263,-0.37));
#483 = VERTEX_POINT('',#484);
#484 = CARTESIAN_POINT('',(0.52,0.451159223263,0.37));
#485 = LINE('',#486,#487);
#486 = CARTESIAN_POINT('',(0.52,0.451159223263,0.39));
#487 = VECTOR('',#488,1.);
#488 = DIRECTION('',(1.355252715607E-16,-0.,1.));
#489 = ORIENTED_EDGE('',*,*,#490,.T.);
#490 = EDGE_CURVE('',#483,#491,#493,.T.);
#491 = VERTEX_POINT('',#492);
#492 = CARTESIAN_POINT('',(0.78,0.451159223263,0.37));
#493 = LINE('',#494,#495);
#494 = CARTESIAN_POINT('',(0.78,0.451159223263,0.37));
#495 = VECTOR('',#496,1.);
#496 = DIRECTION('',(1.,-0.,-0.));
#497 = ORIENTED_EDGE('',*,*,#498,.T.);
#498 = EDGE_CURVE('',#491,#499,#501,.T.);
#499 = VERTEX_POINT('',#500);
#500 = CARTESIAN_POINT('',(0.78,0.451159223263,-0.37));
#501 = LINE('',#502,#503);
#502 = CARTESIAN_POINT('',(0.78,0.451159223263,-0.39));
#503 = VECTOR('',#504,1.);
#504 = DIRECTION('',(0.,0.,-1.));
#505 = ORIENTED_EDGE('',*,*,#506,.T.);
#506 = EDGE_CURVE('',#499,#481,#507,.T.);
#507 = LINE('',#508,#509);
#508 = CARTESIAN_POINT('',(-7.428792663327E-17,0.451159223263,-0.37));
#509 = VECTOR('',#510,1.);
#510 = DIRECTION('',(-1.,-0.,2.007781800899E-16));
#511 = PLANE('',#512);
#512 = AXIS2_PLACEMENT_3D('',#513,#514,#515);
#513 = CARTESIAN_POINT('',(0.,0.451159223263,0.));
#514 = DIRECTION('',(0.,1.,0.));
#515 = DIRECTION('',(0.,-0.,1.));
#516 = ADVANCED_FACE('',(#517),#569,.T.);
#517 = FACE_BOUND('',#518,.T.);
#518 = EDGE_LOOP('',(#519,#529,#537,#545,#554,#562));
#519 = ORIENTED_EDGE('',*,*,#520,.F.);
#520 = EDGE_CURVE('',#521,#523,#525,.T.);
#521 = VERTEX_POINT('',#522);
#522 = CARTESIAN_POINT('',(0.5,2.E-02,-0.39));
#523 = VERTEX_POINT('',#524);
#524 = CARTESIAN_POINT('',(0.5,3.267949185433E-02,-0.39));
#525 = LINE('',#526,#527);
#526 = CARTESIAN_POINT('',(0.5,0.,-0.39));
#527 = VECTOR('',#528,1.);
#528 = DIRECTION('',(0.,1.,0.));
#529 = ORIENTED_EDGE('',*,*,#530,.T.);
#530 = EDGE_CURVE('',#521,#531,#533,.T.);
#531 = VERTEX_POINT('',#532);
#532 = CARTESIAN_POINT('',(0.5,2.E-02,0.39));
#533 = LINE('',#534,#535);
#534 = CARTESIAN_POINT('',(0.5,2.E-02,0.39));
#535 = VECTOR('',#536,1.);
#536 = DIRECTION('',(1.355252715607E-16,-0.,1.));
#537 = ORIENTED_EDGE('',*,*,#538,.F.);
#538 = EDGE_CURVE('',#539,#531,#541,.T.);
#539 = VERTEX_POINT('',#540);
#540 = CARTESIAN_POINT('',(0.5,3.267949185433E-02,0.39));
#541 = LINE('',#542,#543);
#542 = CARTESIAN_POINT('',(0.5,0.,0.39));
#543 = VECTOR('',#544,1.);
#544 = DIRECTION('',(-0.,-1.,-0.));
#545 = ORIENTED_EDGE('',*,*,#546,.T.);
#546 = EDGE_CURVE('',#539,#547,#549,.T.);
#547 = VERTEX_POINT('',#548);
#548 = CARTESIAN_POINT('',(0.5,3.E-02,0.38));
#549 = CIRCLE('',#550,2.E-02);
#550 = AXIS2_PLACEMENT_3D('',#551,#552,#553);
#551 = CARTESIAN_POINT('',(0.5,5.E-02,0.38));
#552 = DIRECTION('',(1.,0.,-1.355252715607E-16));
#553 = DIRECTION('',(1.355252715607E-16,1.694065894509E-15,1.));
#554 = ORIENTED_EDGE('',*,*,#555,.T.);
#555 = EDGE_CURVE('',#547,#556,#558,.T.);
#556 = VERTEX_POINT('',#557);
#557 = CARTESIAN_POINT('',(0.5,3.E-02,-0.38));
#558 = LINE('',#559,#560);
#559 = CARTESIAN_POINT('',(0.5,3.E-02,9.6));
#560 = VECTOR('',#561,1.);
#561 = DIRECTION('',(-1.355252715607E-16,-0.,-1.));
#562 = ORIENTED_EDGE('',*,*,#563,.T.);
#563 = EDGE_CURVE('',#556,#523,#564,.T.);
#564 = CIRCLE('',#565,2.E-02);
#565 = AXIS2_PLACEMENT_3D('',#566,#567,#568);
#566 = CARTESIAN_POINT('',(0.5,5.E-02,-0.38));
#567 = DIRECTION('',(1.,0.,-1.355252715607E-16));
#568 = DIRECTION('',(1.355252715607E-16,0.,1.));
#569 = PLANE('',#570);
#570 = AXIS2_PLACEMENT_3D('',#571,#572,#573);
#571 = CARTESIAN_POINT('',(0.5,-1.479114197289E-32,9.6));
#572 = DIRECTION('',(-1.,0.,1.355252715607E-16));
#573 = DIRECTION('',(1.355252715607E-16,0.,1.));
#574 = ADVANCED_FACE('',(#575),#609,.F.);
#575 = FACE_BOUND('',#576,.T.);
#576 = EDGE_LOOP('',(#577,#587,#595,#603));
#577 = ORIENTED_EDGE('',*,*,#578,.F.);
#578 = EDGE_CURVE('',#579,#581,#583,.T.);
#579 = VERTEX_POINT('',#580);
#580 = CARTESIAN_POINT('',(0.5,0.421159223263,0.37));
#581 = VERTEX_POINT('',#582);
#582 = CARTESIAN_POINT('',(0.5,0.421159223263,-0.37));
#583 = LINE('',#584,#585);
#584 = CARTESIAN_POINT('',(0.5,0.421159223263,9.6));
#585 = VECTOR('',#586,1.);
#586 = DIRECTION('',(-1.355252715607E-16,-0.,-1.));
#587 = ORIENTED_EDGE('',*,*,#588,.T.);
#588 = EDGE_CURVE('',#579,#589,#591,.T.);
#589 = VERTEX_POINT('',#590);
#590 = CARTESIAN_POINT('',(0.5,0.431159223263,0.37));
#591 = LINE('',#592,#593);
#592 = CARTESIAN_POINT('',(0.5,0.451159223263,0.37));
#593 = VECTOR('',#594,1.);
#594 = DIRECTION('',(-0.,1.,-0.));
#595 = ORIENTED_EDGE('',*,*,#596,.T.);
#596 = EDGE_CURVE('',#589,#597,#599,.T.);
#597 = VERTEX_POINT('',#598);
#598 = CARTESIAN_POINT('',(0.5,0.431159223263,-0.37));
#599 = LINE('',#600,#601);
#600 = CARTESIAN_POINT('',(0.5,0.431159223263,-0.39));
#601 = VECTOR('',#602,1.);
#602 = DIRECTION('',(-1.355252715607E-16,0.,-1.));
#603 = ORIENTED_EDGE('',*,*,#604,.T.);
#604 = EDGE_CURVE('',#597,#581,#605,.T.);
#605 = LINE('',#606,#607);
#606 = CARTESIAN_POINT('',(0.5,0.418479731409,-0.37));
#607 = VECTOR('',#608,1.);
#608 = DIRECTION('',(0.,-1.,-0.));
#609 = PLANE('',#610);
#610 = AXIS2_PLACEMENT_3D('',#611,#612,#613);
#611 = CARTESIAN_POINT('',(0.5,0.451159223263,9.6));
#612 = DIRECTION('',(1.,0.,-1.355252715607E-16));
#613 = DIRECTION('',(-1.355252715607E-16,0.,-1.));
#614 = ADVANCED_FACE('',(#615),#649,.F.);
#615 = FACE_BOUND('',#616,.T.);
#616 = EDGE_LOOP('',(#617,#627,#635,#643));
#617 = ORIENTED_EDGE('',*,*,#618,.F.);
#618 = EDGE_CURVE('',#619,#621,#623,.T.);
#619 = VERTEX_POINT('',#620);
#620 = CARTESIAN_POINT('',(-0.77,5.E-02,0.4));
#621 = VERTEX_POINT('',#622);
#622 = CARTESIAN_POINT('',(-0.77,0.401159223263,0.4));
#623 = LINE('',#624,#625);
#624 = CARTESIAN_POINT('',(-0.77,0.421159223263,0.4));
#625 = VECTOR('',#626,1.);
#626 = DIRECTION('',(-0.,1.,-0.));
#627 = ORIENTED_EDGE('',*,*,#628,.T.);
#628 = EDGE_CURVE('',#619,#629,#631,.T.);
#629 = VERTEX_POINT('',#630);
#630 = CARTESIAN_POINT('',(0.77,5.E-02,0.4));
#631 = LINE('',#632,#633);
#632 = CARTESIAN_POINT('',(0.77,5.E-02,0.4));
#633 = VECTOR('',#634,1.);
#634 = DIRECTION('',(1.,-0.,-1.355252715607E-16));
#635 = ORIENTED_EDGE('',*,*,#636,.F.);
#636 = EDGE_CURVE('',#637,#629,#639,.T.);
#637 = VERTEX_POINT('',#638);
#638 = CARTESIAN_POINT('',(0.77,0.401159223263,0.4));
#639 = LINE('',#640,#641);
#640 = CARTESIAN_POINT('',(0.77,3.E-02,0.4));
#641 = VECTOR('',#642,1.);
#642 = DIRECTION('',(-2.771766861179E-16,-1.,-0.));
#643 = ORIENTED_EDGE('',*,*,#644,.T.);
#644 = EDGE_CURVE('',#637,#621,#645,.T.);
#645 = LINE('',#646,#647);
#646 = CARTESIAN_POINT('',(0.8,0.401159223263,0.4));
#647 = VECTOR('',#648,1.);
#648 = DIRECTION('',(-1.,0.,1.355252715607E-16));
#649 = PLANE('',#650);
#650 = AXIS2_PLACEMENT_3D('',#651,#652,#653);
#651 = CARTESIAN_POINT('',(0.8,0.451159223263,0.4));
#652 = DIRECTION('',(-1.355252715607E-16,0.,-1.));
#653 = DIRECTION('',(-1.,0.,1.355252715607E-16));
#654 = ADVANCED_FACE('',(#655),#689,.F.);
#655 = FACE_BOUND('',#656,.T.);
#656 = EDGE_LOOP('',(#657,#667,#675,#683));
#657 = ORIENTED_EDGE('',*,*,#658,.F.);
#658 = EDGE_CURVE('',#659,#661,#663,.T.);
#659 = VERTEX_POINT('',#660);
#660 = CARTESIAN_POINT('',(0.77,5.E-02,-0.4));
#661 = VERTEX_POINT('',#662);
#662 = CARTESIAN_POINT('',(0.77,0.401159223263,-0.4));
#663 = LINE('',#664,#665);
#664 = CARTESIAN_POINT('',(0.77,3.E-02,-0.4));
#665 = VECTOR('',#666,1.);
#666 = DIRECTION('',(-2.771766861179E-16,1.,0.));
#667 = ORIENTED_EDGE('',*,*,#668,.T.);
#668 = EDGE_CURVE('',#659,#669,#671,.T.);
#669 = VERTEX_POINT('',#670);
#670 = CARTESIAN_POINT('',(-0.77,5.E-02,-0.4));
#671 = LINE('',#672,#673);
#672 = CARTESIAN_POINT('',(-0.77,5.E-02,-0.4));
#673 = VECTOR('',#674,1.);
#674 = DIRECTION('',(-1.,0.,1.355252715607E-16));
#675 = ORIENTED_EDGE('',*,*,#676,.F.);
#676 = EDGE_CURVE('',#677,#669,#679,.T.);
#677 = VERTEX_POINT('',#678);
#678 = CARTESIAN_POINT('',(-0.77,0.401159223263,-0.4));
#679 = LINE('',#680,#681);
#680 = CARTESIAN_POINT('',(-0.77,3.E-02,-0.4));
#681 = VECTOR('',#682,1.);
#682 = DIRECTION('',(2.771766861179E-16,-1.,-0.));
#683 = ORIENTED_EDGE('',*,*,#684,.T.);
#684 = EDGE_CURVE('',#677,#661,#685,.T.);
#685 = LINE('',#686,#687);
#686 = CARTESIAN_POINT('',(0.8,0.401159223263,-0.4));
#687 = VECTOR('',#688,1.);
#688 = DIRECTION('',(1.,-0.,-1.355252715607E-16));
#689 = PLANE('',#690);
#690 = AXIS2_PLACEMENT_3D('',#691,#692,#693);
#691 = CARTESIAN_POINT('',(0.8,0.451159223263,-0.4));
#692 = DIRECTION('',(1.355252715607E-16,-0.,1.));
#693 = DIRECTION('',(1.,0.,-1.355252715607E-16));
#694 = ADVANCED_FACE('',(#695),#711,.T.);
#695 = FACE_BOUND('',#696,.T.);
#696 = EDGE_LOOP('',(#697,#698,#704,#705));
#697 = ORIENTED_EDGE('',*,*,#555,.F.);
#698 = ORIENTED_EDGE('',*,*,#699,.T.);
#699 = EDGE_CURVE('',#547,#336,#700,.T.);
#700 = LINE('',#701,#702);
#701 = CARTESIAN_POINT('',(-0.77,3.E-02,0.38));
#702 = VECTOR('',#703,1.);
#703 = DIRECTION('',(-1.,0.,1.355252715607E-16));
#704 = ORIENTED_EDGE('',*,*,#335,.T.);
#705 = ORIENTED_EDGE('',*,*,#706,.T.);
#706 = EDGE_CURVE('',#327,#556,#707,.T.);
#707 = LINE('',#708,#709);
#708 = CARTESIAN_POINT('',(0.77,3.E-02,-0.38));
#709 = VECTOR('',#710,1.);
#710 = DIRECTION('',(1.,-0.,-1.355252715607E-16));
#711 = PLANE('',#712);
#712 = AXIS2_PLACEMENT_3D('',#713,#714,#715);
#713 = CARTESIAN_POINT('',(1.294786563018E-15,3.E-02,9.6));
#714 = DIRECTION('',(0.,-1.,0.));
#715 = DIRECTION('',(0.,-0.,-1.));
#716 = ADVANCED_FACE('',(#717),#769,.F.);
#717 = FACE_BOUND('',#718,.T.);
#718 = EDGE_LOOP('',(#719,#720,#729,#737,#744,#745,#754,#762));
#719 = ORIENTED_EDGE('',*,*,#358,.F.);
#720 = ORIENTED_EDGE('',*,*,#721,.T.);
#721 = EDGE_CURVE('',#359,#722,#724,.T.);
#722 = VERTEX_POINT('',#723);
#723 = CARTESIAN_POINT('',(-0.502679491854,0.421159223263,0.38));
#724 = CIRCLE('',#725,2.E-02);
#725 = AXIS2_PLACEMENT_3D('',#726,#727,#728);
#726 = CARTESIAN_POINT('',(-0.52,0.421159223263,0.37));
#727 = DIRECTION('',(0.,-1.,0.));
#728 = DIRECTION('',(0.,0.,-1.));
#729 = ORIENTED_EDGE('',*,*,#730,.T.);
#730 = EDGE_CURVE('',#722,#731,#733,.T.);
#731 = VERTEX_POINT('',#732);
#732 = CARTESIAN_POINT('',(0.502679491854,0.421159223263,0.38));
#733 = LINE('',#734,#735);
#734 = CARTESIAN_POINT('',(0.5,0.421159223263,0.38));
#735 = VECTOR('',#736,1.);
#736 = DIRECTION('',(1.,-0.,-1.355252715607E-16));
#737 = ORIENTED_EDGE('',*,*,#738,.T.);
#738 = EDGE_CURVE('',#731,#579,#739,.T.);
#739 = CIRCLE('',#740,2.E-02);
#740 = AXIS2_PLACEMENT_3D('',#741,#742,#743);
#741 = CARTESIAN_POINT('',(0.52,0.421159223263,0.37));
#742 = DIRECTION('',(0.,-1.,0.));
#743 = DIRECTION('',(0.,0.,-1.));
#744 = ORIENTED_EDGE('',*,*,#578,.T.);
#745 = ORIENTED_EDGE('',*,*,#746,.T.);
#746 = EDGE_CURVE('',#581,#747,#749,.T.);
#747 = VERTEX_POINT('',#748);
#748 = CARTESIAN_POINT('',(0.502679491854,0.421159223263,-0.38));
#749 = CIRCLE('',#750,2.E-02);
#750 = AXIS2_PLACEMENT_3D('',#751,#752,#753);
#751 = CARTESIAN_POINT('',(0.52,0.421159223263,-0.37));
#752 = DIRECTION('',(0.,-1.,0.));
#753 = DIRECTION('',(0.,0.,-1.));
#754 = ORIENTED_EDGE('',*,*,#755,.T.);
#755 = EDGE_CURVE('',#747,#756,#758,.T.);
#756 = VERTEX_POINT('',#757);
#757 = CARTESIAN_POINT('',(-0.502679491854,0.421159223263,-0.38));
#758 = LINE('',#759,#760);
#759 = CARTESIAN_POINT('',(0.5,0.421159223263,-0.38));
#760 = VECTOR('',#761,1.);
#761 = DIRECTION('',(-1.,0.,1.355252715607E-16));
#762 = ORIENTED_EDGE('',*,*,#763,.T.);
#763 = EDGE_CURVE('',#756,#361,#764,.T.);
#764 = CIRCLE('',#765,2.E-02);
#765 = AXIS2_PLACEMENT_3D('',#766,#767,#768);
#766 = CARTESIAN_POINT('',(-0.52,0.421159223263,-0.37));
#767 = DIRECTION('',(0.,-1.,0.));
#768 = DIRECTION('',(0.,0.,-1.));
#769 = PLANE('',#770);
#770 = AXIS2_PLACEMENT_3D('',#771,#772,#773);
#771 = CARTESIAN_POINT('',(0.5,0.421159223263,9.6));
#772 = DIRECTION('',(0.,-1.,0.));
#773 = DIRECTION('',(0.,-0.,-1.));
#774 = ADVANCED_FACE('',(#775),#802,.F.);
#775 = FACE_BOUND('',#776,.T.);
#776 = EDGE_LOOP('',(#777,#787,#794,#795));
#777 = ORIENTED_EDGE('',*,*,#778,.F.);
#778 = EDGE_CURVE('',#779,#781,#783,.T.);
#779 = VERTEX_POINT('',#780);
#780 = CARTESIAN_POINT('',(0.77,3.267949192431E-02,-0.39));
#781 = VERTEX_POINT('',#782);
#782 = CARTESIAN_POINT('',(0.77,0.418479731339,-0.39));
#783 = LINE('',#784,#785);
#784 = CARTESIAN_POINT('',(0.77,3.E-02,-0.39));
#785 = VECTOR('',#786,1.);
#786 = DIRECTION('',(-2.771766861179E-16,1.,0.));
#787 = ORIENTED_EDGE('',*,*,#788,.T.);
#788 = EDGE_CURVE('',#779,#659,#789,.T.);
#789 = CIRCLE('',#790,2.E-02);
#790 = AXIS2_PLACEMENT_3D('',#791,#792,#793);
#791 = CARTESIAN_POINT('',(0.77,5.E-02,-0.38));
#792 = DIRECTION('',(1.,2.771766861179E-16,-1.355252715607E-16));
#793 = DIRECTION('',(2.771766861179E-16,-1.,-3.756444565642E-32));
#794 = ORIENTED_EDGE('',*,*,#658,.T.);
#795 = ORIENTED_EDGE('',*,*,#796,.T.);
#796 = EDGE_CURVE('',#661,#781,#797,.T.);
#797 = CIRCLE('',#798,2.E-02);
#798 = AXIS2_PLACEMENT_3D('',#799,#800,#801);
#799 = CARTESIAN_POINT('',(0.77,0.401159223263,-0.38));
#800 = DIRECTION('',(1.,2.771766861179E-16,-1.355252715607E-16));
#801 = DIRECTION('',(2.771766861179E-16,-1.,-3.756444565642E-32));
#802 = PLANE('',#803);
#803 = AXIS2_PLACEMENT_3D('',#804,#805,#806);
#804 = CARTESIAN_POINT('',(0.77,3.E-02,-0.39));
#805 = DIRECTION('',(-1.,-2.771766861179E-16,1.355252715607E-16));
#806 = DIRECTION('',(2.771766861179E-16,-1.,0.));
#807 = ADVANCED_FACE('',(#808),#867,.T.);
#808 = FACE_BOUND('',#809,.T.);
#809 = EDGE_LOOP('',(#810,#818,#826,#834,#842,#851,#852,#859,#860,#866)
  );
#810 = ORIENTED_EDGE('',*,*,#811,.T.);
#811 = EDGE_CURVE('',#781,#812,#814,.T.);
#812 = VERTEX_POINT('',#813);
#813 = CARTESIAN_POINT('',(0.52,0.418479731339,-0.39));
#814 = LINE('',#815,#816);
#815 = CARTESIAN_POINT('',(0.77,0.418479731339,-0.39));
#816 = VECTOR('',#817,1.);
#817 = DIRECTION('',(-1.,0.,1.355252715607E-16));
#818 = ORIENTED_EDGE('',*,*,#819,.T.);
#819 = EDGE_CURVE('',#812,#820,#822,.T.);
#820 = VERTEX_POINT('',#821);
#821 = CARTESIAN_POINT('',(0.52,0.431159223263,-0.39));
#822 = LINE('',#823,#824);
#823 = CARTESIAN_POINT('',(0.52,0.431159223263,-0.39));
#824 = VECTOR('',#825,1.);
#825 = DIRECTION('',(0.,1.,0.));
#826 = ORIENTED_EDGE('',*,*,#827,.T.);
#827 = EDGE_CURVE('',#820,#828,#830,.T.);
#828 = VERTEX_POINT('',#829);
#829 = CARTESIAN_POINT('',(0.78,0.431159223263,-0.39));
#830 = LINE('',#831,#832);
#831 = CARTESIAN_POINT('',(-7.895601932036E-17,0.431159223263,-0.39));
#832 = VECTOR('',#833,1.);
#833 = DIRECTION('',(1.,0.,-2.007781800899E-16));
#834 = ORIENTED_EDGE('',*,*,#835,.T.);
#835 = EDGE_CURVE('',#828,#836,#838,.T.);
#836 = VERTEX_POINT('',#837);
#837 = CARTESIAN_POINT('',(0.779999991833,0.366385174427,-0.39));
#838 = LINE('',#839,#840);
#839 = CARTESIAN_POINT('',(0.78,0.366385174434,-0.39));
#840 = VECTOR('',#841,1.);
#841 = DIRECTION('',(0.,-1.,0.));
#842 = ORIENTED_EDGE('',*,*,#843,.T.);
#843 = EDGE_CURVE('',#836,#446,#844,.T.);
#844 = B_SPLINE_CURVE_WITH_KNOTS('',3,(#845,#846,#847,#848,#849,#850),
  .UNSPECIFIED.,.F.,.F.,(4,2,4),(0.,2.025648867903E-04,
    4.051297735806E-04),.UNSPECIFIED.);
#845 = CARTESIAN_POINT('',(0.779999991833,0.366385174427,-0.39));
#846 = CARTESIAN_POINT('',(0.780061015496,0.298861569508,-0.39));
#847 = CARTESIAN_POINT('',(0.79109857794,0.231249415232,-0.39));
#848 = CARTESIAN_POINT('',(0.838755291784,0.106863033769,-0.39));
#849 = CARTESIAN_POINT('',(0.87584737973,4.923062568609E-02,-0.39));
#850 = CARTESIAN_POINT('',(0.922112489232,0.,-0.39));
#851 = ORIENTED_EDGE('',*,*,#445,.T.);
#852 = ORIENTED_EDGE('',*,*,#853,.T.);
#853 = EDGE_CURVE('',#438,#521,#854,.T.);
#854 = CIRCLE('',#855,2.E-02);
#855 = AXIS2_PLACEMENT_3D('',#856,#857,#858);
#856 = CARTESIAN_POINT('',(0.52,2.E-02,-0.39));
#857 = DIRECTION('',(-2.007781800899E-16,0.,-1.));
#858 = DIRECTION('',(-1.,0.,2.007781800899E-16));
#859 = ORIENTED_EDGE('',*,*,#520,.T.);
#860 = ORIENTED_EDGE('',*,*,#861,.T.);
#861 = EDGE_CURVE('',#523,#779,#862,.T.);
#862 = LINE('',#863,#864);
#863 = CARTESIAN_POINT('',(0.5,3.267949185433E-02,-0.39));
#864 = VECTOR('',#865,1.);
#865 = DIRECTION('',(1.,0.,-1.355252715607E-16));
#866 = ORIENTED_EDGE('',*,*,#778,.T.);
#867 = PLANE('',#868);
#868 = AXIS2_PLACEMENT_3D('',#869,#870,#871);
#869 = CARTESIAN_POINT('',(-7.895601932036E-17,0.,-0.39));
#870 = DIRECTION('',(-2.007781800899E-16,0.,-1.));
#871 = DIRECTION('',(-1.,0.,2.007781800899E-16));
#872 = ADVANCED_FACE('',(#873),#900,.F.);
#873 = FACE_BOUND('',#874,.T.);
#874 = EDGE_LOOP('',(#875,#876,#885,#893));
#875 = ORIENTED_EDGE('',*,*,#676,.T.);
#876 = ORIENTED_EDGE('',*,*,#877,.T.);
#877 = EDGE_CURVE('',#669,#878,#880,.T.);
#878 = VERTEX_POINT('',#879);
#879 = CARTESIAN_POINT('',(-0.77,3.267949192431E-02,-0.39));
#880 = CIRCLE('',#881,2.E-02);
#881 = AXIS2_PLACEMENT_3D('',#882,#883,#884);
#882 = CARTESIAN_POINT('',(-0.77,5.E-02,-0.38));
#883 = DIRECTION('',(-1.,-2.771766861179E-16,1.355252715607E-16));
#884 = DIRECTION('',(-2.771766861179E-16,1.,3.756444565642E-32));
#885 = ORIENTED_EDGE('',*,*,#886,.F.);
#886 = EDGE_CURVE('',#887,#878,#889,.T.);
#887 = VERTEX_POINT('',#888);
#888 = CARTESIAN_POINT('',(-0.77,0.418479731339,-0.39));
#889 = LINE('',#890,#891);
#890 = CARTESIAN_POINT('',(-0.77,3.E-02,-0.39));
#891 = VECTOR('',#892,1.);
#892 = DIRECTION('',(2.771766861179E-16,-1.,-0.));
#893 = ORIENTED_EDGE('',*,*,#894,.T.);
#894 = EDGE_CURVE('',#887,#677,#895,.T.);
#895 = CIRCLE('',#896,2.E-02);
#896 = AXIS2_PLACEMENT_3D('',#897,#898,#899);
#897 = CARTESIAN_POINT('',(-0.77,0.401159223263,-0.38));
#898 = DIRECTION('',(-1.,-2.771766861179E-16,1.355252715607E-16));
#899 = DIRECTION('',(-2.771766861179E-16,1.,3.756444565642E-32));
#900 = PLANE('',#901);
#901 = AXIS2_PLACEMENT_3D('',#902,#903,#904);
#902 = CARTESIAN_POINT('',(-0.77,3.E-02,-0.39));
#903 = DIRECTION('',(1.,2.771766861179E-16,-1.355252715607E-16));
#904 = DIRECTION('',(-2.771766861179E-16,1.,0.));
#905 = ADVANCED_FACE('',(#906),#965,.F.);
#906 = FACE_BOUND('',#907,.T.);
#907 = EDGE_LOOP('',(#908,#918,#926,#932,#933,#939,#940,#947,#948,#959)
  );
#908 = ORIENTED_EDGE('',*,*,#909,.T.);
#909 = EDGE_CURVE('',#910,#912,#914,.T.);
#910 = VERTEX_POINT('',#911);
#911 = CARTESIAN_POINT('',(-0.78,0.431159223263,-0.39));
#912 = VERTEX_POINT('',#913);
#913 = CARTESIAN_POINT('',(-0.52,0.431159223263,-0.39));
#914 = LINE('',#915,#916);
#915 = CARTESIAN_POINT('',(-0.52,0.431159223263,-0.39));
#916 = VECTOR('',#917,1.);
#917 = DIRECTION('',(1.,0.,-1.807003620809E-16));
#918 = ORIENTED_EDGE('',*,*,#919,.T.);
#919 = EDGE_CURVE('',#912,#920,#922,.T.);
#920 = VERTEX_POINT('',#921);
#921 = CARTESIAN_POINT('',(-0.52,0.418479731409,-0.39));
#922 = LINE('',#923,#924);
#923 = CARTESIAN_POINT('',(-0.52,-3.758567531283E-15,-0.39));
#924 = VECTOR('',#925,1.);
#925 = DIRECTION('',(7.228014483237E-15,-1.,0.));
#926 = ORIENTED_EDGE('',*,*,#927,.T.);
#927 = EDGE_CURVE('',#920,#887,#928,.T.);
#928 = LINE('',#929,#930);
#929 = CARTESIAN_POINT('',(-0.5,0.418479731409,-0.39));
#930 = VECTOR('',#931,1.);
#931 = DIRECTION('',(-1.,0.,1.355252715607E-16));
#932 = ORIENTED_EDGE('',*,*,#886,.T.);
#933 = ORIENTED_EDGE('',*,*,#934,.T.);
#934 = EDGE_CURVE('',#878,#319,#935,.T.);
#935 = LINE('',#936,#937);
#936 = CARTESIAN_POINT('',(-0.77,3.267949192431E-02,-0.39));
#937 = VECTOR('',#938,1.);
#938 = DIRECTION('',(1.,0.,-1.355252715607E-16));
#939 = ORIENTED_EDGE('',*,*,#318,.T.);
#940 = ORIENTED_EDGE('',*,*,#941,.T.);
#941 = EDGE_CURVE('',#311,#210,#942,.T.);
#942 = CIRCLE('',#943,2.E-02);
#943 = AXIS2_PLACEMENT_3D('',#944,#945,#946);
#944 = CARTESIAN_POINT('',(-0.52,2.E-02,-0.39));
#945 = DIRECTION('',(-1.807003620809E-16,-1.306104834247E-30,-1.));
#946 = DIRECTION('',(1.,-7.115076756936E-15,-1.807003620809E-16));
#947 = ORIENTED_EDGE('',*,*,#209,.T.);
#948 = ORIENTED_EDGE('',*,*,#949,.T.);
#949 = EDGE_CURVE('',#189,#950,#952,.T.);
#950 = VERTEX_POINT('',#951);
#951 = CARTESIAN_POINT('',(-0.779999991833,0.366385174427,-0.39));
#952 = B_SPLINE_CURVE_WITH_KNOTS('',3,(#953,#954,#955,#956,#957,#958),
  .UNSPECIFIED.,.F.,.F.,(4,2,4),(7.438240519811E-18,2.027018445589E-04,
    4.054036891178E-04),.UNSPECIFIED.);
#953 = CARTESIAN_POINT('',(-0.922112489232,0.,-0.39));
#954 = CARTESIAN_POINT('',(-0.875840691093,4.923774305254E-02,-0.39));
#955 = CARTESIAN_POINT('',(-0.838721128358,0.106924588407,-0.39));
#956 = CARTESIAN_POINT('',(-0.791079802782,0.231326063613,-0.39));
#957 = CARTESIAN_POINT('',(-0.780061010276,0.2988673458,-0.39));
#958 = CARTESIAN_POINT('',(-0.779999991833,0.366385174427,-0.39));
#959 = ORIENTED_EDGE('',*,*,#960,.T.);
#960 = EDGE_CURVE('',#950,#910,#961,.T.);
#961 = LINE('',#962,#963);
#962 = CARTESIAN_POINT('',(-0.78,-5.224419336988E-31,-0.39));
#963 = VECTOR('',#964,1.);
#964 = DIRECTION('',(3.889384548663E-62,1.,-1.306104834247E-30));
#965 = PLANE('',#966);
#966 = AXIS2_PLACEMENT_3D('',#967,#968,#969);
#967 = CARTESIAN_POINT('',(-7.092489211676E-17,-5.224419336988E-31,-0.39
    ));
#968 = DIRECTION('',(1.807003620809E-16,1.306104834247E-30,1.));
#969 = DIRECTION('',(1.,0.,-1.807003620809E-16));
#970 = ADVANCED_FACE('',(#971),#998,.F.);
#971 = FACE_BOUND('',#972,.T.);
#972 = EDGE_LOOP('',(#973,#983,#990,#991));
#973 = ORIENTED_EDGE('',*,*,#974,.F.);
#974 = EDGE_CURVE('',#975,#977,#979,.T.);
#975 = VERTEX_POINT('',#976);
#976 = CARTESIAN_POINT('',(-0.77,3.267949192431E-02,0.39));
#977 = VERTEX_POINT('',#978);
#978 = CARTESIAN_POINT('',(-0.77,0.418479731339,0.39));
#979 = LINE('',#980,#981);
#980 = CARTESIAN_POINT('',(-0.77,0.421159223263,0.39));
#981 = VECTOR('',#982,1.);
#982 = DIRECTION('',(-0.,1.,-0.));
#983 = ORIENTED_EDGE('',*,*,#984,.T.);
#984 = EDGE_CURVE('',#975,#619,#985,.T.);
#985 = CIRCLE('',#986,2.E-02);
#986 = AXIS2_PLACEMENT_3D('',#987,#988,#989);
#987 = CARTESIAN_POINT('',(-0.77,5.E-02,0.38));
#988 = DIRECTION('',(-1.,-0.,-0.));
#989 = DIRECTION('',(0.,0.,-1.));
#990 = ORIENTED_EDGE('',*,*,#618,.T.);
#991 = ORIENTED_EDGE('',*,*,#992,.T.);
#992 = EDGE_CURVE('',#621,#977,#993,.T.);
#993 = CIRCLE('',#994,2.E-02);
#994 = AXIS2_PLACEMENT_3D('',#995,#996,#997);
#995 = CARTESIAN_POINT('',(-0.77,0.401159223263,0.38));
#996 = DIRECTION('',(-1.,0.,-0.));
#997 = DIRECTION('',(0.,2.710505431214E-15,-1.));
#998 = PLANE('',#999);
#999 = AXIS2_PLACEMENT_3D('',#1000,#1001,#1002);
#1000 = CARTESIAN_POINT('',(-0.77,0.421159223263,0.39));
#1001 = DIRECTION('',(1.,0.,0.));
#1002 = DIRECTION('',(0.,0.,-1.));
#1003 = ADVANCED_FACE('',(#1004),#1063,.T.);
#1004 = FACE_BOUND('',#1005,.T.);
#1005 = EDGE_LOOP('',(#1006,#1014,#1022,#1030,#1038,#1047,#1048,#1055,
    #1056,#1062));
#1006 = ORIENTED_EDGE('',*,*,#1007,.T.);
#1007 = EDGE_CURVE('',#977,#1008,#1010,.T.);
#1008 = VERTEX_POINT('',#1009);
#1009 = CARTESIAN_POINT('',(-0.52,0.418479731339,0.39));
#1010 = LINE('',#1011,#1012);
#1011 = CARTESIAN_POINT('',(-0.77,0.418479731339,0.39));
#1012 = VECTOR('',#1013,1.);
#1013 = DIRECTION('',(1.,-0.,-1.355252715607E-16));
#1014 = ORIENTED_EDGE('',*,*,#1015,.T.);
#1015 = EDGE_CURVE('',#1008,#1016,#1018,.T.);
#1016 = VERTEX_POINT('',#1017);
#1017 = CARTESIAN_POINT('',(-0.52,0.431159223263,0.39));
#1018 = LINE('',#1019,#1020);
#1019 = CARTESIAN_POINT('',(-0.52,0.431159223263,0.39));
#1020 = VECTOR('',#1021,1.);
#1021 = DIRECTION('',(-7.228014483237E-15,1.,0.));
#1022 = ORIENTED_EDGE('',*,*,#1023,.T.);
#1023 = EDGE_CURVE('',#1016,#1024,#1026,.T.);
#1024 = VERTEX_POINT('',#1025);
#1025 = CARTESIAN_POINT('',(-0.78,0.431159223263,0.39));
#1026 = LINE('',#1027,#1028);
#1027 = CARTESIAN_POINT('',(0.,0.431159223263,0.39));
#1028 = VECTOR('',#1029,1.);
#1029 = DIRECTION('',(-1.,0.,0.));
#1030 = ORIENTED_EDGE('',*,*,#1031,.T.);
#1031 = EDGE_CURVE('',#1024,#1032,#1034,.T.);
#1032 = VERTEX_POINT('',#1033);
#1033 = CARTESIAN_POINT('',(-0.779999991833,0.366385174427,0.39));
#1034 = LINE('',#1035,#1036);
#1035 = CARTESIAN_POINT('',(-0.78,0.366385174434,0.39));
#1036 = VECTOR('',#1037,1.);
#1037 = DIRECTION('',(0.,-1.,0.));
#1038 = ORIENTED_EDGE('',*,*,#1039,.T.);
#1039 = EDGE_CURVE('',#1032,#226,#1040,.T.);
#1040 = B_SPLINE_CURVE_WITH_KNOTS('',3,(#1041,#1042,#1043,#1044,#1045,
    #1046),.UNSPECIFIED.,.F.,.F.,(4,2,4),(0.,2.025648867903E-04,
    4.051297735806E-04),.UNSPECIFIED.);
#1041 = CARTESIAN_POINT('',(-0.779999991833,0.366385174427,0.39));
#1042 = CARTESIAN_POINT('',(-0.780061015496,0.298861569508,0.39));
#1043 = CARTESIAN_POINT('',(-0.79109857794,0.231249415232,0.39));
#1044 = CARTESIAN_POINT('',(-0.838755291784,0.106863033769,0.39));
#1045 = CARTESIAN_POINT('',(-0.87584737973,4.923062568609E-02,0.39));
#1046 = CARTESIAN_POINT('',(-0.922112489232,0.,0.39));
#1047 = ORIENTED_EDGE('',*,*,#225,.T.);
#1048 = ORIENTED_EDGE('',*,*,#1049,.T.);
#1049 = EDGE_CURVE('',#218,#301,#1050,.T.);
#1050 = CIRCLE('',#1051,2.E-02);
#1051 = AXIS2_PLACEMENT_3D('',#1052,#1053,#1054);
#1052 = CARTESIAN_POINT('',(-0.52,2.E-02,0.39));
#1053 = DIRECTION('',(0.,-0.,1.));
#1054 = DIRECTION('',(1.,0.,0.));
#1055 = ORIENTED_EDGE('',*,*,#300,.T.);
#1056 = ORIENTED_EDGE('',*,*,#1057,.T.);
#1057 = EDGE_CURVE('',#303,#975,#1058,.T.);
#1058 = LINE('',#1059,#1060);
#1059 = CARTESIAN_POINT('',(-0.5,3.267949185433E-02,0.39));
#1060 = VECTOR('',#1061,1.);
#1061 = DIRECTION('',(-1.,-0.,1.355252715607E-16));
#1062 = ORIENTED_EDGE('',*,*,#974,.T.);
#1063 = PLANE('',#1064);
#1064 = AXIS2_PLACEMENT_3D('',#1065,#1066,#1067);
#1065 = CARTESIAN_POINT('',(0.,0.,0.39));
#1066 = DIRECTION('',(0.,-0.,1.));
#1067 = DIRECTION('',(1.,0.,0.));
#1068 = ADVANCED_FACE('',(#1069),#1096,.F.);
#1069 = FACE_BOUND('',#1070,.T.);
#1070 = EDGE_LOOP('',(#1071,#1072,#1081,#1089));
#1071 = ORIENTED_EDGE('',*,*,#636,.T.);
#1072 = ORIENTED_EDGE('',*,*,#1073,.T.);
#1073 = EDGE_CURVE('',#629,#1074,#1076,.T.);
#1074 = VERTEX_POINT('',#1075);
#1075 = CARTESIAN_POINT('',(0.77,3.267949192431E-02,0.39));
#1076 = CIRCLE('',#1077,2.E-02);
#1077 = AXIS2_PLACEMENT_3D('',#1078,#1079,#1080);
#1078 = CARTESIAN_POINT('',(0.77,5.E-02,0.38));
#1079 = DIRECTION('',(1.,-2.771766861179E-16,-0.));
#1080 = DIRECTION('',(-2.771766861179E-16,-1.,0.));
#1081 = ORIENTED_EDGE('',*,*,#1082,.F.);
#1082 = EDGE_CURVE('',#1083,#1074,#1085,.T.);
#1083 = VERTEX_POINT('',#1084);
#1084 = CARTESIAN_POINT('',(0.77,0.418479731339,0.39));
#1085 = LINE('',#1086,#1087);
#1086 = CARTESIAN_POINT('',(0.77,3.E-02,0.39));
#1087 = VECTOR('',#1088,1.);
#1088 = DIRECTION('',(-2.771766861179E-16,-1.,-0.));
#1089 = ORIENTED_EDGE('',*,*,#1090,.T.);
#1090 = EDGE_CURVE('',#1083,#637,#1091,.T.);
#1091 = CIRCLE('',#1092,2.E-02);
#1092 = AXIS2_PLACEMENT_3D('',#1093,#1094,#1095);
#1093 = CARTESIAN_POINT('',(0.77,0.401159223263,0.38));
#1094 = DIRECTION('',(1.,-2.771766861179E-16,-0.));
#1095 = DIRECTION('',(-2.771766861179E-16,-1.,0.));
#1096 = PLANE('',#1097);
#1097 = AXIS2_PLACEMENT_3D('',#1098,#1099,#1100);
#1098 = CARTESIAN_POINT('',(0.77,3.E-02,0.39));
#1099 = DIRECTION('',(-1.,2.771766861179E-16,0.));
#1100 = DIRECTION('',(-2.771766861179E-16,-1.,0.));
#1101 = ADVANCED_FACE('',(#1102),#1161,.F.);
#1102 = FACE_BOUND('',#1103,.T.);
#1103 = EDGE_LOOP('',(#1104,#1114,#1122,#1128,#1129,#1135,#1136,#1143,
    #1144,#1155));
#1104 = ORIENTED_EDGE('',*,*,#1105,.T.);
#1105 = EDGE_CURVE('',#1106,#1108,#1110,.T.);
#1106 = VERTEX_POINT('',#1107);
#1107 = CARTESIAN_POINT('',(0.78,0.431159223263,0.39));
#1108 = VERTEX_POINT('',#1109);
#1109 = CARTESIAN_POINT('',(0.52,0.431159223263,0.39));
#1110 = LINE('',#1111,#1112);
#1111 = CARTESIAN_POINT('',(0.52,0.431159223263,0.39));
#1112 = VECTOR('',#1113,1.);
#1113 = DIRECTION('',(-1.,-0.,0.));
#1114 = ORIENTED_EDGE('',*,*,#1115,.T.);
#1115 = EDGE_CURVE('',#1108,#1116,#1118,.T.);
#1116 = VERTEX_POINT('',#1117);
#1117 = CARTESIAN_POINT('',(0.52,0.418479731409,0.39));
#1118 = LINE('',#1119,#1120);
#1119 = CARTESIAN_POINT('',(0.52,0.,0.39));
#1120 = VECTOR('',#1121,1.);
#1121 = DIRECTION('',(0.,-1.,0.));
#1122 = ORIENTED_EDGE('',*,*,#1123,.T.);
#1123 = EDGE_CURVE('',#1116,#1083,#1124,.T.);
#1124 = LINE('',#1125,#1126);
#1125 = CARTESIAN_POINT('',(0.5,0.418479731409,0.39));
#1126 = VECTOR('',#1127,1.);
#1127 = DIRECTION('',(1.,-0.,-1.355252715607E-16));
#1128 = ORIENTED_EDGE('',*,*,#1082,.T.);
#1129 = ORIENTED_EDGE('',*,*,#1130,.T.);
#1130 = EDGE_CURVE('',#1074,#539,#1131,.T.);
#1131 = LINE('',#1132,#1133);
#1132 = CARTESIAN_POINT('',(0.77,3.267949192431E-02,0.39));
#1133 = VECTOR('',#1134,1.);
#1134 = DIRECTION('',(-1.,-0.,1.355252715607E-16));
#1135 = ORIENTED_EDGE('',*,*,#538,.T.);
#1136 = ORIENTED_EDGE('',*,*,#1137,.T.);
#1137 = EDGE_CURVE('',#531,#430,#1138,.T.);
#1138 = CIRCLE('',#1139,2.E-02);
#1139 = AXIS2_PLACEMENT_3D('',#1140,#1141,#1142);
#1140 = CARTESIAN_POINT('',(0.52,2.E-02,0.39));
#1141 = DIRECTION('',(0.,0.,1.));
#1142 = DIRECTION('',(-1.,0.,0.));
#1143 = ORIENTED_EDGE('',*,*,#429,.T.);
#1144 = ORIENTED_EDGE('',*,*,#1145,.T.);
#1145 = EDGE_CURVE('',#409,#1146,#1148,.T.);
#1146 = VERTEX_POINT('',#1147);
#1147 = CARTESIAN_POINT('',(0.779999991833,0.366385174427,0.39));
#1148 = B_SPLINE_CURVE_WITH_KNOTS('',3,(#1149,#1150,#1151,#1152,#1153,
    #1154),.UNSPECIFIED.,.F.,.F.,(4,2,4),(7.320607597345E-18,
    2.027018445589E-04,4.054036891178E-04),.UNSPECIFIED.);
#1149 = CARTESIAN_POINT('',(0.922112489232,0.,0.39));
#1150 = CARTESIAN_POINT('',(0.875840691093,4.923774305254E-02,0.39));
#1151 = CARTESIAN_POINT('',(0.838721128358,0.106924588407,0.39));
#1152 = CARTESIAN_POINT('',(0.791079802782,0.231326063613,0.39));
#1153 = CARTESIAN_POINT('',(0.780061010276,0.2988673458,0.39));
#1154 = CARTESIAN_POINT('',(0.779999991833,0.366385174427,0.39));
#1155 = ORIENTED_EDGE('',*,*,#1156,.T.);
#1156 = EDGE_CURVE('',#1146,#1106,#1157,.T.);
#1157 = LINE('',#1158,#1159);
#1158 = CARTESIAN_POINT('',(0.78,0.,0.39));
#1159 = VECTOR('',#1160,1.);
#1160 = DIRECTION('',(0.,1.,0.));
#1161 = PLANE('',#1162);
#1162 = AXIS2_PLACEMENT_3D('',#1163,#1164,#1165);
#1163 = CARTESIAN_POINT('',(0.,0.,0.39));
#1164 = DIRECTION('',(0.,0.,-1.));
#1165 = DIRECTION('',(-1.,0.,0.));
#1166 = ADVANCED_FACE('',(#1167),#1189,.T.);
#1167 = FACE_BOUND('',#1168,.T.);
#1168 = EDGE_LOOP('',(#1169,#1170,#1179,#1180));
#1169 = ORIENTED_EDGE('',*,*,#116,.T.);
#1170 = ORIENTED_EDGE('',*,*,#1171,.T.);
#1171 = EDGE_CURVE('',#109,#401,#1172,.T.);
#1172 = B_SPLINE_CURVE_WITH_KNOTS('',3,(#1173,#1174,#1175,#1176,#1177,
    #1178),.UNSPECIFIED.,.F.,.F.,(4,2,4),(-5.999999979655E-08,
    2.0354820881E-04,4.071564176198E-04),.UNSPECIFIED.);
#1173 = CARTESIAN_POINT('',(0.8,0.366385174434,0.37));
#1174 = CARTESIAN_POINT('',(0.800064562491,0.298515802206,0.37));
#1175 = CARTESIAN_POINT('',(0.81168628451,0.230070742648,0.37));
#1176 = CARTESIAN_POINT('',(0.862207404557,0.105384194481,0.37));
#1177 = CARTESIAN_POINT('',(0.901640832183,4.812037655734E-02,0.37));
#1178 = CARTESIAN_POINT('',(0.95,0.,0.37));
#1179 = ORIENTED_EDGE('',*,*,#398,.F.);
#1180 = ORIENTED_EDGE('',*,*,#1181,.T.);
#1181 = EDGE_CURVE('',#399,#117,#1182,.T.);
#1182 = B_SPLINE_CURVE_WITH_KNOTS('',3,(#1183,#1184,#1185,#1186,#1187,
    #1188),.UNSPECIFIED.,.F.,.F.,(4,2,4),(-5.999999975955E-08,
    2.045589569197E-04,4.091779138391E-04),.UNSPECIFIED.);
#1183 = CARTESIAN_POINT('',(0.95,0.,-0.37));
#1184 = CARTESIAN_POINT('',(0.901651628016,4.810963403285E-02,-0.37));
#1185 = CARTESIAN_POINT('',(0.862207342877,0.105384287805,-0.37));
#1186 = CARTESIAN_POINT('',(0.811686228343,0.230070940171,-0.37));
#1187 = CARTESIAN_POINT('',(0.800061607565,0.298215473934,-0.37));
#1188 = CARTESIAN_POINT('',(0.8,0.366385174434,-0.37));
#1189 = B_SPLINE_SURFACE_WITH_KNOTS('',2,1,(
    (#1190,#1191)
    ,(#1192,#1193)
    ,(#1194,#1195
    )),.UNSPECIFIED.,.F.,.F.,.F.,(3,3),(2,2),(0.,1.),(0.,1.),
  .PIECEWISE_BEZIER_KNOTS.);
#1190 = CARTESIAN_POINT('',(0.95,0.,-0.37));
#1191 = CARTESIAN_POINT('',(0.95,0.,0.37));
#1192 = CARTESIAN_POINT('',(0.800196401555,0.149063887825,-0.37));
#1193 = CARTESIAN_POINT('',(0.800196401555,0.149063887825,0.37));
#1194 = CARTESIAN_POINT('',(0.8,0.366385174434,-0.37));
#1195 = CARTESIAN_POINT('',(0.8,0.366385174434,0.37));
#1196 = ADVANCED_FACE('',(#1197),#1219,.T.);
#1197 = FACE_BOUND('',#1198,.T.);
#1198 = EDGE_LOOP('',(#1199,#1200,#1209,#1210));
#1199 = ORIENTED_EDGE('',*,*,#278,.F.);
#1200 = ORIENTED_EDGE('',*,*,#1201,.T.);
#1201 = EDGE_CURVE('',#271,#179,#1202,.T.);
#1202 = B_SPLINE_CURVE_WITH_KNOTS('',3,(#1203,#1204,#1205,#1206,#1207,
    #1208),.UNSPECIFIED.,.F.,.F.,(4,2,4),(-5.999999979661E-08,
    2.0354820881E-04,4.071564176198E-04),.UNSPECIFIED.);
#1203 = CARTESIAN_POINT('',(-0.8,0.366385174434,-0.37));
#1204 = CARTESIAN_POINT('',(-0.800064562491,0.298515802206,-0.37));
#1205 = CARTESIAN_POINT('',(-0.81168628451,0.230070742648,-0.37));
#1206 = CARTESIAN_POINT('',(-0.862207404557,0.105384194481,-0.37));
#1207 = CARTESIAN_POINT('',(-0.901640832183,4.812037655734E-02,-0.37));
#1208 = CARTESIAN_POINT('',(-0.95,0.,-0.37));
#1209 = ORIENTED_EDGE('',*,*,#178,.T.);
#1210 = ORIENTED_EDGE('',*,*,#1211,.T.);
#1211 = EDGE_CURVE('',#181,#279,#1212,.T.);
#1212 = B_SPLINE_CURVE_WITH_KNOTS('',3,(#1213,#1214,#1215,#1216,#1217,
    #1218),.UNSPECIFIED.,.F.,.F.,(4,2,4),(-5.999999975951E-08,
    2.045589569197E-04,4.091779138391E-04),.UNSPECIFIED.);
#1213 = CARTESIAN_POINT('',(-0.95,0.,0.37));
#1214 = CARTESIAN_POINT('',(-0.901651628016,4.810963403285E-02,0.37));
#1215 = CARTESIAN_POINT('',(-0.862207342877,0.105384287805,0.37));
#1216 = CARTESIAN_POINT('',(-0.811686228343,0.230070940171,0.37));
#1217 = CARTESIAN_POINT('',(-0.800061607565,0.298215473934,0.37));
#1218 = CARTESIAN_POINT('',(-0.8,0.366385174434,0.37));
#1219 = B_SPLINE_SURFACE_WITH_KNOTS('',2,1,(
    (#1220,#1221)
    ,(#1222,#1223)
    ,(#1224,#1225
    )),.UNSPECIFIED.,.F.,.F.,.F.,(3,3),(2,2),(0.,1.),(0.,1.),
  .PIECEWISE_BEZIER_KNOTS.);
#1220 = CARTESIAN_POINT('',(-0.8,0.366385174434,-0.37));
#1221 = CARTESIAN_POINT('',(-0.8,0.366385174434,0.37));
#1222 = CARTESIAN_POINT('',(-0.800196401555,0.149063887825,-0.37));
#1223 = CARTESIAN_POINT('',(-0.800196401555,0.149063887825,0.37));
#1224 = CARTESIAN_POINT('',(-0.95,0.,-0.37));
#1225 = CARTESIAN_POINT('',(-0.95,0.,0.37));
#1226 = ADVANCED_FACE('',(#1227),#1233,.T.);
#1227 = FACE_BOUND('',#1228,.T.);
#1228 = EDGE_LOOP('',(#1229,#1230,#1231,#1232));
#1229 = ORIENTED_EDGE('',*,*,#853,.F.);
#1230 = ORIENTED_EDGE('',*,*,#437,.F.);
#1231 = ORIENTED_EDGE('',*,*,#1137,.F.);
#1232 = ORIENTED_EDGE('',*,*,#530,.F.);
#1233 = CYLINDRICAL_SURFACE('',#1234,2.E-02);
#1234 = AXIS2_PLACEMENT_3D('',#1235,#1236,#1237);
#1235 = CARTESIAN_POINT('',(0.52,2.E-02,9.6));
#1236 = DIRECTION('',(-1.355252715607E-16,0.,-1.));
#1237 = DIRECTION('',(-1.,0.,1.355252715607E-16));
#1238 = ADVANCED_FACE('',(#1239),#1245,.T.);
#1239 = FACE_BOUND('',#1240,.T.);
#1240 = EDGE_LOOP('',(#1241,#1242,#1243,#1244));
#1241 = ORIENTED_EDGE('',*,*,#1049,.F.);
#1242 = ORIENTED_EDGE('',*,*,#217,.F.);
#1243 = ORIENTED_EDGE('',*,*,#941,.F.);
#1244 = ORIENTED_EDGE('',*,*,#310,.F.);
#1245 = CYLINDRICAL_SURFACE('',#1246,2.E-02);
#1246 = AXIS2_PLACEMENT_3D('',#1247,#1248,#1249);
#1247 = CARTESIAN_POINT('',(-0.52,2.E-02,9.6));
#1248 = DIRECTION('',(1.355252715607E-16,0.,1.));
#1249 = DIRECTION('',(1.,0.,-1.355252715607E-16));
#1250 = ADVANCED_FACE('',(#1251),#1269,.T.);
#1251 = FACE_BOUND('',#1252,.T.);
#1252 = EDGE_LOOP('',(#1253,#1254,#1261,#1262));
#1253 = ORIENTED_EDGE('',*,*,#156,.F.);
#1254 = ORIENTED_EDGE('',*,*,#1255,.T.);
#1255 = EDGE_CURVE('',#149,#263,#1256,.T.);
#1256 = CIRCLE('',#1257,2.E-02);
#1257 = AXIS2_PLACEMENT_3D('',#1258,#1259,#1260);
#1258 = CARTESIAN_POINT('',(-0.78,0.431159223263,-0.37));
#1259 = DIRECTION('',(0.,-0.,1.));
#1260 = DIRECTION('',(-1.,0.,0.));
#1261 = ORIENTED_EDGE('',*,*,#260,.F.);
#1262 = ORIENTED_EDGE('',*,*,#1263,.T.);
#1263 = EDGE_CURVE('',#261,#157,#1264,.T.);
#1264 = CIRCLE('',#1265,2.E-02);
#1265 = AXIS2_PLACEMENT_3D('',#1266,#1267,#1268);
#1266 = CARTESIAN_POINT('',(-0.78,0.431159223263,0.37));
#1267 = DIRECTION('',(0.,0.,-1.));
#1268 = DIRECTION('',(-1.,0.,0.));
#1269 = CYLINDRICAL_SURFACE('',#1270,2.E-02);
#1270 = AXIS2_PLACEMENT_3D('',#1271,#1272,#1273);
#1271 = CARTESIAN_POINT('',(-0.78,0.431159223263,0.));
#1272 = DIRECTION('',(0.,0.,-1.));
#1273 = DIRECTION('',(-1.,0.,0.));
#1274 = ADVANCED_FACE('',(#1275),#1293,.T.);
#1275 = FACE_BOUND('',#1276,.T.);
#1276 = EDGE_LOOP('',(#1277,#1278,#1285,#1286));
#1277 = ORIENTED_EDGE('',*,*,#498,.F.);
#1278 = ORIENTED_EDGE('',*,*,#1279,.T.);
#1279 = EDGE_CURVE('',#491,#101,#1280,.T.);
#1280 = CIRCLE('',#1281,2.E-02);
#1281 = AXIS2_PLACEMENT_3D('',#1282,#1283,#1284);
#1282 = CARTESIAN_POINT('',(0.78,0.431159223263,0.37));
#1283 = DIRECTION('',(0.,0.,-1.));
#1284 = DIRECTION('',(1.,0.,0.));
#1285 = ORIENTED_EDGE('',*,*,#98,.F.);
#1286 = ORIENTED_EDGE('',*,*,#1287,.T.);
#1287 = EDGE_CURVE('',#99,#499,#1288,.T.);
#1288 = CIRCLE('',#1289,2.E-02);
#1289 = AXIS2_PLACEMENT_3D('',#1290,#1291,#1292);
#1290 = CARTESIAN_POINT('',(0.78,0.431159223263,-0.37));
#1291 = DIRECTION('',(0.,-0.,1.));
#1292 = DIRECTION('',(1.,0.,0.));
#1293 = CYLINDRICAL_SURFACE('',#1294,2.E-02);
#1294 = AXIS2_PLACEMENT_3D('',#1295,#1296,#1297);
#1295 = CARTESIAN_POINT('',(0.78,0.431159223263,0.));
#1296 = DIRECTION('',(0.,-0.,1.));
#1297 = DIRECTION('',(1.,0.,0.));
#1298 = ADVANCED_FACE('',(#1299),#1317,.T.);
#1299 = FACE_BOUND('',#1300,.T.);
#1300 = EDGE_LOOP('',(#1301,#1302,#1309,#1310));
#1301 = ORIENTED_EDGE('',*,*,#596,.F.);
#1302 = ORIENTED_EDGE('',*,*,#1303,.T.);
#1303 = EDGE_CURVE('',#589,#483,#1304,.T.);
#1304 = CIRCLE('',#1305,2.E-02);
#1305 = AXIS2_PLACEMENT_3D('',#1306,#1307,#1308);
#1306 = CARTESIAN_POINT('',(0.52,0.431159223263,0.37));
#1307 = DIRECTION('',(-1.355252715607E-16,0.,-1.));
#1308 = DIRECTION('',(1.,0.,-1.355252715607E-16));
#1309 = ORIENTED_EDGE('',*,*,#480,.F.);
#1310 = ORIENTED_EDGE('',*,*,#1311,.T.);
#1311 = EDGE_CURVE('',#481,#597,#1312,.T.);
#1312 = CIRCLE('',#1313,2.E-02);
#1313 = AXIS2_PLACEMENT_3D('',#1314,#1315,#1316);
#1314 = CARTESIAN_POINT('',(0.52,0.431159223263,-0.37));
#1315 = DIRECTION('',(1.355252715607E-16,-0.,1.));
#1316 = DIRECTION('',(1.,0.,-1.355252715607E-16));
#1317 = CYLINDRICAL_SURFACE('',#1318,2.E-02);
#1318 = AXIS2_PLACEMENT_3D('',#1319,#1320,#1321);
#1319 = CARTESIAN_POINT('',(0.52,0.431159223263,9.6));
#1320 = DIRECTION('',(1.355252715607E-16,-0.,1.));
#1321 = DIRECTION('',(1.,0.,-1.355252715607E-16));
#1322 = ADVANCED_FACE('',(#1323),#1341,.T.);
#1323 = FACE_BOUND('',#1324,.T.);
#1324 = EDGE_LOOP('',(#1325,#1326,#1333,#1334));
#1325 = ORIENTED_EDGE('',*,*,#376,.F.);
#1326 = ORIENTED_EDGE('',*,*,#1327,.T.);
#1327 = EDGE_CURVE('',#369,#141,#1328,.T.);
#1328 = CIRCLE('',#1329,2.E-02);
#1329 = AXIS2_PLACEMENT_3D('',#1330,#1331,#1332);
#1330 = CARTESIAN_POINT('',(-0.52,0.431159223263,-0.37));
#1331 = DIRECTION('',(1.355252715607E-16,0.,1.));
#1332 = DIRECTION('',(-1.,0.,1.355252715607E-16));
#1333 = ORIENTED_EDGE('',*,*,#138,.F.);
#1334 = ORIENTED_EDGE('',*,*,#1335,.T.);
#1335 = EDGE_CURVE('',#139,#377,#1336,.T.);
#1336 = CIRCLE('',#1337,2.E-02);
#1337 = AXIS2_PLACEMENT_3D('',#1338,#1339,#1340);
#1338 = CARTESIAN_POINT('',(-0.52,0.431159223263,0.37));
#1339 = DIRECTION('',(-1.355252715607E-16,0.,-1.));
#1340 = DIRECTION('',(-1.,0.,1.355252715607E-16));
#1341 = CYLINDRICAL_SURFACE('',#1342,2.E-02);
#1342 = AXIS2_PLACEMENT_3D('',#1343,#1344,#1345);
#1343 = CARTESIAN_POINT('',(-0.52,0.431159223263,9.6));
#1344 = DIRECTION('',(-1.355252715607E-16,0.,-1.));
#1345 = DIRECTION('',(-1.,0.,1.355252715607E-16));
#1346 = ADVANCED_FACE('',(#1347),#1357,.T.);
#1347 = FACE_BOUND('',#1348,.T.);
#1348 = EDGE_LOOP('',(#1349,#1350,#1351,#1352,#1353,#1354,#1355,#1356));
#1349 = ORIENTED_EDGE('',*,*,#1073,.F.);
#1350 = ORIENTED_EDGE('',*,*,#628,.F.);
#1351 = ORIENTED_EDGE('',*,*,#984,.F.);
#1352 = ORIENTED_EDGE('',*,*,#1057,.F.);
#1353 = ORIENTED_EDGE('',*,*,#343,.F.);
#1354 = ORIENTED_EDGE('',*,*,#699,.F.);
#1355 = ORIENTED_EDGE('',*,*,#546,.F.);
#1356 = ORIENTED_EDGE('',*,*,#1130,.F.);
#1357 = CYLINDRICAL_SURFACE('',#1358,2.E-02);
#1358 = AXIS2_PLACEMENT_3D('',#1359,#1360,#1361);
#1359 = CARTESIAN_POINT('',(4.524355922825E-17,5.E-02,0.38));
#1360 = DIRECTION('',(1.,0.,-1.355252715607E-16));
#1361 = DIRECTION('',(-1.355252715607E-16,0.,-1.));
#1362 = ADVANCED_FACE('',(#1363),#1403,.T.);
#1363 = FACE_BOUND('',#1364,.T.);
#1364 = EDGE_LOOP('',(#1365,#1366,#1382,#1383,#1399,#1400,#1401,#1402));
#1365 = ORIENTED_EDGE('',*,*,#1123,.F.);
#1366 = ORIENTED_EDGE('',*,*,#1367,.T.);
#1367 = EDGE_CURVE('',#1116,#731,#1368,.T.);
#1368 = B_SPLINE_CURVE_WITH_KNOTS('',3,(#1369,#1370,#1371,#1372,#1373,
    #1374,#1375,#1376,#1377,#1378,#1379,#1380,#1381),.UNSPECIFIED.,.F.,
  .F.,(4,3,3,3,4),(0.,6.366254740012E-06,1.268961319408E-05,
    1.958900683403E-05,2.102101284705E-05),.UNSPECIFIED.);
#1369 = CARTESIAN_POINT('',(0.52,0.418479731409,0.39));
#1370 = CARTESIAN_POINT('',(0.517877915087,0.418479731409,0.39));
#1371 = CARTESIAN_POINT('',(0.515727974311,0.418692252642,0.389650542373
    ));
#1372 = CARTESIAN_POINT('',(0.513737206348,0.419022745218,0.388994141615
    ));
#1373 = CARTESIAN_POINT('',(0.51175444656,0.419351908335,0.388340381331)
  );
#1374 = CARTESIAN_POINT('',(0.50987096921,0.419796361416,0.387369896505)
  );
#1375 = CARTESIAN_POINT('',(0.508195023443,0.420191984881,0.386144427165
    ));
#1376 = CARTESIAN_POINT('',(0.506373619097,0.420621945273,0.384812596969
    ));
#1377 = CARTESIAN_POINT('',(0.504740520839,0.421004022954,0.383130526038
    ));
#1378 = CARTESIAN_POINT('',(0.503452156224,0.421121211255,0.381232491548
    ));
#1379 = CARTESIAN_POINT('',(0.503180093119,0.421145957831,0.380831684858
    ));
#1380 = CARTESIAN_POINT('',(0.502922018567,0.421159223264,0.380420068469
    ));
#1381 = CARTESIAN_POINT('',(0.502679491854,0.421159223263,0.38));
#1382 = ORIENTED_EDGE('',*,*,#730,.F.);
#1383 = ORIENTED_EDGE('',*,*,#1384,.T.);
#1384 = EDGE_CURVE('',#722,#1008,#1385,.T.);
#1385 = B_SPLINE_CURVE_WITH_KNOTS('',3,(#1386,#1387,#1388,#1389,#1390,
    #1391,#1392,#1393,#1394,#1395,#1396,#1397,#1398),.UNSPECIFIED.,.F.,
  .F.,(4,3,3,3,4),(0.,6.356643474375E-06,1.266128588269E-05,
    1.960191646322E-05,2.102211020103E-05),.UNSPECIFIED.);
#1386 = CARTESIAN_POINT('',(-0.502679491854,0.421159223263,0.38));
#1387 = CARTESIAN_POINT('',(-0.50373893243,0.421159223263,0.381835004912
    ));
#1388 = CARTESIAN_POINT('',(-0.50511234427,0.420899808158,0.383517506864
    ));
#1389 = CARTESIAN_POINT('',(-0.506669942142,0.420547142702,
    0.384910048895));
#1390 = CARTESIAN_POINT('',(-0.508219330076,0.420196336109,
    0.386295250978));
#1391 = CARTESIAN_POINT('',(-0.50999283306,0.419746849971,0.387439977451
    ));
#1392 = CARTESIAN_POINT('',(-0.51188738365,0.419364424295,0.388280740028
    ));
#1393 = CARTESIAN_POINT('',(-0.513963511129,0.418945346303,
    0.389202082693));
#1394 = CARTESIAN_POINT('',(-0.516256688042,0.418605032557,
    0.389781641082));
#1395 = CARTESIAN_POINT('',(-0.518558435162,0.418509661342,
    0.389947979617));
#1396 = CARTESIAN_POINT('',(-0.519037713003,0.418489802814,
    0.389982615209));
#1397 = CARTESIAN_POINT('',(-0.519519062131,0.418479731339,0.39));
#1398 = CARTESIAN_POINT('',(-0.52,0.418479731339,0.39));
#1399 = ORIENTED_EDGE('',*,*,#1007,.F.);
#1400 = ORIENTED_EDGE('',*,*,#992,.F.);
#1401 = ORIENTED_EDGE('',*,*,#644,.F.);
#1402 = ORIENTED_EDGE('',*,*,#1090,.F.);
#1403 = CYLINDRICAL_SURFACE('',#1404,2.E-02);
#1404 = AXIS2_PLACEMENT_3D('',#1405,#1406,#1407);
#1405 = CARTESIAN_POINT('',(0.8,0.401159223263,0.38));
#1406 = DIRECTION('',(-1.,0.,1.355252715607E-16));
#1407 = DIRECTION('',(1.355252715607E-16,0.,1.));
#1408 = ADVANCED_FACE('',(#1409),#1419,.T.);
#1409 = FACE_BOUND('',#1410,.T.);
#1410 = EDGE_LOOP('',(#1411,#1412,#1413,#1414,#1415,#1416,#1417,#1418));
#1411 = ORIENTED_EDGE('',*,*,#563,.F.);
#1412 = ORIENTED_EDGE('',*,*,#706,.F.);
#1413 = ORIENTED_EDGE('',*,*,#326,.F.);
#1414 = ORIENTED_EDGE('',*,*,#934,.F.);
#1415 = ORIENTED_EDGE('',*,*,#877,.F.);
#1416 = ORIENTED_EDGE('',*,*,#668,.F.);
#1417 = ORIENTED_EDGE('',*,*,#788,.F.);
#1418 = ORIENTED_EDGE('',*,*,#861,.F.);
#1419 = CYLINDRICAL_SURFACE('',#1420,2.E-02);
#1420 = AXIS2_PLACEMENT_3D('',#1421,#1422,#1423);
#1421 = CARTESIAN_POINT('',(0.8,5.E-02,-0.38));
#1422 = DIRECTION('',(1.,0.,-1.355252715607E-16));
#1423 = DIRECTION('',(-1.355252715607E-16,-0.,-1.));
#1424 = ADVANCED_FACE('',(#1425),#1465,.T.);
#1425 = FACE_BOUND('',#1426,.T.);
#1426 = EDGE_LOOP('',(#1427,#1428,#1429,#1430,#1431,#1447,#1448,#1464));
#1427 = ORIENTED_EDGE('',*,*,#796,.F.);
#1428 = ORIENTED_EDGE('',*,*,#684,.F.);
#1429 = ORIENTED_EDGE('',*,*,#894,.F.);
#1430 = ORIENTED_EDGE('',*,*,#927,.F.);
#1431 = ORIENTED_EDGE('',*,*,#1432,.T.);
#1432 = EDGE_CURVE('',#920,#756,#1433,.T.);
#1433 = B_SPLINE_CURVE_WITH_KNOTS('',3,(#1434,#1435,#1436,#1437,#1438,
    #1439,#1440,#1441,#1442,#1443,#1444,#1445,#1446),.UNSPECIFIED.,.F.,
  .F.,(4,3,3,3,4),(0.,6.366254740013E-06,1.268961319408E-05,
    1.958900683403E-05,2.102101284705E-05),.UNSPECIFIED.);
#1434 = CARTESIAN_POINT('',(-0.52,0.418479731409,-0.39));
#1435 = CARTESIAN_POINT('',(-0.517877915087,0.418479731409,-0.39));
#1436 = CARTESIAN_POINT('',(-0.515727974311,0.418692252642,
    -0.389650542373));
#1437 = CARTESIAN_POINT('',(-0.513737206348,0.419022745218,
    -0.388994141615));
#1438 = CARTESIAN_POINT('',(-0.51175444656,0.419351908335,
    -0.388340381331));
#1439 = CARTESIAN_POINT('',(-0.50987096921,0.419796361416,
    -0.387369896505));
#1440 = CARTESIAN_POINT('',(-0.508195023443,0.420191984881,
    -0.386144427165));
#1441 = CARTESIAN_POINT('',(-0.506373619097,0.420621945273,
    -0.384812596969));
#1442 = CARTESIAN_POINT('',(-0.504740520839,0.421004022954,
    -0.383130526038));
#1443 = CARTESIAN_POINT('',(-0.503452156224,0.421121211255,
    -0.381232491548));
#1444 = CARTESIAN_POINT('',(-0.503180093119,0.421145957831,
    -0.380831684858));
#1445 = CARTESIAN_POINT('',(-0.502922018567,0.421159223264,
    -0.380420068469));
#1446 = CARTESIAN_POINT('',(-0.502679491854,0.421159223263,-0.38));
#1447 = ORIENTED_EDGE('',*,*,#755,.F.);
#1448 = ORIENTED_EDGE('',*,*,#1449,.T.);
#1449 = EDGE_CURVE('',#747,#812,#1450,.T.);
#1450 = B_SPLINE_CURVE_WITH_KNOTS('',3,(#1451,#1452,#1453,#1454,#1455,
    #1456,#1457,#1458,#1459,#1460,#1461,#1462,#1463),.UNSPECIFIED.,.F.,
  .F.,(4,3,3,3,4),(0.,6.356643474375E-06,1.266128588269E-05,
    1.960191646322E-05,2.102211020103E-05),.UNSPECIFIED.);
#1451 = CARTESIAN_POINT('',(0.502679491854,0.421159223263,-0.38));
#1452 = CARTESIAN_POINT('',(0.50373893243,0.421159223263,-0.381835004912
    ));
#1453 = CARTESIAN_POINT('',(0.50511234427,0.420899808158,-0.383517506864
    ));
#1454 = CARTESIAN_POINT('',(0.506669942142,0.420547142702,
    -0.384910048895));
#1455 = CARTESIAN_POINT('',(0.508219330076,0.420196336109,
    -0.386295250978));
#1456 = CARTESIAN_POINT('',(0.50999283306,0.419746849971,-0.387439977451
    ));
#1457 = CARTESIAN_POINT('',(0.51188738365,0.419364424295,-0.388280740028
    ));
#1458 = CARTESIAN_POINT('',(0.513963511129,0.418945346303,
    -0.389202082693));
#1459 = CARTESIAN_POINT('',(0.516256688042,0.418605032557,
    -0.389781641082));
#1460 = CARTESIAN_POINT('',(0.518558435162,0.418509661342,
    -0.389947979617));
#1461 = CARTESIAN_POINT('',(0.519037713003,0.418489802814,
    -0.389982615209));
#1462 = CARTESIAN_POINT('',(0.519519062131,0.418479731339,-0.39));
#1463 = CARTESIAN_POINT('',(0.52,0.418479731339,-0.39));
#1464 = ORIENTED_EDGE('',*,*,#811,.F.);
#1465 = CYLINDRICAL_SURFACE('',#1466,2.E-02);
#1466 = AXIS2_PLACEMENT_3D('',#1467,#1468,#1469);
#1467 = CARTESIAN_POINT('',(0.5,0.401159223263,-0.38));
#1468 = DIRECTION('',(-1.,0.,1.355252715607E-16));
#1469 = DIRECTION('',(1.355252715607E-16,0.,1.));
#1470 = ADVANCED_FACE('',(#1471),#1483,.T.);
#1471 = FACE_BOUND('',#1472,.T.);
#1472 = EDGE_LOOP('',(#1473,#1474,#1475,#1482));
#1473 = ORIENTED_EDGE('',*,*,#453,.F.);
#1474 = ORIENTED_EDGE('',*,*,#843,.F.);
#1475 = ORIENTED_EDGE('',*,*,#1476,.F.);
#1476 = EDGE_CURVE('',#117,#836,#1477,.T.);
#1477 = CIRCLE('',#1478,2.E-02);
#1478 = AXIS2_PLACEMENT_3D('',#1479,#1480,#1481);
#1479 = CARTESIAN_POINT('',(0.780000008167,0.366367099677,-0.37));
#1480 = DIRECTION('',(-9.037374945073E-04,0.999999183258,
    9.037374945081E-04));
#1481 = DIRECTION('',(6.875789949337E-19,-9.037378635682E-04,
    0.999999591629));
#1482 = ORIENTED_EDGE('',*,*,#1181,.F.);
#1483 = ( BOUNDED_SURFACE() B_SPLINE_SURFACE(3,2,(
    (#1484,#1485,#1486)
    ,(#1487,#1488,#1489)
    ,(#1490,#1491,#1492)
    ,(#1493,#1494,#1495)
    ,(#1496,#1497,#1498)
    ,(#1499,#1500,#1501
)),.UNSPECIFIED.,.F.,.F.,.F.) B_SPLINE_SURFACE_WITH_KNOTS((4,2,4),(3,3),
  (-2.555994843517E-06,2.11482003834E-04,4.255200025114E-04),(0.,1.),
.UNSPECIFIED.) GEOMETRIC_REPRESENTATION_ITEM() RATIONAL_B_SPLINE_SURFACE
((
    (1.,0.707106781187,1.)
    ,(1.,0.707106781187,1.)
    ,(1.,0.707106781187,1.)
    ,(1.,0.707106781187,1.)
    ,(1.,0.707106781187,1.)
,(1.,0.707106781187,1.))) REPRESENTATION_ITEM('') SURFACE() );
#1484 = CARTESIAN_POINT('',(0.799997679794,0.368952516974,-0.37));
#1485 = CARTESIAN_POINT('',(0.799997679794,0.368952516974,-0.39));
#1486 = CARTESIAN_POINT('',(0.779997687962,0.368934442216,-0.39));
#1487 = CARTESIAN_POINT('',(0.800060438935,0.299508580713,-0.37));
#1488 = CARTESIAN_POINT('',(0.800060438933,0.299508583009,-0.39));
#1489 = CARTESIAN_POINT('',(0.780062266676,0.297477119465,-0.39));
#1490 = CARTESIAN_POINT('',(0.811502398894,0.230460249064,-0.37));
#1491 = CARTESIAN_POINT('',(0.81150239134,0.230460246,-0.39));
#1492 = CARTESIAN_POINT('',(0.791899637773,0.225579198854,-0.39));
#1493 = CARTESIAN_POINT('',(0.862519060285,0.10467951173,-0.37));
#1494 = CARTESIAN_POINT('',(0.862519067839,0.104679514794,-0.39));
#1495 = CARTESIAN_POINT('',(0.845054762056,9.452616433881E-02,-0.39));
#1496 = CARTESIAN_POINT('',(0.902726711314,4.703985935541E-02,-0.37));
#1497 = CARTESIAN_POINT('',(0.902726709614,4.703986104718E-02,-0.39));
#1498 = CARTESIAN_POINT('',(0.887064865794,3.440984308069E-02,-0.39));
#1499 = CARTESIAN_POINT('',(0.951807116426,-1.798193120631E-03,-0.37));
#1500 = CARTESIAN_POINT('',(0.951807116426,-1.798193120631E-03,-0.39));
#1501 = CARTESIAN_POINT('',(0.93770002644,-1.597528774984E-02,-0.39));
#1502 = ADVANCED_FACE('',(#1503),#1515,.T.);
#1503 = FACE_BOUND('',#1504,.T.);
#1504 = EDGE_LOOP('',(#1505,#1512,#1513,#1514));
#1505 = ORIENTED_EDGE('',*,*,#1506,.F.);
#1506 = EDGE_CURVE('',#99,#828,#1507,.T.);
#1507 = CIRCLE('',#1508,2.E-02);
#1508 = AXIS2_PLACEMENT_3D('',#1509,#1510,#1511);
#1509 = CARTESIAN_POINT('',(0.78,0.431159223263,-0.37));
#1510 = DIRECTION('',(-0.,1.,0.));
#1511 = DIRECTION('',(0.,0.,1.));
#1512 = ORIENTED_EDGE('',*,*,#124,.F.);
#1513 = ORIENTED_EDGE('',*,*,#1476,.T.);
#1514 = ORIENTED_EDGE('',*,*,#835,.F.);
#1515 = CYLINDRICAL_SURFACE('',#1516,2.E-02);
#1516 = AXIS2_PLACEMENT_3D('',#1517,#1518,#1519);
#1517 = CARTESIAN_POINT('',(0.78,0.,-0.37));
#1518 = DIRECTION('',(0.,1.,0.));
#1519 = DIRECTION('',(0.,-0.,1.));
#1520 = ADVANCED_FACE('',(#1521),#1532,.T.);
#1521 = FACE_BOUND('',#1522,.T.);
#1522 = EDGE_LOOP('',(#1523,#1524,#1525));
#1523 = ORIENTED_EDGE('',*,*,#1287,.F.);
#1524 = ORIENTED_EDGE('',*,*,#1506,.T.);
#1525 = ORIENTED_EDGE('',*,*,#1526,.F.);
#1526 = EDGE_CURVE('',#499,#828,#1527,.T.);
#1527 = CIRCLE('',#1528,2.E-02);
#1528 = AXIS2_PLACEMENT_3D('',#1529,#1530,#1531);
#1529 = CARTESIAN_POINT('',(0.78,0.431159223263,-0.37));
#1530 = DIRECTION('',(-1.,0.,0.));
#1531 = DIRECTION('',(0.,0.,1.));
#1532 = SPHERICAL_SURFACE('',#1533,2.E-02);
#1533 = AXIS2_PLACEMENT_3D('',#1534,#1535,#1536);
#1534 = CARTESIAN_POINT('',(0.78,0.431159223263,-0.37));
#1535 = DIRECTION('',(0.,1.,0.));
#1536 = DIRECTION('',(1.,0.,0.));
#1537 = ADVANCED_FACE('',(#1538),#1550,.T.);
#1538 = FACE_BOUND('',#1539,.T.);
#1539 = EDGE_LOOP('',(#1540,#1547,#1548,#1549));
#1540 = ORIENTED_EDGE('',*,*,#1541,.F.);
#1541 = EDGE_CURVE('',#481,#820,#1542,.T.);
#1542 = CIRCLE('',#1543,2.E-02);
#1543 = AXIS2_PLACEMENT_3D('',#1544,#1545,#1546);
#1544 = CARTESIAN_POINT('',(0.52,0.431159223263,-0.37));
#1545 = DIRECTION('',(-1.,0.,-5.421010862428E-15));
#1546 = DIRECTION('',(-5.421010862428E-15,0.,1.));
#1547 = ORIENTED_EDGE('',*,*,#506,.F.);
#1548 = ORIENTED_EDGE('',*,*,#1526,.T.);
#1549 = ORIENTED_EDGE('',*,*,#827,.F.);
#1550 = CYLINDRICAL_SURFACE('',#1551,2.E-02);
#1551 = AXIS2_PLACEMENT_3D('',#1552,#1553,#1554);
#1552 = CARTESIAN_POINT('',(-7.494045571856E-17,0.431159223263,-0.37));
#1553 = DIRECTION('',(1.,0.,-2.007781800899E-16));
#1554 = DIRECTION('',(-2.007781800899E-16,0.,-1.));
#1555 = ADVANCED_FACE('',(#1556),#1567,.T.);
#1556 = FACE_BOUND('',#1557,.T.);
#1557 = EDGE_LOOP('',(#1558,#1559,#1560));
#1558 = ORIENTED_EDGE('',*,*,#1311,.F.);
#1559 = ORIENTED_EDGE('',*,*,#1541,.T.);
#1560 = ORIENTED_EDGE('',*,*,#1561,.F.);
#1561 = EDGE_CURVE('',#597,#820,#1562,.T.);
#1562 = CIRCLE('',#1563,2.E-02);
#1563 = AXIS2_PLACEMENT_3D('',#1564,#1565,#1566);
#1564 = CARTESIAN_POINT('',(0.52,0.431159223263,-0.37));
#1565 = DIRECTION('',(0.,-1.,-0.));
#1566 = DIRECTION('',(0.,0.,-1.));
#1567 = SPHERICAL_SURFACE('',#1568,2.E-02);
#1568 = AXIS2_PLACEMENT_3D('',#1569,#1570,#1571);
#1569 = CARTESIAN_POINT('',(0.52,0.431159223263,-0.37));
#1570 = DIRECTION('',(0.,1.,0.));
#1571 = DIRECTION('',(1.,0.,0.));
#1572 = ADVANCED_FACE('',(#1573),#1580,.T.);
#1573 = FACE_BOUND('',#1574,.T.);
#1574 = EDGE_LOOP('',(#1575,#1576,#1577,#1578,#1579));
#1575 = ORIENTED_EDGE('',*,*,#746,.F.);
#1576 = ORIENTED_EDGE('',*,*,#604,.F.);
#1577 = ORIENTED_EDGE('',*,*,#1561,.T.);
#1578 = ORIENTED_EDGE('',*,*,#819,.F.);
#1579 = ORIENTED_EDGE('',*,*,#1449,.F.);
#1580 = CYLINDRICAL_SURFACE('',#1581,2.E-02);
#1581 = AXIS2_PLACEMENT_3D('',#1582,#1583,#1584);
#1582 = CARTESIAN_POINT('',(0.52,0.,-0.37));
#1583 = DIRECTION('',(0.,-1.,0.));
#1584 = DIRECTION('',(0.,0.,-1.));
#1585 = ADVANCED_FACE('',(#1586),#1598,.T.);
#1586 = FACE_BOUND('',#1587,.T.);
#1587 = EDGE_LOOP('',(#1588,#1589,#1590,#1597));
#1588 = ORIENTED_EDGE('',*,*,#408,.F.);
#1589 = ORIENTED_EDGE('',*,*,#1171,.F.);
#1590 = ORIENTED_EDGE('',*,*,#1591,.F.);
#1591 = EDGE_CURVE('',#1146,#109,#1592,.T.);
#1592 = CIRCLE('',#1593,2.E-02);
#1593 = AXIS2_PLACEMENT_3D('',#1594,#1595,#1596);
#1594 = CARTESIAN_POINT('',(0.779999991833,0.366385174427,0.37));
#1595 = DIRECTION('',(-3.690595582954E-10,1.,0.));
#1596 = DIRECTION('',(-1.,-3.690595582954E-10,0.));
#1597 = ORIENTED_EDGE('',*,*,#1145,.F.);
#1598 = ( BOUNDED_SURFACE() B_SPLINE_SURFACE(3,2,(
    (#1599,#1600,#1601)
    ,(#1602,#1603,#1604)
    ,(#1605,#1606,#1607)
    ,(#1608,#1609,#1610)
    ,(#1611,#1612,#1613)
    ,(#1614,#1615,#1616
)),.UNSPECIFIED.,.F.,.F.,.F.) B_SPLINE_SURFACE_WITH_KNOTS((4,2,4),(3,3),
  (-2.555994843517E-06,2.11482003834E-04,4.255200025114E-04),(0.,1.),
.UNSPECIFIED.) GEOMETRIC_REPRESENTATION_ITEM() RATIONAL_B_SPLINE_SURFACE
((
    (1.,0.707106781187,1.)
    ,(1.,0.707106781187,1.)
    ,(1.,0.707106781187,1.)
    ,(1.,0.707106781187,1.)
    ,(1.,0.707106781187,1.)
,(1.,0.707106781187,1.))) REPRESENTATION_ITEM('') SURFACE() );
#1599 = CARTESIAN_POINT('',(0.779997687962,0.368934442216,0.39));
#1600 = CARTESIAN_POINT('',(0.799997679794,0.368952516974,0.39));
#1601 = CARTESIAN_POINT('',(0.799997679794,0.368952516974,0.37));
#1602 = CARTESIAN_POINT('',(0.780062266676,0.297477119465,0.39));
#1603 = CARTESIAN_POINT('',(0.800060438933,0.299508583009,0.39));
#1604 = CARTESIAN_POINT('',(0.800060438935,0.299508580713,0.37));
#1605 = CARTESIAN_POINT('',(0.791899637773,0.225579198854,0.39));
#1606 = CARTESIAN_POINT('',(0.81150239134,0.230460246,0.39));
#1607 = CARTESIAN_POINT('',(0.811502398894,0.230460249064,0.37));
#1608 = CARTESIAN_POINT('',(0.845054762056,9.452616433881E-02,0.39));
#1609 = CARTESIAN_POINT('',(0.862519067839,0.104679514794,0.39));
#1610 = CARTESIAN_POINT('',(0.862519060285,0.10467951173,0.37));
#1611 = CARTESIAN_POINT('',(0.887064865794,3.440984308069E-02,0.39));
#1612 = CARTESIAN_POINT('',(0.902726709614,4.703986104718E-02,0.39));
#1613 = CARTESIAN_POINT('',(0.902726711314,4.703985935541E-02,0.37));
#1614 = CARTESIAN_POINT('',(0.93770002644,-1.597528774984E-02,0.39));
#1615 = CARTESIAN_POINT('',(0.951807116426,-1.798193120631E-03,0.39));
#1616 = CARTESIAN_POINT('',(0.951807116426,-1.798193120631E-03,0.37));
#1617 = ADVANCED_FACE('',(#1618),#1630,.T.);
#1618 = FACE_BOUND('',#1619,.T.);
#1619 = EDGE_LOOP('',(#1620,#1621,#1622,#1629));
#1620 = ORIENTED_EDGE('',*,*,#1591,.T.);
#1621 = ORIENTED_EDGE('',*,*,#108,.F.);
#1622 = ORIENTED_EDGE('',*,*,#1623,.F.);
#1623 = EDGE_CURVE('',#1106,#101,#1624,.T.);
#1624 = CIRCLE('',#1625,2.E-02);
#1625 = AXIS2_PLACEMENT_3D('',#1626,#1627,#1628);
#1626 = CARTESIAN_POINT('',(0.78,0.431159223263,0.37));
#1627 = DIRECTION('',(0.,1.,0.));
#1628 = DIRECTION('',(0.,-0.,1.));
#1629 = ORIENTED_EDGE('',*,*,#1156,.F.);
#1630 = CYLINDRICAL_SURFACE('',#1631,2.E-02);
#1631 = AXIS2_PLACEMENT_3D('',#1632,#1633,#1634);
#1632 = CARTESIAN_POINT('',(0.78,0.,0.37));
#1633 = DIRECTION('',(0.,1.,0.));
#1634 = DIRECTION('',(0.,-0.,1.));
#1635 = ADVANCED_FACE('',(#1636),#1647,.T.);
#1636 = FACE_BOUND('',#1637,.T.);
#1637 = EDGE_LOOP('',(#1638,#1639,#1640));
#1638 = ORIENTED_EDGE('',*,*,#1623,.T.);
#1639 = ORIENTED_EDGE('',*,*,#1279,.F.);
#1640 = ORIENTED_EDGE('',*,*,#1641,.F.);
#1641 = EDGE_CURVE('',#1106,#491,#1642,.T.);
#1642 = CIRCLE('',#1643,2.E-02);
#1643 = AXIS2_PLACEMENT_3D('',#1644,#1645,#1646);
#1644 = CARTESIAN_POINT('',(0.78,0.431159223263,0.37));
#1645 = DIRECTION('',(-1.,0.,0.));
#1646 = DIRECTION('',(0.,0.,1.));
#1647 = SPHERICAL_SURFACE('',#1648,2.E-02);
#1648 = AXIS2_PLACEMENT_3D('',#1649,#1650,#1651);
#1649 = CARTESIAN_POINT('',(0.78,0.431159223263,0.37));
#1650 = DIRECTION('',(0.,1.,0.));
#1651 = DIRECTION('',(1.,0.,0.));
#1652 = ADVANCED_FACE('',(#1653),#1665,.T.);
#1653 = FACE_BOUND('',#1654,.T.);
#1654 = EDGE_LOOP('',(#1655,#1656,#1657,#1664));
#1655 = ORIENTED_EDGE('',*,*,#1641,.T.);
#1656 = ORIENTED_EDGE('',*,*,#490,.F.);
#1657 = ORIENTED_EDGE('',*,*,#1658,.F.);
#1658 = EDGE_CURVE('',#1108,#483,#1659,.T.);
#1659 = CIRCLE('',#1660,2.E-02);
#1660 = AXIS2_PLACEMENT_3D('',#1661,#1662,#1663);
#1661 = CARTESIAN_POINT('',(0.52,0.431159223263,0.37));
#1662 = DIRECTION('',(-1.,0.,0.));
#1663 = DIRECTION('',(0.,0.,1.));
#1664 = ORIENTED_EDGE('',*,*,#1105,.F.);
#1665 = CYLINDRICAL_SURFACE('',#1666,2.E-02);
#1666 = AXIS2_PLACEMENT_3D('',#1667,#1668,#1669);
#1667 = CARTESIAN_POINT('',(0.,0.431159223263,0.37));
#1668 = DIRECTION('',(1.,0.,0.));
#1669 = DIRECTION('',(0.,0.,-1.));
#1670 = ADVANCED_FACE('',(#1671),#1682,.T.);
#1671 = FACE_BOUND('',#1672,.T.);
#1672 = EDGE_LOOP('',(#1673,#1674,#1675));
#1673 = ORIENTED_EDGE('',*,*,#1658,.T.);
#1674 = ORIENTED_EDGE('',*,*,#1303,.F.);
#1675 = ORIENTED_EDGE('',*,*,#1676,.F.);
#1676 = EDGE_CURVE('',#1108,#589,#1677,.T.);
#1677 = CIRCLE('',#1678,2.E-02);
#1678 = AXIS2_PLACEMENT_3D('',#1679,#1680,#1681);
#1679 = CARTESIAN_POINT('',(0.52,0.431159223263,0.37));
#1680 = DIRECTION('',(-0.,-1.,0.));
#1681 = DIRECTION('',(-0.,0.,-1.));
#1682 = SPHERICAL_SURFACE('',#1683,2.E-02);
#1683 = AXIS2_PLACEMENT_3D('',#1684,#1685,#1686);
#1684 = CARTESIAN_POINT('',(0.52,0.431159223263,0.37));
#1685 = DIRECTION('',(0.,1.,0.));
#1686 = DIRECTION('',(1.,0.,0.));
#1687 = ADVANCED_FACE('',(#1688),#1695,.T.);
#1688 = FACE_BOUND('',#1689,.T.);
#1689 = EDGE_LOOP('',(#1690,#1691,#1692,#1693,#1694));
#1690 = ORIENTED_EDGE('',*,*,#1676,.T.);
#1691 = ORIENTED_EDGE('',*,*,#588,.F.);
#1692 = ORIENTED_EDGE('',*,*,#738,.F.);
#1693 = ORIENTED_EDGE('',*,*,#1367,.F.);
#1694 = ORIENTED_EDGE('',*,*,#1115,.F.);
#1695 = CYLINDRICAL_SURFACE('',#1696,2.E-02);
#1696 = AXIS2_PLACEMENT_3D('',#1697,#1698,#1699);
#1697 = CARTESIAN_POINT('',(0.52,0.,0.37));
#1698 = DIRECTION('',(0.,-1.,0.));
#1699 = DIRECTION('',(0.,0.,-1.));
#1700 = ADVANCED_FACE('',(#1701),#1713,.T.);
#1701 = FACE_BOUND('',#1702,.T.);
#1702 = EDGE_LOOP('',(#1703,#1704,#1705,#1712));
#1703 = ORIENTED_EDGE('',*,*,#188,.F.);
#1704 = ORIENTED_EDGE('',*,*,#1201,.F.);
#1705 = ORIENTED_EDGE('',*,*,#1706,.F.);
#1706 = EDGE_CURVE('',#950,#271,#1707,.T.);
#1707 = CIRCLE('',#1708,2.E-02);
#1708 = AXIS2_PLACEMENT_3D('',#1709,#1710,#1711);
#1709 = CARTESIAN_POINT('',(-0.779999991833,0.366385174427,-0.37));
#1710 = DIRECTION('',(3.690595582954E-10,1.,0.));
#1711 = DIRECTION('',(-1.,3.690595582954E-10,0.));
#1712 = ORIENTED_EDGE('',*,*,#949,.F.);
#1713 = ( BOUNDED_SURFACE() B_SPLINE_SURFACE(3,2,(
    (#1714,#1715,#1716)
    ,(#1717,#1718,#1719)
    ,(#1720,#1721,#1722)
    ,(#1723,#1724,#1725)
    ,(#1726,#1727,#1728)
    ,(#1729,#1730,#1731
)),.UNSPECIFIED.,.F.,.F.,.F.) B_SPLINE_SURFACE_WITH_KNOTS((4,2,4),(3,3),
  (-2.555994843517E-06,2.11482003834E-04,4.255200025114E-04),(0.,1.),
.UNSPECIFIED.) GEOMETRIC_REPRESENTATION_ITEM() RATIONAL_B_SPLINE_SURFACE
((
    (1.,0.707106781187,1.)
    ,(1.,0.707106781187,1.)
    ,(1.,0.707106781187,1.)
    ,(1.,0.707106781187,1.)
    ,(1.,0.707106781187,1.)
,(1.,0.707106781187,1.))) REPRESENTATION_ITEM('') SURFACE() );
#1714 = CARTESIAN_POINT('',(-0.779997687962,0.368934442216,-0.39));
#1715 = CARTESIAN_POINT('',(-0.799997679794,0.368952516974,-0.39));
#1716 = CARTESIAN_POINT('',(-0.799997679794,0.368952516974,-0.37));
#1717 = CARTESIAN_POINT('',(-0.780062266676,0.297477119465,-0.39));
#1718 = CARTESIAN_POINT('',(-0.800060438933,0.299508583009,-0.39));
#1719 = CARTESIAN_POINT('',(-0.800060438935,0.299508580713,-0.37));
#1720 = CARTESIAN_POINT('',(-0.791899637773,0.225579198854,-0.39));
#1721 = CARTESIAN_POINT('',(-0.81150239134,0.230460246,-0.39));
#1722 = CARTESIAN_POINT('',(-0.811502398894,0.230460249064,-0.37));
#1723 = CARTESIAN_POINT('',(-0.845054762056,9.452616433882E-02,-0.39));
#1724 = CARTESIAN_POINT('',(-0.862519067839,0.104679514794,-0.39));
#1725 = CARTESIAN_POINT('',(-0.862519060285,0.10467951173,-0.37));
#1726 = CARTESIAN_POINT('',(-0.887064865794,3.440984308069E-02,-0.39));
#1727 = CARTESIAN_POINT('',(-0.902726709614,4.703986104718E-02,-0.39));
#1728 = CARTESIAN_POINT('',(-0.902726711314,4.703985935541E-02,-0.37));
#1729 = CARTESIAN_POINT('',(-0.93770002644,-1.597528774984E-02,-0.39));
#1730 = CARTESIAN_POINT('',(-0.951807116426,-1.798193120631E-03,-0.39));
#1731 = CARTESIAN_POINT('',(-0.951807116426,-1.798193120631E-03,-0.37));
#1732 = ADVANCED_FACE('',(#1733),#1745,.T.);
#1733 = FACE_BOUND('',#1734,.T.);
#1734 = EDGE_LOOP('',(#1735,#1736,#1737,#1744));
#1735 = ORIENTED_EDGE('',*,*,#1706,.T.);
#1736 = ORIENTED_EDGE('',*,*,#270,.F.);
#1737 = ORIENTED_EDGE('',*,*,#1738,.F.);
#1738 = EDGE_CURVE('',#910,#263,#1739,.T.);
#1739 = CIRCLE('',#1740,2.E-02);
#1740 = AXIS2_PLACEMENT_3D('',#1741,#1742,#1743);
#1741 = CARTESIAN_POINT('',(-0.78,0.431159223263,-0.37));
#1742 = DIRECTION('',(0.,1.,0.));
#1743 = DIRECTION('',(0.,-0.,1.));
#1744 = ORIENTED_EDGE('',*,*,#960,.F.);
#1745 = CYLINDRICAL_SURFACE('',#1746,2.E-02);
#1746 = AXIS2_PLACEMENT_3D('',#1747,#1748,#1749);
#1747 = CARTESIAN_POINT('',(-0.78,-4.963198370139E-31,-0.37));
#1748 = DIRECTION('',(0.,1.,-1.306104834247E-30));
#1749 = DIRECTION('',(0.,1.306104834247E-30,1.));
#1750 = ADVANCED_FACE('',(#1751),#1762,.T.);
#1751 = FACE_BOUND('',#1752,.T.);
#1752 = EDGE_LOOP('',(#1753,#1754,#1755));
#1753 = ORIENTED_EDGE('',*,*,#1738,.T.);
#1754 = ORIENTED_EDGE('',*,*,#1255,.F.);
#1755 = ORIENTED_EDGE('',*,*,#1756,.F.);
#1756 = EDGE_CURVE('',#910,#149,#1757,.T.);
#1757 = CIRCLE('',#1758,2.E-02);
#1758 = AXIS2_PLACEMENT_3D('',#1759,#1760,#1761);
#1759 = CARTESIAN_POINT('',(-0.78,0.431159223263,-0.37));
#1760 = DIRECTION('',(1.,-0.,0.));
#1761 = DIRECTION('',(0.,0.,-1.));
#1762 = SPHERICAL_SURFACE('',#1763,2.E-02);
#1763 = AXIS2_PLACEMENT_3D('',#1764,#1765,#1766);
#1764 = CARTESIAN_POINT('',(-0.78,0.431159223263,-0.37));
#1765 = DIRECTION('',(0.,1.,0.));
#1766 = DIRECTION('',(1.,0.,0.));
#1767 = ADVANCED_FACE('',(#1768),#1780,.T.);
#1768 = FACE_BOUND('',#1769,.T.);
#1769 = EDGE_LOOP('',(#1770,#1771,#1772,#1779));
#1770 = ORIENTED_EDGE('',*,*,#1756,.T.);
#1771 = ORIENTED_EDGE('',*,*,#148,.F.);
#1772 = ORIENTED_EDGE('',*,*,#1773,.F.);
#1773 = EDGE_CURVE('',#912,#141,#1774,.T.);
#1774 = CIRCLE('',#1775,2.E-02);
#1775 = AXIS2_PLACEMENT_3D('',#1776,#1777,#1778);
#1776 = CARTESIAN_POINT('',(-0.52,0.431159223263,-0.37));
#1777 = DIRECTION('',(1.,-0.,0.));
#1778 = DIRECTION('',(0.,0.,-1.));
#1779 = ORIENTED_EDGE('',*,*,#909,.F.);
#1780 = CYLINDRICAL_SURFACE('',#1781,2.E-02);
#1781 = AXIS2_PLACEMENT_3D('',#1782,#1783,#1784);
#1782 = CARTESIAN_POINT('',(-6.731088487514E-17,0.431159223263,-0.37));
#1783 = DIRECTION('',(-1.,0.,1.807003620809E-16));
#1784 = DIRECTION('',(1.807003620809E-16,0.,1.));
#1785 = ADVANCED_FACE('',(#1786),#1797,.T.);
#1786 = FACE_BOUND('',#1787,.T.);
#1787 = EDGE_LOOP('',(#1788,#1789,#1790));
#1788 = ORIENTED_EDGE('',*,*,#1773,.T.);
#1789 = ORIENTED_EDGE('',*,*,#1327,.F.);
#1790 = ORIENTED_EDGE('',*,*,#1791,.F.);
#1791 = EDGE_CURVE('',#912,#369,#1792,.T.);
#1792 = CIRCLE('',#1793,2.E-02);
#1793 = AXIS2_PLACEMENT_3D('',#1794,#1795,#1796);
#1794 = CARTESIAN_POINT('',(-0.52,0.431159223263,-0.37));
#1795 = DIRECTION('',(8.131516293641E-15,-1.,0.));
#1796 = DIRECTION('',(1.,8.131516293641E-15,0.));
#1797 = SPHERICAL_SURFACE('',#1798,2.E-02);
#1798 = AXIS2_PLACEMENT_3D('',#1799,#1800,#1801);
#1799 = CARTESIAN_POINT('',(-0.52,0.431159223263,-0.37));
#1800 = DIRECTION('',(0.,1.,0.));
#1801 = DIRECTION('',(1.,0.,0.));
#1802 = ADVANCED_FACE('',(#1803),#1810,.T.);
#1803 = FACE_BOUND('',#1804,.T.);
#1804 = EDGE_LOOP('',(#1805,#1806,#1807,#1808,#1809));
#1805 = ORIENTED_EDGE('',*,*,#1791,.T.);
#1806 = ORIENTED_EDGE('',*,*,#368,.F.);
#1807 = ORIENTED_EDGE('',*,*,#763,.F.);
#1808 = ORIENTED_EDGE('',*,*,#1432,.F.);
#1809 = ORIENTED_EDGE('',*,*,#919,.F.);
#1810 = CYLINDRICAL_SURFACE('',#1811,2.E-02);
#1811 = AXIS2_PLACEMENT_3D('',#1812,#1813,#1814);
#1812 = CARTESIAN_POINT('',(-0.52,-3.758567531283E-15,-0.37));
#1813 = DIRECTION('',(7.228014483237E-15,-1.,0.));
#1814 = DIRECTION('',(1.,7.228014483237E-15,0.));
#1815 = ADVANCED_FACE('',(#1816),#1828,.T.);
#1816 = FACE_BOUND('',#1817,.T.);
#1817 = EDGE_LOOP('',(#1818,#1819,#1820,#1827));
#1818 = ORIENTED_EDGE('',*,*,#233,.F.);
#1819 = ORIENTED_EDGE('',*,*,#1039,.F.);
#1820 = ORIENTED_EDGE('',*,*,#1821,.F.);
#1821 = EDGE_CURVE('',#279,#1032,#1822,.T.);
#1822 = CIRCLE('',#1823,2.E-02);
#1823 = AXIS2_PLACEMENT_3D('',#1824,#1825,#1826);
#1824 = CARTESIAN_POINT('',(-0.780000008167,0.366367099677,0.37));
#1825 = DIRECTION('',(9.037374945073E-04,0.999999183258,
    -9.037374945081E-04));
#1826 = DIRECTION('',(6.852496543287E-19,9.037378635682E-04,
    0.999999591629));
#1827 = ORIENTED_EDGE('',*,*,#1211,.F.);
#1828 = ( BOUNDED_SURFACE() B_SPLINE_SURFACE(3,2,(
    (#1829,#1830,#1831)
    ,(#1832,#1833,#1834)
    ,(#1835,#1836,#1837)
    ,(#1838,#1839,#1840)
    ,(#1841,#1842,#1843)
    ,(#1844,#1845,#1846
)),.UNSPECIFIED.,.F.,.F.,.F.) B_SPLINE_SURFACE_WITH_KNOTS((4,2,4),(3,3),
  (-2.555994843517E-06,2.11482003834E-04,4.255200025114E-04),(0.,1.),
.UNSPECIFIED.) GEOMETRIC_REPRESENTATION_ITEM() RATIONAL_B_SPLINE_SURFACE
((
    (1.,0.707106781187,1.)
    ,(1.,0.707106781187,1.)
    ,(1.,0.707106781187,1.)
    ,(1.,0.707106781187,1.)
    ,(1.,0.707106781187,1.)
,(1.,0.707106781187,1.))) REPRESENTATION_ITEM('') SURFACE() );
#1829 = CARTESIAN_POINT('',(-0.799997679794,0.368952516974,0.37));
#1830 = CARTESIAN_POINT('',(-0.799997679794,0.368952516974,0.39));
#1831 = CARTESIAN_POINT('',(-0.779997687962,0.368934442216,0.39));
#1832 = CARTESIAN_POINT('',(-0.800060438935,0.299508580713,0.37));
#1833 = CARTESIAN_POINT('',(-0.800060438933,0.299508583009,0.39));
#1834 = CARTESIAN_POINT('',(-0.780062266676,0.297477119465,0.39));
#1835 = CARTESIAN_POINT('',(-0.811502398894,0.230460249064,0.37));
#1836 = CARTESIAN_POINT('',(-0.81150239134,0.230460246,0.39));
#1837 = CARTESIAN_POINT('',(-0.791899637773,0.225579198854,0.39));
#1838 = CARTESIAN_POINT('',(-0.862519060285,0.10467951173,0.37));
#1839 = CARTESIAN_POINT('',(-0.862519067839,0.104679514794,0.39));
#1840 = CARTESIAN_POINT('',(-0.845054762056,9.452616433882E-02,0.39));
#1841 = CARTESIAN_POINT('',(-0.902726711314,4.703985935541E-02,0.37));
#1842 = CARTESIAN_POINT('',(-0.902726709614,4.703986104718E-02,0.39));
#1843 = CARTESIAN_POINT('',(-0.887064865794,3.440984308069E-02,0.39));
#1844 = CARTESIAN_POINT('',(-0.951807116426,-1.798193120631E-03,0.37));
#1845 = CARTESIAN_POINT('',(-0.951807116426,-1.798193120631E-03,0.39));
#1846 = CARTESIAN_POINT('',(-0.93770002644,-1.597528774984E-02,0.39));
#1847 = ADVANCED_FACE('',(#1848),#1860,.T.);
#1848 = FACE_BOUND('',#1849,.T.);
#1849 = EDGE_LOOP('',(#1850,#1857,#1858,#1859));
#1850 = ORIENTED_EDGE('',*,*,#1851,.F.);
#1851 = EDGE_CURVE('',#261,#1024,#1852,.T.);
#1852 = CIRCLE('',#1853,2.E-02);
#1853 = AXIS2_PLACEMENT_3D('',#1854,#1855,#1856);
#1854 = CARTESIAN_POINT('',(-0.78,0.431159223263,0.37));
#1855 = DIRECTION('',(0.,1.,-0.));
#1856 = DIRECTION('',(0.,0.,1.));
#1857 = ORIENTED_EDGE('',*,*,#286,.F.);
#1858 = ORIENTED_EDGE('',*,*,#1821,.T.);
#1859 = ORIENTED_EDGE('',*,*,#1031,.F.);
#1860 = CYLINDRICAL_SURFACE('',#1861,2.E-02);
#1861 = AXIS2_PLACEMENT_3D('',#1862,#1863,#1864);
#1862 = CARTESIAN_POINT('',(-0.78,0.,0.37));
#1863 = DIRECTION('',(0.,1.,0.));
#1864 = DIRECTION('',(0.,-0.,1.));
#1865 = ADVANCED_FACE('',(#1866),#1877,.T.);
#1866 = FACE_BOUND('',#1867,.T.);
#1867 = EDGE_LOOP('',(#1868,#1869,#1870));
#1868 = ORIENTED_EDGE('',*,*,#1263,.F.);
#1869 = ORIENTED_EDGE('',*,*,#1851,.T.);
#1870 = ORIENTED_EDGE('',*,*,#1871,.F.);
#1871 = EDGE_CURVE('',#157,#1024,#1872,.T.);
#1872 = CIRCLE('',#1873,2.E-02);
#1873 = AXIS2_PLACEMENT_3D('',#1874,#1875,#1876);
#1874 = CARTESIAN_POINT('',(-0.78,0.431159223263,0.37));
#1875 = DIRECTION('',(1.,0.,0.));
#1876 = DIRECTION('',(0.,0.,-1.));
#1877 = SPHERICAL_SURFACE('',#1878,2.E-02);
#1878 = AXIS2_PLACEMENT_3D('',#1879,#1880,#1881);
#1879 = CARTESIAN_POINT('',(-0.78,0.431159223263,0.37));
#1880 = DIRECTION('',(0.,1.,0.));
#1881 = DIRECTION('',(1.,0.,0.));
#1882 = ADVANCED_FACE('',(#1883),#1895,.T.);
#1883 = FACE_BOUND('',#1884,.T.);
#1884 = EDGE_LOOP('',(#1885,#1892,#1893,#1894));
#1885 = ORIENTED_EDGE('',*,*,#1886,.F.);
#1886 = EDGE_CURVE('',#139,#1016,#1887,.T.);
#1887 = CIRCLE('',#1888,2.E-02);
#1888 = AXIS2_PLACEMENT_3D('',#1889,#1890,#1891);
#1889 = CARTESIAN_POINT('',(-0.52,0.431159223263,0.37));
#1890 = DIRECTION('',(1.,-0.,5.421010862428E-15));
#1891 = DIRECTION('',(5.421010862428E-15,0.,-1.));
#1892 = ORIENTED_EDGE('',*,*,#164,.F.);
#1893 = ORIENTED_EDGE('',*,*,#1871,.T.);
#1894 = ORIENTED_EDGE('',*,*,#1023,.F.);
#1895 = CYLINDRICAL_SURFACE('',#1896,2.E-02);
#1896 = AXIS2_PLACEMENT_3D('',#1897,#1898,#1899);
#1897 = CARTESIAN_POINT('',(0.,0.431159223263,0.37));
#1898 = DIRECTION('',(-1.,0.,0.));
#1899 = DIRECTION('',(0.,0.,1.));
#1900 = ADVANCED_FACE('',(#1901),#1912,.T.);
#1901 = FACE_BOUND('',#1902,.T.);
#1902 = EDGE_LOOP('',(#1903,#1904,#1905));
#1903 = ORIENTED_EDGE('',*,*,#1335,.F.);
#1904 = ORIENTED_EDGE('',*,*,#1886,.T.);
#1905 = ORIENTED_EDGE('',*,*,#1906,.F.);
#1906 = EDGE_CURVE('',#377,#1016,#1907,.T.);
#1907 = CIRCLE('',#1908,2.E-02);
#1908 = AXIS2_PLACEMENT_3D('',#1909,#1910,#1911);
#1909 = CARTESIAN_POINT('',(-0.52,0.431159223263,0.37));
#1910 = DIRECTION('',(8.131516293641E-15,-1.,0.));
#1911 = DIRECTION('',(1.,8.131516293641E-15,0.));
#1912 = SPHERICAL_SURFACE('',#1913,2.E-02);
#1913 = AXIS2_PLACEMENT_3D('',#1914,#1915,#1916);
#1914 = CARTESIAN_POINT('',(-0.52,0.431159223263,0.37));
#1915 = DIRECTION('',(0.,1.,0.));
#1916 = DIRECTION('',(1.,0.,0.));
#1917 = ADVANCED_FACE('',(#1918),#1925,.T.);
#1918 = FACE_BOUND('',#1919,.T.);
#1919 = EDGE_LOOP('',(#1920,#1921,#1922,#1923,#1924));
#1920 = ORIENTED_EDGE('',*,*,#721,.F.);
#1921 = ORIENTED_EDGE('',*,*,#384,.F.);
#1922 = ORIENTED_EDGE('',*,*,#1906,.T.);
#1923 = ORIENTED_EDGE('',*,*,#1015,.F.);
#1924 = ORIENTED_EDGE('',*,*,#1384,.F.);
#1925 = CYLINDRICAL_SURFACE('',#1926,2.E-02);
#1926 = AXIS2_PLACEMENT_3D('',#1927,#1928,#1929);
#1927 = CARTESIAN_POINT('',(-0.52,-3.758567531283E-15,0.37));
#1928 = DIRECTION('',(7.228014483237E-15,-1.,-0.));
#1929 = DIRECTION('',(1.,7.228014483237E-15,0.));
#1930 = ( GEOMETRIC_REPRESENTATION_CONTEXT(3) 
GLOBAL_UNCERTAINTY_ASSIGNED_CONTEXT((#1934)) 
GLOBAL_UNIT_ASSIGNED_CONTEXT((#1931,#1932,#1933)) REPRESENTATION_CONTEXT
('Context #1','3D Context with UNIT and UNCERTAINTY') );
#1931 = ( LENGTH_UNIT() NAMED_UNIT(*) SI_UNIT(.MILLI.,.METRE.) );
#1932 = ( NAMED_UNIT(*) PLANE_ANGLE_UNIT() SI_UNIT($,.RADIAN.) );
#1933 = ( NAMED_UNIT(*) SI_UNIT($,.STERADIAN.) SOLID_ANGLE_UNIT() );
#1934 = UNCERTAINTY_MEASURE_WITH_UNIT(LENGTH_MEASURE(2.E-05),#1931,
  'distance_accuracy_value','confusion accuracy');
#1935 = CONTEXT_DEPENDENT_SHAPE_REPRESENTATION(#1936,#1938);
#1936 = ( REPRESENTATION_RELATIONSHIP('','',#91,#68) 
REPRESENTATION_RELATIONSHIP_WITH_TRANSFORMATION(#1937) 
SHAPE_REPRESENTATION_RELATIONSHIP() );
#1937 = ITEM_DEFINED_TRANSFORMATION('','',#11,#69);
#1938 = PRODUCT_DEFINITION_SHAPE('Placement','Placement of an item',
  #1939);
#1939 = NEXT_ASSEMBLY_USAGE_OCCURRENCE('1','=>[0:1:1:3]','',#63,#86,$);
#1940 = PRODUCT_RELATED_PRODUCT_CATEGORY('part',$,(#88));
#1941 = SHAPE_DEFINITION_REPRESENTATION(#1942,#1948);
#1942 = PRODUCT_DEFINITION_SHAPE('','',#1943);
#1943 = PRODUCT_DEFINITION('design','',#1944,#1947);
#1944 = PRODUCT_DEFINITION_FORMATION('','',#1945);
#1945 = PRODUCT('MQ','MQ','',(#1946));
#1946 = PRODUCT_CONTEXT('',#2,'mechanical');
#1947 = PRODUCT_DEFINITION_CONTEXT('part definition',#2,'design');
#1948 = SHAPE_REPRESENTATION('',(#11,#1949),#1953);
#1949 = AXIS2_PLACEMENT_3D('',#1950,#1951,#1952);
#1950 = CARTESIAN_POINT('',(0.,0.,0.));
#1951 = DIRECTION('',(0.,0.,1.));
#1952 = DIRECTION('',(1.,0.,-0.));
#1953 = ( GEOMETRIC_REPRESENTATION_CONTEXT(3) 
GLOBAL_UNCERTAINTY_ASSIGNED_CONTEXT((#1957)) 
GLOBAL_UNIT_ASSIGNED_CONTEXT((#1954,#1955,#1956)) REPRESENTATION_CONTEXT
('Context #1','3D Context with UNIT and UNCERTAINTY') );
#1954 = ( LENGTH_UNIT() NAMED_UNIT(*) SI_UNIT(.MILLI.,.METRE.) );
#1955 = ( NAMED_UNIT(*) PLANE_ANGLE_UNIT() SI_UNIT($,.RADIAN.) );
#1956 = ( NAMED_UNIT(*) SI_UNIT($,.STERADIAN.) SOLID_ANGLE_UNIT() );
#1957 = UNCERTAINTY_MEASURE_WITH_UNIT(LENGTH_MEASURE(1.E-07),#1954,
  'distance_accuracy_value','confusion accuracy');
#1958 = CONTEXT_DEPENDENT_SHAPE_REPRESENTATION(#1959,#1961);
#1959 = ( REPRESENTATION_RELATIONSHIP('','',#1948,#10) 
REPRESENTATION_RELATIONSHIP_WITH_TRANSFORMATION(#1960) 
SHAPE_REPRESENTATION_RELATIONSHIP() );
#1960 = ITEM_DEFINED_TRANSFORMATION('','',#11,#19);
#1961 = PRODUCT_DEFINITION_SHAPE('Placement','Placement of an item',
  #1962);
#1962 = NEXT_ASSEMBLY_USAGE_OCCURRENCE('4','U1','',#5,#1943,$);
#1963 = PRODUCT_RELATED_PRODUCT_CATEGORY('part',$,(#1945));
#1964 = SHAPE_DEFINITION_REPRESENTATION(#1965,#1971);
#1965 = PRODUCT_DEFINITION_SHAPE('','',#1966);
#1966 = PRODUCT_DEFINITION('design','',#1967,#1970);
#1967 = PRODUCT_DEFINITION_FORMATION('','',#1968);
#1968 = PRODUCT('User Library-MQ-5','User Library-MQ-5','',(#1969));
#1969 = PRODUCT_CONTEXT('',#2,'mechanical');
#1970 = PRODUCT_DEFINITION_CONTEXT('part definition',#2,'design');
#1971 = ADVANCED_BREP_SHAPE_REPRESENTATION('',(#11,#1972),#3188);
#1972 = MANIFOLD_SOLID_BREP('',#1973);
#1973 = CLOSED_SHELL('',(#1974,#2018,#2062,#2106,#2150,#2194,#2238,#2270
    ,#2302,#2334,#2366,#2398,#2430,#2472,#2516,#2560,#2598,#2642,#2664,
    #2686,#2710,#2736,#2812,#2836,#2848,#2860,#2876,#2888,#2900,#2912,
    #2930,#2946,#2964,#2980,#2998,#3014,#3032,#3048,#3066,#3082,#3100,
    #3116,#3128,#3140,#3152,#3164,#3176));
#1974 = ADVANCED_FACE('',(#1975),#2013,.T.);
#1975 = FACE_BOUND('',#1976,.T.);
#1976 = EDGE_LOOP('',(#1977,#1988,#1997,#2006));
#1977 = ORIENTED_EDGE('',*,*,#1978,.F.);
#1978 = EDGE_CURVE('',#1979,#1981,#1983,.T.);
#1979 = VERTEX_POINT('',#1980);
#1980 = CARTESIAN_POINT('',(-3.358757210636,-6.8,3.858757210636));
#1981 = VERTEX_POINT('',#1982);
#1982 = CARTESIAN_POINT('',(-3.358757210636,-6.8,2.858757210636));
#1983 = CIRCLE('',#1984,0.5);
#1984 = AXIS2_PLACEMENT_3D('',#1985,#1986,#1987);
#1985 = CARTESIAN_POINT('',(-3.358757210636,-6.8,3.358757210636));
#1986 = DIRECTION('',(-0.,1.,0.));
#1987 = DIRECTION('',(0.,0.,-1.));
#1988 = ORIENTED_EDGE('',*,*,#1989,.T.);
#1989 = EDGE_CURVE('',#1979,#1990,#1992,.T.);
#1990 = VERTEX_POINT('',#1991);
#1991 = CARTESIAN_POINT('',(-3.358757210636,-7.,3.658757210636));
#1992 = CIRCLE('',#1993,0.2);
#1993 = AXIS2_PLACEMENT_3D('',#1994,#1995,#1996);
#1994 = CARTESIAN_POINT('',(-3.358757210636,-6.8,3.658757210636));
#1995 = DIRECTION('',(1.,0.,-1.224646799147E-16));
#1996 = DIRECTION('',(-1.224646799147E-16,-0.,-1.));
#1997 = ORIENTED_EDGE('',*,*,#1998,.F.);
#1998 = EDGE_CURVE('',#1999,#1990,#2001,.T.);
#1999 = VERTEX_POINT('',#2000);
#2000 = CARTESIAN_POINT('',(-3.358757210636,-7.,3.058757210636));
#2001 = CIRCLE('',#2002,0.3);
#2002 = AXIS2_PLACEMENT_3D('',#2003,#2004,#2005);
#2003 = CARTESIAN_POINT('',(-3.358757210636,-7.,3.358757210636));
#2004 = DIRECTION('',(0.,-1.,0.));
#2005 = DIRECTION('',(0.,0.,-1.));
#2006 = ORIENTED_EDGE('',*,*,#2007,.F.);
#2007 = EDGE_CURVE('',#1981,#1999,#2008,.T.);
#2008 = CIRCLE('',#2009,0.2);
#2009 = AXIS2_PLACEMENT_3D('',#2010,#2011,#2012);
#2010 = CARTESIAN_POINT('',(-3.358757210636,-6.8,3.058757210636));
#2011 = DIRECTION('',(-1.,0.,-0.));
#2012 = DIRECTION('',(-0.,0.,1.));
#2013 = TOROIDAL_SURFACE('',#2014,0.3,0.2);
#2014 = AXIS2_PLACEMENT_3D('',#2015,#2016,#2017);
#2015 = CARTESIAN_POINT('',(-3.358757210636,-6.8,3.358757210636));
#2016 = DIRECTION('',(0.,-1.,0.));
#2017 = DIRECTION('',(0.,0.,-1.));
#2018 = ADVANCED_FACE('',(#2019),#2057,.T.);
#2019 = FACE_BOUND('',#2020,.T.);
#2020 = EDGE_LOOP('',(#2021,#2032,#2041,#2050));
#2021 = ORIENTED_EDGE('',*,*,#2022,.F.);
#2022 = EDGE_CURVE('',#2023,#2025,#2027,.T.);
#2023 = VERTEX_POINT('',#2024);
#2024 = CARTESIAN_POINT('',(0.,-6.8,5.25));
#2025 = VERTEX_POINT('',#2026);
#2026 = CARTESIAN_POINT('',(6.123233995737E-17,-6.8,4.25));
#2027 = CIRCLE('',#2028,0.5);
#2028 = AXIS2_PLACEMENT_3D('',#2029,#2030,#2031);
#2029 = CARTESIAN_POINT('',(0.,-6.8,4.75));
#2030 = DIRECTION('',(-0.,1.,0.));
#2031 = DIRECTION('',(0.,0.,-1.));
#2032 = ORIENTED_EDGE('',*,*,#2033,.T.);
#2033 = EDGE_CURVE('',#2023,#2034,#2036,.T.);
#2034 = VERTEX_POINT('',#2035);
#2035 = CARTESIAN_POINT('',(4.898587196589E-17,-7.,5.05));
#2036 = CIRCLE('',#2037,0.2);
#2037 = AXIS2_PLACEMENT_3D('',#2038,#2039,#2040);
#2038 = CARTESIAN_POINT('',(3.673940397442E-17,-6.8,5.05));
#2039 = DIRECTION('',(1.,0.,-1.224646799147E-16));
#2040 = DIRECTION('',(-1.224646799147E-16,0.,-1.));
#2041 = ORIENTED_EDGE('',*,*,#2042,.F.);
#2042 = EDGE_CURVE('',#2043,#2034,#2045,.T.);
#2043 = VERTEX_POINT('',#2044);
#2044 = CARTESIAN_POINT('',(0.,-7.,4.45));
#2045 = CIRCLE('',#2046,0.3);
#2046 = AXIS2_PLACEMENT_3D('',#2047,#2048,#2049);
#2047 = CARTESIAN_POINT('',(0.,-7.,4.75));
#2048 = DIRECTION('',(0.,-1.,0.));
#2049 = DIRECTION('',(0.,0.,-1.));
#2050 = ORIENTED_EDGE('',*,*,#2051,.F.);
#2051 = EDGE_CURVE('',#2025,#2043,#2052,.T.);
#2052 = CIRCLE('',#2053,0.2);
#2053 = AXIS2_PLACEMENT_3D('',#2054,#2055,#2056);
#2054 = CARTESIAN_POINT('',(0.,-6.8,4.45));
#2055 = DIRECTION('',(-1.,0.,-0.));
#2056 = DIRECTION('',(-0.,0.,1.));
#2057 = TOROIDAL_SURFACE('',#2058,0.3,0.2);
#2058 = AXIS2_PLACEMENT_3D('',#2059,#2060,#2061);
#2059 = CARTESIAN_POINT('',(0.,-6.8,4.75));
#2060 = DIRECTION('',(0.,-1.,0.));
#2061 = DIRECTION('',(0.,0.,-1.));
#2062 = ADVANCED_FACE('',(#2063),#2101,.T.);
#2063 = FACE_BOUND('',#2064,.T.);
#2064 = EDGE_LOOP('',(#2065,#2076,#2085,#2094));
#2065 = ORIENTED_EDGE('',*,*,#2066,.F.);
#2066 = EDGE_CURVE('',#2067,#2069,#2071,.T.);
#2067 = VERTEX_POINT('',#2068);
#2068 = CARTESIAN_POINT('',(3.358757210636,-6.8,3.858757210636));
#2069 = VERTEX_POINT('',#2070);
#2070 = CARTESIAN_POINT('',(3.358757210636,-6.8,2.858757210636));
#2071 = CIRCLE('',#2072,0.5);
#2072 = AXIS2_PLACEMENT_3D('',#2073,#2074,#2075);
#2073 = CARTESIAN_POINT('',(3.358757210636,-6.8,3.358757210636));
#2074 = DIRECTION('',(-0.,1.,0.));
#2075 = DIRECTION('',(0.,0.,-1.));
#2076 = ORIENTED_EDGE('',*,*,#2077,.T.);
#2077 = EDGE_CURVE('',#2067,#2078,#2080,.T.);
#2078 = VERTEX_POINT('',#2079);
#2079 = CARTESIAN_POINT('',(3.358757210636,-7.,3.658757210636));
#2080 = CIRCLE('',#2081,0.2);
#2081 = AXIS2_PLACEMENT_3D('',#2082,#2083,#2084);
#2082 = CARTESIAN_POINT('',(3.358757210636,-6.8,3.658757210636));
#2083 = DIRECTION('',(1.,0.,-1.224646799147E-16));
#2084 = DIRECTION('',(-1.224646799147E-16,-0.,-1.));
#2085 = ORIENTED_EDGE('',*,*,#2086,.F.);
#2086 = EDGE_CURVE('',#2087,#2078,#2089,.T.);
#2087 = VERTEX_POINT('',#2088);
#2088 = CARTESIAN_POINT('',(3.358757210636,-7.,3.058757210636));
#2089 = CIRCLE('',#2090,0.3);
#2090 = AXIS2_PLACEMENT_3D('',#2091,#2092,#2093);
#2091 = CARTESIAN_POINT('',(3.358757210636,-7.,3.358757210636));
#2092 = DIRECTION('',(0.,-1.,0.));
#2093 = DIRECTION('',(0.,0.,-1.));
#2094 = ORIENTED_EDGE('',*,*,#2095,.F.);
#2095 = EDGE_CURVE('',#2069,#2087,#2096,.T.);
#2096 = CIRCLE('',#2097,0.2);
#2097 = AXIS2_PLACEMENT_3D('',#2098,#2099,#2100);
#2098 = CARTESIAN_POINT('',(3.358757210636,-6.8,3.058757210636));
#2099 = DIRECTION('',(-1.,0.,-0.));
#2100 = DIRECTION('',(-0.,0.,1.));
#2101 = TOROIDAL_SURFACE('',#2102,0.3,0.2);
#2102 = AXIS2_PLACEMENT_3D('',#2103,#2104,#2105);
#2103 = CARTESIAN_POINT('',(3.358757210636,-6.8,3.358757210636));
#2104 = DIRECTION('',(0.,-1.,0.));
#2105 = DIRECTION('',(0.,0.,-1.));
#2106 = ADVANCED_FACE('',(#2107),#2145,.T.);
#2107 = FACE_BOUND('',#2108,.T.);
#2108 = EDGE_LOOP('',(#2109,#2120,#2129,#2138));
#2109 = ORIENTED_EDGE('',*,*,#2110,.F.);
#2110 = EDGE_CURVE('',#2111,#2113,#2115,.T.);
#2111 = VERTEX_POINT('',#2112);
#2112 = CARTESIAN_POINT('',(3.358757210636,-7.,-3.658757210636));
#2113 = VERTEX_POINT('',#2114);
#2114 = CARTESIAN_POINT('',(3.358757210636,-7.,-3.058757210636));
#2115 = CIRCLE('',#2116,0.3);
#2116 = AXIS2_PLACEMENT_3D('',#2117,#2118,#2119);
#2117 = CARTESIAN_POINT('',(3.358757210636,-7.,-3.358757210636));
#2118 = DIRECTION('',(0.,-1.,0.));
#2119 = DIRECTION('',(0.,0.,1.));
#2120 = ORIENTED_EDGE('',*,*,#2121,.T.);
#2121 = EDGE_CURVE('',#2111,#2122,#2124,.T.);
#2122 = VERTEX_POINT('',#2123);
#2123 = CARTESIAN_POINT('',(3.358757210636,-6.8,-3.858757210636));
#2124 = CIRCLE('',#2125,0.2);
#2125 = AXIS2_PLACEMENT_3D('',#2126,#2127,#2128);
#2126 = CARTESIAN_POINT('',(3.358757210636,-6.8,-3.658757210636));
#2127 = DIRECTION('',(1.,0.,1.224646799147E-16));
#2128 = DIRECTION('',(1.224646799147E-16,0.,-1.));
#2129 = ORIENTED_EDGE('',*,*,#2130,.F.);
#2130 = EDGE_CURVE('',#2131,#2122,#2133,.T.);
#2131 = VERTEX_POINT('',#2132);
#2132 = CARTESIAN_POINT('',(3.358757210636,-6.8,-2.858757210636));
#2133 = CIRCLE('',#2134,0.5);
#2134 = AXIS2_PLACEMENT_3D('',#2135,#2136,#2137);
#2135 = CARTESIAN_POINT('',(3.358757210636,-6.8,-3.358757210636));
#2136 = DIRECTION('',(-0.,1.,0.));
#2137 = DIRECTION('',(0.,0.,1.));
#2138 = ORIENTED_EDGE('',*,*,#2139,.F.);
#2139 = EDGE_CURVE('',#2113,#2131,#2140,.T.);
#2140 = CIRCLE('',#2141,0.2);
#2141 = AXIS2_PLACEMENT_3D('',#2142,#2143,#2144);
#2142 = CARTESIAN_POINT('',(3.358757210636,-6.8,-3.058757210636));
#2143 = DIRECTION('',(-1.,0.,0.));
#2144 = DIRECTION('',(0.,0.,1.));
#2145 = TOROIDAL_SURFACE('',#2146,0.3,0.2);
#2146 = AXIS2_PLACEMENT_3D('',#2147,#2148,#2149);
#2147 = CARTESIAN_POINT('',(3.358757210636,-6.8,-3.358757210636));
#2148 = DIRECTION('',(-0.,1.,-0.));
#2149 = DIRECTION('',(0.,0.,1.));
#2150 = ADVANCED_FACE('',(#2151),#2189,.T.);
#2151 = FACE_BOUND('',#2152,.T.);
#2152 = EDGE_LOOP('',(#2153,#2164,#2173,#2182));
#2153 = ORIENTED_EDGE('',*,*,#2154,.F.);
#2154 = EDGE_CURVE('',#2155,#2157,#2159,.T.);
#2155 = VERTEX_POINT('',#2156);
#2156 = CARTESIAN_POINT('',(4.898587196589E-17,-7.,-5.05));
#2157 = VERTEX_POINT('',#2158);
#2158 = CARTESIAN_POINT('',(0.,-7.,-4.45));
#2159 = CIRCLE('',#2160,0.3);
#2160 = AXIS2_PLACEMENT_3D('',#2161,#2162,#2163);
#2161 = CARTESIAN_POINT('',(0.,-7.,-4.75));
#2162 = DIRECTION('',(0.,-1.,0.));
#2163 = DIRECTION('',(0.,0.,1.));
#2164 = ORIENTED_EDGE('',*,*,#2165,.T.);
#2165 = EDGE_CURVE('',#2155,#2166,#2168,.T.);
#2166 = VERTEX_POINT('',#2167);
#2167 = CARTESIAN_POINT('',(6.123233995737E-17,-6.8,-5.25));
#2168 = CIRCLE('',#2169,0.2);
#2169 = AXIS2_PLACEMENT_3D('',#2170,#2171,#2172);
#2170 = CARTESIAN_POINT('',(3.673940397442E-17,-6.8,-5.05));
#2171 = DIRECTION('',(1.,0.,1.224646799147E-16));
#2172 = DIRECTION('',(1.224646799147E-16,0.,-1.));
#2173 = ORIENTED_EDGE('',*,*,#2174,.F.);
#2174 = EDGE_CURVE('',#2175,#2166,#2177,.T.);
#2175 = VERTEX_POINT('',#2176);
#2176 = CARTESIAN_POINT('',(0.,-6.8,-4.25));
#2177 = CIRCLE('',#2178,0.5);
#2178 = AXIS2_PLACEMENT_3D('',#2179,#2180,#2181);
#2179 = CARTESIAN_POINT('',(0.,-6.8,-4.75));
#2180 = DIRECTION('',(-0.,1.,0.));
#2181 = DIRECTION('',(0.,0.,1.));
#2182 = ORIENTED_EDGE('',*,*,#2183,.F.);
#2183 = EDGE_CURVE('',#2157,#2175,#2184,.T.);
#2184 = CIRCLE('',#2185,0.2);
#2185 = AXIS2_PLACEMENT_3D('',#2186,#2187,#2188);
#2186 = CARTESIAN_POINT('',(0.,-6.8,-4.45));
#2187 = DIRECTION('',(-1.,0.,0.));
#2188 = DIRECTION('',(0.,0.,1.));
#2189 = TOROIDAL_SURFACE('',#2190,0.3,0.2);
#2190 = AXIS2_PLACEMENT_3D('',#2191,#2192,#2193);
#2191 = CARTESIAN_POINT('',(0.,-6.8,-4.75));
#2192 = DIRECTION('',(-0.,1.,-0.));
#2193 = DIRECTION('',(0.,0.,1.));
#2194 = ADVANCED_FACE('',(#2195),#2233,.T.);
#2195 = FACE_BOUND('',#2196,.T.);
#2196 = EDGE_LOOP('',(#2197,#2208,#2217,#2226));
#2197 = ORIENTED_EDGE('',*,*,#2198,.F.);
#2198 = EDGE_CURVE('',#2199,#2201,#2203,.T.);
#2199 = VERTEX_POINT('',#2200);
#2200 = CARTESIAN_POINT('',(-3.358757210636,-7.,-3.658757210636));
#2201 = VERTEX_POINT('',#2202);
#2202 = CARTESIAN_POINT('',(-3.358757210636,-7.,-3.058757210636));
#2203 = CIRCLE('',#2204,0.3);
#2204 = AXIS2_PLACEMENT_3D('',#2205,#2206,#2207);
#2205 = CARTESIAN_POINT('',(-3.358757210636,-7.,-3.358757210636));
#2206 = DIRECTION('',(0.,-1.,0.));
#2207 = DIRECTION('',(0.,0.,1.));
#2208 = ORIENTED_EDGE('',*,*,#2209,.T.);
#2209 = EDGE_CURVE('',#2199,#2210,#2212,.T.);
#2210 = VERTEX_POINT('',#2211);
#2211 = CARTESIAN_POINT('',(-3.358757210636,-6.8,-3.858757210636));
#2212 = CIRCLE('',#2213,0.2);
#2213 = AXIS2_PLACEMENT_3D('',#2214,#2215,#2216);
#2214 = CARTESIAN_POINT('',(-3.358757210636,-6.8,-3.658757210636));
#2215 = DIRECTION('',(1.,0.,1.224646799147E-16));
#2216 = DIRECTION('',(1.224646799147E-16,0.,-1.));
#2217 = ORIENTED_EDGE('',*,*,#2218,.F.);
#2218 = EDGE_CURVE('',#2219,#2210,#2221,.T.);
#2219 = VERTEX_POINT('',#2220);
#2220 = CARTESIAN_POINT('',(-3.358757210636,-6.8,-2.858757210636));
#2221 = CIRCLE('',#2222,0.5);
#2222 = AXIS2_PLACEMENT_3D('',#2223,#2224,#2225);
#2223 = CARTESIAN_POINT('',(-3.358757210636,-6.8,-3.358757210636));
#2224 = DIRECTION('',(-0.,1.,0.));
#2225 = DIRECTION('',(0.,0.,1.));
#2226 = ORIENTED_EDGE('',*,*,#2227,.F.);
#2227 = EDGE_CURVE('',#2201,#2219,#2228,.T.);
#2228 = CIRCLE('',#2229,0.2);
#2229 = AXIS2_PLACEMENT_3D('',#2230,#2231,#2232);
#2230 = CARTESIAN_POINT('',(-3.358757210636,-6.8,-3.058757210636));
#2231 = DIRECTION('',(-1.,0.,0.));
#2232 = DIRECTION('',(0.,0.,1.));
#2233 = TOROIDAL_SURFACE('',#2234,0.3,0.2);
#2234 = AXIS2_PLACEMENT_3D('',#2235,#2236,#2237);
#2235 = CARTESIAN_POINT('',(-3.358757210636,-6.8,-3.358757210636));
#2236 = DIRECTION('',(-0.,1.,-0.));
#2237 = DIRECTION('',(0.,0.,1.));
#2238 = ADVANCED_FACE('',(#2239),#2265,.T.);
#2239 = FACE_BOUND('',#2240,.T.);
#2240 = EDGE_LOOP('',(#2241,#2242,#2250,#2259));
#2241 = ORIENTED_EDGE('',*,*,#2218,.T.);
#2242 = ORIENTED_EDGE('',*,*,#2243,.T.);
#2243 = EDGE_CURVE('',#2210,#2244,#2246,.T.);
#2244 = VERTEX_POINT('',#2245);
#2245 = CARTESIAN_POINT('',(-3.358757210636,0.,-3.858757210636));
#2246 = LINE('',#2247,#2248);
#2247 = CARTESIAN_POINT('',(-3.358757210636,-7.,-3.858757210636));
#2248 = VECTOR('',#2249,1.);
#2249 = DIRECTION('',(-0.,1.,-0.));
#2250 = ORIENTED_EDGE('',*,*,#2251,.F.);
#2251 = EDGE_CURVE('',#2252,#2244,#2254,.T.);
#2252 = VERTEX_POINT('',#2253);
#2253 = CARTESIAN_POINT('',(-3.358757210636,0.,-2.858757210636));
#2254 = CIRCLE('',#2255,0.5);
#2255 = AXIS2_PLACEMENT_3D('',#2256,#2257,#2258);
#2256 = CARTESIAN_POINT('',(-3.358757210636,0.,-3.358757210636));
#2257 = DIRECTION('',(-0.,1.,0.));
#2258 = DIRECTION('',(0.,0.,1.));
#2259 = ORIENTED_EDGE('',*,*,#2260,.F.);
#2260 = EDGE_CURVE('',#2219,#2252,#2261,.T.);
#2261 = LINE('',#2262,#2263);
#2262 = CARTESIAN_POINT('',(-3.358757210636,-7.,-2.858757210636));
#2263 = VECTOR('',#2264,1.);
#2264 = DIRECTION('',(-0.,1.,-0.));
#2265 = CYLINDRICAL_SURFACE('',#2266,0.5);
#2266 = AXIS2_PLACEMENT_3D('',#2267,#2268,#2269);
#2267 = CARTESIAN_POINT('',(-3.358757210636,-7.,-3.358757210636));
#2268 = DIRECTION('',(-0.,1.,-0.));
#2269 = DIRECTION('',(0.,0.,1.));
#2270 = ADVANCED_FACE('',(#2271),#2297,.T.);
#2271 = FACE_BOUND('',#2272,.T.);
#2272 = EDGE_LOOP('',(#2273,#2274,#2282,#2291));
#2273 = ORIENTED_EDGE('',*,*,#2174,.T.);
#2274 = ORIENTED_EDGE('',*,*,#2275,.T.);
#2275 = EDGE_CURVE('',#2166,#2276,#2278,.T.);
#2276 = VERTEX_POINT('',#2277);
#2277 = CARTESIAN_POINT('',(6.123233995737E-17,0.,-5.25));
#2278 = LINE('',#2279,#2280);
#2279 = CARTESIAN_POINT('',(6.123233995737E-17,-7.,-5.25));
#2280 = VECTOR('',#2281,1.);
#2281 = DIRECTION('',(-0.,1.,-0.));
#2282 = ORIENTED_EDGE('',*,*,#2283,.F.);
#2283 = EDGE_CURVE('',#2284,#2276,#2286,.T.);
#2284 = VERTEX_POINT('',#2285);
#2285 = CARTESIAN_POINT('',(0.,0.,-4.25));
#2286 = CIRCLE('',#2287,0.5);
#2287 = AXIS2_PLACEMENT_3D('',#2288,#2289,#2290);
#2288 = CARTESIAN_POINT('',(0.,0.,-4.75));
#2289 = DIRECTION('',(-0.,1.,0.));
#2290 = DIRECTION('',(0.,0.,1.));
#2291 = ORIENTED_EDGE('',*,*,#2292,.F.);
#2292 = EDGE_CURVE('',#2175,#2284,#2293,.T.);
#2293 = LINE('',#2294,#2295);
#2294 = CARTESIAN_POINT('',(0.,-7.,-4.25));
#2295 = VECTOR('',#2296,1.);
#2296 = DIRECTION('',(-0.,1.,-0.));
#2297 = CYLINDRICAL_SURFACE('',#2298,0.5);
#2298 = AXIS2_PLACEMENT_3D('',#2299,#2300,#2301);
#2299 = CARTESIAN_POINT('',(0.,-7.,-4.75));
#2300 = DIRECTION('',(-0.,1.,-0.));
#2301 = DIRECTION('',(0.,0.,1.));
#2302 = ADVANCED_FACE('',(#2303),#2329,.T.);
#2303 = FACE_BOUND('',#2304,.T.);
#2304 = EDGE_LOOP('',(#2305,#2306,#2314,#2323));
#2305 = ORIENTED_EDGE('',*,*,#2130,.T.);
#2306 = ORIENTED_EDGE('',*,*,#2307,.T.);
#2307 = EDGE_CURVE('',#2122,#2308,#2310,.T.);
#2308 = VERTEX_POINT('',#2309);
#2309 = CARTESIAN_POINT('',(3.358757210636,0.,-3.858757210636));
#2310 = LINE('',#2311,#2312);
#2311 = CARTESIAN_POINT('',(3.358757210636,-7.,-3.858757210636));
#2312 = VECTOR('',#2313,1.);
#2313 = DIRECTION('',(-0.,1.,-0.));
#2314 = ORIENTED_EDGE('',*,*,#2315,.F.);
#2315 = EDGE_CURVE('',#2316,#2308,#2318,.T.);
#2316 = VERTEX_POINT('',#2317);
#2317 = CARTESIAN_POINT('',(3.358757210636,0.,-2.858757210636));
#2318 = CIRCLE('',#2319,0.5);
#2319 = AXIS2_PLACEMENT_3D('',#2320,#2321,#2322);
#2320 = CARTESIAN_POINT('',(3.358757210636,0.,-3.358757210636));
#2321 = DIRECTION('',(-0.,1.,0.));
#2322 = DIRECTION('',(0.,0.,1.));
#2323 = ORIENTED_EDGE('',*,*,#2324,.F.);
#2324 = EDGE_CURVE('',#2131,#2316,#2325,.T.);
#2325 = LINE('',#2326,#2327);
#2326 = CARTESIAN_POINT('',(3.358757210636,-7.,-2.858757210636));
#2327 = VECTOR('',#2328,1.);
#2328 = DIRECTION('',(-0.,1.,-0.));
#2329 = CYLINDRICAL_SURFACE('',#2330,0.5);
#2330 = AXIS2_PLACEMENT_3D('',#2331,#2332,#2333);
#2331 = CARTESIAN_POINT('',(3.358757210636,-7.,-3.358757210636));
#2332 = DIRECTION('',(-0.,1.,-0.));
#2333 = DIRECTION('',(0.,0.,1.));
#2334 = ADVANCED_FACE('',(#2335),#2361,.T.);
#2335 = FACE_BOUND('',#2336,.T.);
#2336 = EDGE_LOOP('',(#2337,#2338,#2346,#2355));
#2337 = ORIENTED_EDGE('',*,*,#2066,.T.);
#2338 = ORIENTED_EDGE('',*,*,#2339,.T.);
#2339 = EDGE_CURVE('',#2069,#2340,#2342,.T.);
#2340 = VERTEX_POINT('',#2341);
#2341 = CARTESIAN_POINT('',(3.358757210636,0.,2.858757210636));
#2342 = LINE('',#2343,#2344);
#2343 = CARTESIAN_POINT('',(3.358757210636,-7.,2.858757210636));
#2344 = VECTOR('',#2345,1.);
#2345 = DIRECTION('',(-0.,1.,-0.));
#2346 = ORIENTED_EDGE('',*,*,#2347,.T.);
#2347 = EDGE_CURVE('',#2340,#2348,#2350,.T.);
#2348 = VERTEX_POINT('',#2349);
#2349 = CARTESIAN_POINT('',(3.358757210636,0.,3.858757210636));
#2350 = CIRCLE('',#2351,0.5);
#2351 = AXIS2_PLACEMENT_3D('',#2352,#2353,#2354);
#2352 = CARTESIAN_POINT('',(3.358757210636,0.,3.358757210636));
#2353 = DIRECTION('',(0.,-1.,0.));
#2354 = DIRECTION('',(0.,0.,1.));
#2355 = ORIENTED_EDGE('',*,*,#2356,.F.);
#2356 = EDGE_CURVE('',#2067,#2348,#2357,.T.);
#2357 = LINE('',#2358,#2359);
#2358 = CARTESIAN_POINT('',(3.358757210636,-7.,3.858757210636));
#2359 = VECTOR('',#2360,1.);
#2360 = DIRECTION('',(-0.,1.,-0.));
#2361 = CYLINDRICAL_SURFACE('',#2362,0.5);
#2362 = AXIS2_PLACEMENT_3D('',#2363,#2364,#2365);
#2363 = CARTESIAN_POINT('',(3.358757210636,-7.,3.358757210636));
#2364 = DIRECTION('',(-0.,1.,-0.));
#2365 = DIRECTION('',(0.,0.,1.));
#2366 = ADVANCED_FACE('',(#2367),#2393,.T.);
#2367 = FACE_BOUND('',#2368,.T.);
#2368 = EDGE_LOOP('',(#2369,#2370,#2378,#2387));
#2369 = ORIENTED_EDGE('',*,*,#2022,.T.);
#2370 = ORIENTED_EDGE('',*,*,#2371,.T.);
#2371 = EDGE_CURVE('',#2025,#2372,#2374,.T.);
#2372 = VERTEX_POINT('',#2373);
#2373 = CARTESIAN_POINT('',(6.123233995737E-17,0.,4.25));
#2374 = LINE('',#2375,#2376);
#2375 = CARTESIAN_POINT('',(6.123233995737E-17,-7.,4.25));
#2376 = VECTOR('',#2377,1.);
#2377 = DIRECTION('',(-0.,1.,-0.));
#2378 = ORIENTED_EDGE('',*,*,#2379,.T.);
#2379 = EDGE_CURVE('',#2372,#2380,#2382,.T.);
#2380 = VERTEX_POINT('',#2381);
#2381 = CARTESIAN_POINT('',(0.,0.,5.25));
#2382 = CIRCLE('',#2383,0.5);
#2383 = AXIS2_PLACEMENT_3D('',#2384,#2385,#2386);
#2384 = CARTESIAN_POINT('',(0.,0.,4.75));
#2385 = DIRECTION('',(0.,-1.,0.));
#2386 = DIRECTION('',(0.,0.,1.));
#2387 = ORIENTED_EDGE('',*,*,#2388,.F.);
#2388 = EDGE_CURVE('',#2023,#2380,#2389,.T.);
#2389 = LINE('',#2390,#2391);
#2390 = CARTESIAN_POINT('',(0.,-7.,5.25));
#2391 = VECTOR('',#2392,1.);
#2392 = DIRECTION('',(-0.,1.,-0.));
#2393 = CYLINDRICAL_SURFACE('',#2394,0.5);
#2394 = AXIS2_PLACEMENT_3D('',#2395,#2396,#2397);
#2395 = CARTESIAN_POINT('',(0.,-7.,4.75));
#2396 = DIRECTION('',(-0.,1.,-0.));
#2397 = DIRECTION('',(0.,0.,1.));
#2398 = ADVANCED_FACE('',(#2399),#2425,.T.);
#2399 = FACE_BOUND('',#2400,.T.);
#2400 = EDGE_LOOP('',(#2401,#2402,#2410,#2419));
#2401 = ORIENTED_EDGE('',*,*,#1978,.T.);
#2402 = ORIENTED_EDGE('',*,*,#2403,.T.);
#2403 = EDGE_CURVE('',#1981,#2404,#2406,.T.);
#2404 = VERTEX_POINT('',#2405);
#2405 = CARTESIAN_POINT('',(-3.358757210636,0.,2.858757210636));
#2406 = LINE('',#2407,#2408);
#2407 = CARTESIAN_POINT('',(-3.358757210636,-7.,2.858757210636));
#2408 = VECTOR('',#2409,1.);
#2409 = DIRECTION('',(-0.,1.,-0.));
#2410 = ORIENTED_EDGE('',*,*,#2411,.T.);
#2411 = EDGE_CURVE('',#2404,#2412,#2414,.T.);
#2412 = VERTEX_POINT('',#2413);
#2413 = CARTESIAN_POINT('',(-3.358757210636,0.,3.858757210636));
#2414 = CIRCLE('',#2415,0.5);
#2415 = AXIS2_PLACEMENT_3D('',#2416,#2417,#2418);
#2416 = CARTESIAN_POINT('',(-3.358757210636,0.,3.358757210636));
#2417 = DIRECTION('',(0.,-1.,0.));
#2418 = DIRECTION('',(0.,0.,1.));
#2419 = ORIENTED_EDGE('',*,*,#2420,.F.);
#2420 = EDGE_CURVE('',#1979,#2412,#2421,.T.);
#2421 = LINE('',#2422,#2423);
#2422 = CARTESIAN_POINT('',(-3.358757210636,-7.,3.858757210636));
#2423 = VECTOR('',#2424,1.);
#2424 = DIRECTION('',(-0.,1.,-0.));
#2425 = CYLINDRICAL_SURFACE('',#2426,0.5);
#2426 = AXIS2_PLACEMENT_3D('',#2427,#2428,#2429);
#2427 = CARTESIAN_POINT('',(-3.358757210636,-7.,3.358757210636));
#2428 = DIRECTION('',(-0.,1.,-0.));
#2429 = DIRECTION('',(0.,0.,1.));
#2430 = ADVANCED_FACE('',(#2431),#2467,.T.);
#2431 = FACE_BOUND('',#2432,.T.);
#2432 = EDGE_LOOP('',(#2433,#2444,#2452,#2461));
#2433 = ORIENTED_EDGE('',*,*,#2434,.F.);
#2434 = EDGE_CURVE('',#2435,#2437,#2439,.T.);
#2435 = VERTEX_POINT('',#2436);
#2436 = CARTESIAN_POINT('',(1.132798289211E-15,0.,-9.));
#2437 = VERTEX_POINT('',#2438);
#2438 = CARTESIAN_POINT('',(0.,0.,9.));
#2439 = CIRCLE('',#2440,9.);
#2440 = AXIS2_PLACEMENT_3D('',#2441,#2442,#2443);
#2441 = CARTESIAN_POINT('',(0.,0.,0.));
#2442 = DIRECTION('',(0.,-1.,0.));
#2443 = DIRECTION('',(0.,0.,1.));
#2444 = ORIENTED_EDGE('',*,*,#2445,.T.);
#2445 = EDGE_CURVE('',#2435,#2446,#2448,.T.);
#2446 = VERTEX_POINT('',#2447);
#2447 = CARTESIAN_POINT('',(0.,0.5,-9.5));
#2448 = LINE('',#2449,#2450);
#2449 = CARTESIAN_POINT('',(1.16341445919E-15,0.5,-9.5));
#2450 = VECTOR('',#2451,1.);
#2451 = DIRECTION('',(8.659560562355E-17,0.707106781187,-0.707106781187)
  );
#2452 = ORIENTED_EDGE('',*,*,#2453,.F.);
#2453 = EDGE_CURVE('',#2454,#2446,#2456,.T.);
#2454 = VERTEX_POINT('',#2455);
#2455 = CARTESIAN_POINT('',(1.16341445919E-15,0.5,9.5));
#2456 = CIRCLE('',#2457,9.5);
#2457 = AXIS2_PLACEMENT_3D('',#2458,#2459,#2460);
#2458 = CARTESIAN_POINT('',(0.,0.5,0.));
#2459 = DIRECTION('',(-0.,1.,0.));
#2460 = DIRECTION('',(0.,0.,1.));
#2461 = ORIENTED_EDGE('',*,*,#2462,.F.);
#2462 = EDGE_CURVE('',#2437,#2454,#2463,.T.);
#2463 = LINE('',#2464,#2465);
#2464 = CARTESIAN_POINT('',(0.,0.5,9.5));
#2465 = VECTOR('',#2466,1.);
#2466 = DIRECTION('',(0.,0.707106781187,0.707106781187));
#2467 = CONICAL_SURFACE('',#2468,9.5,0.785398163397);
#2468 = AXIS2_PLACEMENT_3D('',#2469,#2470,#2471);
#2469 = CARTESIAN_POINT('',(0.,0.5,0.));
#2470 = DIRECTION('',(-0.,1.,-0.));
#2471 = DIRECTION('',(0.,0.,1.));
#2472 = ADVANCED_FACE('',(#2473),#2511,.T.);
#2473 = FACE_BOUND('',#2474,.T.);
#2474 = EDGE_LOOP('',(#2475,#2486,#2495,#2504));
#2475 = ORIENTED_EDGE('',*,*,#2476,.F.);
#2476 = EDGE_CURVE('',#2477,#2479,#2481,.T.);
#2477 = VERTEX_POINT('',#2478);
#2478 = CARTESIAN_POINT('',(0.,5.35,-9.5));
#2479 = VERTEX_POINT('',#2480);
#2480 = CARTESIAN_POINT('',(1.16341445919E-15,5.35,9.5));
#2481 = CIRCLE('',#2482,9.5);
#2482 = AXIS2_PLACEMENT_3D('',#2483,#2484,#2485);
#2483 = CARTESIAN_POINT('',(0.,5.35,0.));
#2484 = DIRECTION('',(0.,-1.,0.));
#2485 = DIRECTION('',(0.,0.,1.));
#2486 = ORIENTED_EDGE('',*,*,#2487,.T.);
#2487 = EDGE_CURVE('',#2477,#2488,#2490,.T.);
#2488 = VERTEX_POINT('',#2489);
#2489 = CARTESIAN_POINT('',(1.132798289211E-15,5.85,-9.));
#2490 = CIRCLE('',#2491,0.5);
#2491 = AXIS2_PLACEMENT_3D('',#2492,#2493,#2494);
#2492 = CARTESIAN_POINT('',(1.102182119233E-15,5.35,-9.));
#2493 = DIRECTION('',(1.,-0.,1.224646799147E-16));
#2494 = DIRECTION('',(1.224646799147E-16,0.,-1.));
#2495 = ORIENTED_EDGE('',*,*,#2496,.F.);
#2496 = EDGE_CURVE('',#2497,#2488,#2499,.T.);
#2497 = VERTEX_POINT('',#2498);
#2498 = CARTESIAN_POINT('',(0.,5.85,9.));
#2499 = CIRCLE('',#2500,9.);
#2500 = AXIS2_PLACEMENT_3D('',#2501,#2502,#2503);
#2501 = CARTESIAN_POINT('',(0.,5.85,0.));
#2502 = DIRECTION('',(0.,1.,0.));
#2503 = DIRECTION('',(0.,-0.,1.));
#2504 = ORIENTED_EDGE('',*,*,#2505,.F.);
#2505 = EDGE_CURVE('',#2479,#2497,#2506,.T.);
#2506 = CIRCLE('',#2507,0.5);
#2507 = AXIS2_PLACEMENT_3D('',#2508,#2509,#2510);
#2508 = CARTESIAN_POINT('',(0.,5.35,9.));
#2509 = DIRECTION('',(-1.,0.,0.));
#2510 = DIRECTION('',(0.,0.,1.));
#2511 = TOROIDAL_SURFACE('',#2512,9.,0.5);
#2512 = AXIS2_PLACEMENT_3D('',#2513,#2514,#2515);
#2513 = CARTESIAN_POINT('',(0.,5.35,0.));
#2514 = DIRECTION('',(0.,1.,0.));
#2515 = DIRECTION('',(0.,-0.,1.));
#2516 = ADVANCED_FACE('',(#2517),#2555,.T.);
#2517 = FACE_BOUND('',#2518,.T.);
#2518 = EDGE_LOOP('',(#2519,#2530,#2539,#2548));
#2519 = ORIENTED_EDGE('',*,*,#2520,.F.);
#2520 = EDGE_CURVE('',#2521,#2523,#2525,.T.);
#2521 = VERTEX_POINT('',#2522);
#2522 = CARTESIAN_POINT('',(-9.066726142959E-16,15.62958655048,
    -6.871625733448));
#2523 = VERTEX_POINT('',#2524);
#2524 = CARTESIAN_POINT('',(0.,15.62958655048,6.871625733448));
#2525 = CIRCLE('',#2526,6.871625733448);
#2526 = AXIS2_PLACEMENT_3D('',#2527,#2528,#2529);
#2527 = CARTESIAN_POINT('',(0.,15.62958655048,0.));
#2528 = DIRECTION('',(0.,-1.,-0.));
#2529 = DIRECTION('',(0.,0.,-1.));
#2530 = ORIENTED_EDGE('',*,*,#2531,.T.);
#2531 = EDGE_CURVE('',#2521,#2532,#2534,.T.);
#2532 = VERTEX_POINT('',#2533);
#2533 = CARTESIAN_POINT('',(8.112132304236E-16,16.06,-6.376491699078));
#2534 = CIRCLE('',#2535,0.5);
#2535 = AXIS2_PLACEMENT_3D('',#2536,#2537,#2538);
#2536 = CARTESIAN_POINT('',(7.808950149065E-16,15.56,-6.376491699078));
#2537 = DIRECTION('',(1.,-0.,1.224646799147E-16));
#2538 = DIRECTION('',(1.224646799147E-16,0.,-1.));
#2539 = ORIENTED_EDGE('',*,*,#2540,.F.);
#2540 = EDGE_CURVE('',#2541,#2532,#2543,.T.);
#2541 = VERTEX_POINT('',#2542);
#2542 = CARTESIAN_POINT('',(0.,16.06,6.376491699078));
#2543 = CIRCLE('',#2544,6.376491699078);
#2544 = AXIS2_PLACEMENT_3D('',#2545,#2546,#2547);
#2545 = CARTESIAN_POINT('',(0.,16.06,0.));
#2546 = DIRECTION('',(0.,1.,0.));
#2547 = DIRECTION('',(0.,-0.,1.));
#2548 = ORIENTED_EDGE('',*,*,#2549,.F.);
#2549 = EDGE_CURVE('',#2523,#2541,#2550,.T.);
#2550 = CIRCLE('',#2551,0.5);
#2551 = AXIS2_PLACEMENT_3D('',#2552,#2553,#2554);
#2552 = CARTESIAN_POINT('',(0.,15.56,6.376491699078));
#2553 = DIRECTION('',(-1.,0.,0.));
#2554 = DIRECTION('',(0.,0.,1.));
#2555 = TOROIDAL_SURFACE('',#2556,6.376491699078,0.5);
#2556 = AXIS2_PLACEMENT_3D('',#2557,#2558,#2559);
#2557 = CARTESIAN_POINT('',(0.,15.56,0.));
#2558 = DIRECTION('',(0.,1.,0.));
#2559 = DIRECTION('',(0.,-0.,1.));
#2560 = ADVANCED_FACE('',(#2561),#2593,.T.);
#2561 = FACE_BOUND('',#2562,.T.);
#2562 = EDGE_LOOP('',(#2563,#2570,#2578,#2587));
#2563 = ORIENTED_EDGE('',*,*,#2564,.T.);
#2564 = EDGE_CURVE('',#2523,#2521,#2565,.T.);
#2565 = CIRCLE('',#2566,6.871625733448);
#2566 = AXIS2_PLACEMENT_3D('',#2567,#2568,#2569);
#2567 = CARTESIAN_POINT('',(0.,15.62958655048,0.));
#2568 = DIRECTION('',(0.,-1.,-0.));
#2569 = DIRECTION('',(0.,0.,-1.));
#2570 = ORIENTED_EDGE('',*,*,#2571,.T.);
#2571 = EDGE_CURVE('',#2521,#2572,#2574,.T.);
#2572 = VERTEX_POINT('',#2573);
#2573 = CARTESIAN_POINT('',(-9.792849714382E-16,8.06,-7.935461745605));
#2574 = LINE('',#2575,#2576);
#2575 = CARTESIAN_POINT('',(-9.718137826511E-16,8.06,-7.935461745605));
#2576 = VECTOR('',#2577,1.);
#2577 = DIRECTION('',(-1.704378926182E-17,-0.990268068742,-0.13917310096
    ));
#2578 = ORIENTED_EDGE('',*,*,#2579,.T.);
#2579 = EDGE_CURVE('',#2572,#2580,#2582,.T.);
#2580 = VERTEX_POINT('',#2581);
#2581 = CARTESIAN_POINT('',(0.,8.06,7.935461745605));
#2582 = CIRCLE('',#2583,7.935461745605);
#2583 = AXIS2_PLACEMENT_3D('',#2584,#2585,#2586);
#2584 = CARTESIAN_POINT('',(0.,8.06,0.));
#2585 = DIRECTION('',(0.,1.,0.));
#2586 = DIRECTION('',(0.,-0.,1.));
#2587 = ORIENTED_EDGE('',*,*,#2588,.F.);
#2588 = EDGE_CURVE('',#2523,#2580,#2589,.T.);
#2589 = LINE('',#2590,#2591);
#2590 = CARTESIAN_POINT('',(0.,8.06,7.935461745605));
#2591 = VECTOR('',#2592,1.);
#2592 = DIRECTION('',(0.,-0.990268068742,0.13917310096));
#2593 = CONICAL_SURFACE('',#2594,7.935461745605,0.13962634016);
#2594 = AXIS2_PLACEMENT_3D('',#2595,#2596,#2597);
#2595 = CARTESIAN_POINT('',(0.,8.06,0.));
#2596 = DIRECTION('',(-0.,-1.,-0.));
#2597 = DIRECTION('',(0.,0.,1.));
#2598 = ADVANCED_FACE('',(#2599),#2637,.F.);
#2599 = FACE_BOUND('',#2600,.F.);
#2600 = EDGE_LOOP('',(#2601,#2612,#2621,#2630));
#2601 = ORIENTED_EDGE('',*,*,#2602,.T.);
#2602 = EDGE_CURVE('',#2603,#2605,#2607,.T.);
#2603 = VERTEX_POINT('',#2604);
#2604 = CARTESIAN_POINT('',(0.,6.315121763128,8.057475517939));
#2605 = VERTEX_POINT('',#2606);
#2606 = CARTESIAN_POINT('',(0.,5.85,8.556257543069));
#2607 = CIRCLE('',#2608,0.5);
#2608 = AXIS2_PLACEMENT_3D('',#2609,#2610,#2611);
#2609 = CARTESIAN_POINT('',(0.,6.35,8.556257543069));
#2610 = DIRECTION('',(-1.,0.,0.));
#2611 = DIRECTION('',(0.,0.,1.));
#2612 = ORIENTED_EDGE('',*,*,#2613,.T.);
#2613 = EDGE_CURVE('',#2605,#2614,#2616,.T.);
#2614 = VERTEX_POINT('',#2615);
#2615 = CARTESIAN_POINT('',(1.04783934128E-15,5.85,-8.556257543069));
#2616 = CIRCLE('',#2617,8.556257543069);
#2617 = AXIS2_PLACEMENT_3D('',#2618,#2619,#2620);
#2618 = CARTESIAN_POINT('',(0.,5.85,0.));
#2619 = DIRECTION('',(0.,-1.,0.));
#2620 = DIRECTION('',(0.,0.,1.));
#2621 = ORIENTED_EDGE('',*,*,#2622,.F.);
#2622 = EDGE_CURVE('',#2623,#2614,#2625,.T.);
#2623 = VERTEX_POINT('',#2624);
#2624 = CARTESIAN_POINT('',(-9.867561602252E-16,6.315121763128,
    -8.057475517939));
#2625 = CIRCLE('',#2626,0.5);
#2626 = AXIS2_PLACEMENT_3D('',#2627,#2628,#2629);
#2627 = CARTESIAN_POINT('',(1.04783934128E-15,6.35,-8.556257543069));
#2628 = DIRECTION('',(1.,-0.,1.224646799147E-16));
#2629 = DIRECTION('',(1.224646799147E-16,0.,-1.));
#2630 = ORIENTED_EDGE('',*,*,#2631,.T.);
#2631 = EDGE_CURVE('',#2623,#2603,#2632,.T.);
#2632 = CIRCLE('',#2633,8.057475517939);
#2633 = AXIS2_PLACEMENT_3D('',#2634,#2635,#2636);
#2634 = CARTESIAN_POINT('',(0.,6.315121763128,0.));
#2635 = DIRECTION('',(0.,1.,0.));
#2636 = DIRECTION('',(0.,-0.,1.));
#2637 = TOROIDAL_SURFACE('',#2638,8.556257543069,0.5);
#2638 = AXIS2_PLACEMENT_3D('',#2639,#2640,#2641);
#2639 = CARTESIAN_POINT('',(0.,6.35,0.));
#2640 = DIRECTION('',(0.,1.,0.));
#2641 = DIRECTION('',(0.,-0.,1.));
#2642 = ADVANCED_FACE('',(#2643),#2659,.T.);
#2643 = FACE_BOUND('',#2644,.T.);
#2644 = EDGE_LOOP('',(#2645,#2646,#2652,#2653));
#2645 = ORIENTED_EDGE('',*,*,#2579,.F.);
#2646 = ORIENTED_EDGE('',*,*,#2647,.T.);
#2647 = EDGE_CURVE('',#2572,#2623,#2648,.T.);
#2648 = LINE('',#2649,#2650);
#2649 = CARTESIAN_POINT('',(-9.907392605102E-16,5.85,-8.09));
#2650 = VECTOR('',#2651,1.);
#2651 = DIRECTION('',(-8.542704229055E-18,-0.99756405026,
    -6.975647374413E-02));
#2652 = ORIENTED_EDGE('',*,*,#2631,.T.);
#2653 = ORIENTED_EDGE('',*,*,#2654,.F.);
#2654 = EDGE_CURVE('',#2580,#2603,#2655,.T.);
#2655 = LINE('',#2656,#2657);
#2656 = CARTESIAN_POINT('',(0.,5.85,8.09));
#2657 = VECTOR('',#2658,1.);
#2658 = DIRECTION('',(0.,-0.99756405026,6.975647374413E-02));
#2659 = CONICAL_SURFACE('',#2660,8.09,6.981317007977E-02);
#2660 = AXIS2_PLACEMENT_3D('',#2661,#2662,#2663);
#2661 = CARTESIAN_POINT('',(0.,5.85,0.));
#2662 = DIRECTION('',(-0.,-1.,-0.));
#2663 = DIRECTION('',(0.,0.,1.));
#2664 = ADVANCED_FACE('',(#2665),#2681,.T.);
#2665 = FACE_BOUND('',#2666,.T.);
#2666 = EDGE_LOOP('',(#2667,#2668,#2674,#2675));
#2667 = ORIENTED_EDGE('',*,*,#2476,.T.);
#2668 = ORIENTED_EDGE('',*,*,#2669,.T.);
#2669 = EDGE_CURVE('',#2479,#2454,#2670,.T.);
#2670 = LINE('',#2671,#2672);
#2671 = CARTESIAN_POINT('',(1.16341445919E-15,5.85,9.5));
#2672 = VECTOR('',#2673,1.);
#2673 = DIRECTION('',(-0.,-1.,-0.));
#2674 = ORIENTED_EDGE('',*,*,#2453,.T.);
#2675 = ORIENTED_EDGE('',*,*,#2676,.F.);
#2676 = EDGE_CURVE('',#2477,#2446,#2677,.T.);
#2677 = LINE('',#2678,#2679);
#2678 = CARTESIAN_POINT('',(0.,5.85,-9.5));
#2679 = VECTOR('',#2680,1.);
#2680 = DIRECTION('',(-0.,-1.,-0.));
#2681 = CYLINDRICAL_SURFACE('',#2682,9.5);
#2682 = AXIS2_PLACEMENT_3D('',#2683,#2684,#2685);
#2683 = CARTESIAN_POINT('',(0.,5.85,0.));
#2684 = DIRECTION('',(-0.,-1.,-0.));
#2685 = DIRECTION('',(0.,0.,-1.));
#2686 = ADVANCED_FACE('',(#2687),#2705,.T.);
#2687 = FACE_BOUND('',#2688,.T.);
#2688 = EDGE_LOOP('',(#2689,#2690,#2697,#2698));
#2689 = ORIENTED_EDGE('',*,*,#2669,.F.);
#2690 = ORIENTED_EDGE('',*,*,#2691,.T.);
#2691 = EDGE_CURVE('',#2479,#2477,#2692,.T.);
#2692 = CIRCLE('',#2693,9.5);
#2693 = AXIS2_PLACEMENT_3D('',#2694,#2695,#2696);
#2694 = CARTESIAN_POINT('',(0.,5.35,0.));
#2695 = DIRECTION('',(0.,-1.,0.));
#2696 = DIRECTION('',(0.,0.,1.));
#2697 = ORIENTED_EDGE('',*,*,#2676,.T.);
#2698 = ORIENTED_EDGE('',*,*,#2699,.T.);
#2699 = EDGE_CURVE('',#2446,#2454,#2700,.T.);
#2700 = CIRCLE('',#2701,9.5);
#2701 = AXIS2_PLACEMENT_3D('',#2702,#2703,#2704);
#2702 = CARTESIAN_POINT('',(0.,0.5,0.));
#2703 = DIRECTION('',(-0.,1.,0.));
#2704 = DIRECTION('',(0.,0.,1.));
#2705 = CYLINDRICAL_SURFACE('',#2706,9.5);
#2706 = AXIS2_PLACEMENT_3D('',#2707,#2708,#2709);
#2707 = CARTESIAN_POINT('',(0.,5.85,0.));
#2708 = DIRECTION('',(-0.,-1.,-0.));
#2709 = DIRECTION('',(0.,0.,-1.));
#2710 = ADVANCED_FACE('',(#2711,#2721),#2731,.T.);
#2711 = FACE_BOUND('',#2712,.T.);
#2712 = EDGE_LOOP('',(#2713,#2714));
#2713 = ORIENTED_EDGE('',*,*,#2496,.T.);
#2714 = ORIENTED_EDGE('',*,*,#2715,.T.);
#2715 = EDGE_CURVE('',#2488,#2497,#2716,.T.);
#2716 = CIRCLE('',#2717,9.);
#2717 = AXIS2_PLACEMENT_3D('',#2718,#2719,#2720);
#2718 = CARTESIAN_POINT('',(0.,5.85,0.));
#2719 = DIRECTION('',(0.,1.,0.));
#2720 = DIRECTION('',(0.,-0.,1.));
#2721 = FACE_BOUND('',#2722,.T.);
#2722 = EDGE_LOOP('',(#2723,#2724));
#2723 = ORIENTED_EDGE('',*,*,#2613,.T.);
#2724 = ORIENTED_EDGE('',*,*,#2725,.T.);
#2725 = EDGE_CURVE('',#2614,#2605,#2726,.T.);
#2726 = CIRCLE('',#2727,8.556257543069);
#2727 = AXIS2_PLACEMENT_3D('',#2728,#2729,#2730);
#2728 = CARTESIAN_POINT('',(0.,5.85,0.));
#2729 = DIRECTION('',(0.,-1.,0.));
#2730 = DIRECTION('',(0.,0.,1.));
#2731 = PLANE('',#2732);
#2732 = AXIS2_PLACEMENT_3D('',#2733,#2734,#2735);
#2733 = CARTESIAN_POINT('',(0.,5.85,0.));
#2734 = DIRECTION('',(0.,1.,0.));
#2735 = DIRECTION('',(0.,-0.,1.));
#2736 = ADVANCED_FACE('',(#2737,#2747,#2757,#2767,#2777,#2787,#2797),
  #2807,.F.);
#2737 = FACE_BOUND('',#2738,.T.);
#2738 = EDGE_LOOP('',(#2739,#2740));
#2739 = ORIENTED_EDGE('',*,*,#2251,.T.);
#2740 = ORIENTED_EDGE('',*,*,#2741,.T.);
#2741 = EDGE_CURVE('',#2244,#2252,#2742,.T.);
#2742 = CIRCLE('',#2743,0.5);
#2743 = AXIS2_PLACEMENT_3D('',#2744,#2745,#2746);
#2744 = CARTESIAN_POINT('',(-3.358757210636,0.,-3.358757210636));
#2745 = DIRECTION('',(-0.,1.,0.));
#2746 = DIRECTION('',(0.,0.,1.));
#2747 = FACE_BOUND('',#2748,.T.);
#2748 = EDGE_LOOP('',(#2749,#2750));
#2749 = ORIENTED_EDGE('',*,*,#2283,.T.);
#2750 = ORIENTED_EDGE('',*,*,#2751,.T.);
#2751 = EDGE_CURVE('',#2276,#2284,#2752,.T.);
#2752 = CIRCLE('',#2753,0.5);
#2753 = AXIS2_PLACEMENT_3D('',#2754,#2755,#2756);
#2754 = CARTESIAN_POINT('',(0.,0.,-4.75));
#2755 = DIRECTION('',(-0.,1.,0.));
#2756 = DIRECTION('',(0.,0.,1.));
#2757 = FACE_BOUND('',#2758,.T.);
#2758 = EDGE_LOOP('',(#2759,#2760));
#2759 = ORIENTED_EDGE('',*,*,#2315,.T.);
#2760 = ORIENTED_EDGE('',*,*,#2761,.T.);
#2761 = EDGE_CURVE('',#2308,#2316,#2762,.T.);
#2762 = CIRCLE('',#2763,0.5);
#2763 = AXIS2_PLACEMENT_3D('',#2764,#2765,#2766);
#2764 = CARTESIAN_POINT('',(3.358757210636,0.,-3.358757210636));
#2765 = DIRECTION('',(-0.,1.,0.));
#2766 = DIRECTION('',(0.,0.,1.));
#2767 = FACE_BOUND('',#2768,.T.);
#2768 = EDGE_LOOP('',(#2769,#2776));
#2769 = ORIENTED_EDGE('',*,*,#2770,.F.);
#2770 = EDGE_CURVE('',#2348,#2340,#2771,.T.);
#2771 = CIRCLE('',#2772,0.5);
#2772 = AXIS2_PLACEMENT_3D('',#2773,#2774,#2775);
#2773 = CARTESIAN_POINT('',(3.358757210636,0.,3.358757210636));
#2774 = DIRECTION('',(0.,-1.,0.));
#2775 = DIRECTION('',(0.,0.,1.));
#2776 = ORIENTED_EDGE('',*,*,#2347,.F.);
#2777 = FACE_BOUND('',#2778,.T.);
#2778 = EDGE_LOOP('',(#2779,#2786));
#2779 = ORIENTED_EDGE('',*,*,#2780,.F.);
#2780 = EDGE_CURVE('',#2380,#2372,#2781,.T.);
#2781 = CIRCLE('',#2782,0.5);
#2782 = AXIS2_PLACEMENT_3D('',#2783,#2784,#2785);
#2783 = CARTESIAN_POINT('',(0.,0.,4.75));
#2784 = DIRECTION('',(0.,-1.,0.));
#2785 = DIRECTION('',(0.,0.,1.));
#2786 = ORIENTED_EDGE('',*,*,#2379,.F.);
#2787 = FACE_BOUND('',#2788,.T.);
#2788 = EDGE_LOOP('',(#2789,#2796));
#2789 = ORIENTED_EDGE('',*,*,#2790,.F.);
#2790 = EDGE_CURVE('',#2412,#2404,#2791,.T.);
#2791 = CIRCLE('',#2792,0.5);
#2792 = AXIS2_PLACEMENT_3D('',#2793,#2794,#2795);
#2793 = CARTESIAN_POINT('',(-3.358757210636,0.,3.358757210636));
#2794 = DIRECTION('',(0.,-1.,0.));
#2795 = DIRECTION('',(0.,0.,1.));
#2796 = ORIENTED_EDGE('',*,*,#2411,.F.);
#2797 = FACE_BOUND('',#2798,.T.);
#2798 = EDGE_LOOP('',(#2799,#2806));
#2799 = ORIENTED_EDGE('',*,*,#2800,.T.);
#2800 = EDGE_CURVE('',#2437,#2435,#2801,.T.);
#2801 = CIRCLE('',#2802,9.);
#2802 = AXIS2_PLACEMENT_3D('',#2803,#2804,#2805);
#2803 = CARTESIAN_POINT('',(0.,0.,0.));
#2804 = DIRECTION('',(0.,-1.,0.));
#2805 = DIRECTION('',(0.,0.,1.));
#2806 = ORIENTED_EDGE('',*,*,#2434,.T.);
#2807 = PLANE('',#2808);
#2808 = AXIS2_PLACEMENT_3D('',#2809,#2810,#2811);
#2809 = CARTESIAN_POINT('',(0.,0.,0.));
#2810 = DIRECTION('',(0.,1.,0.));
#2811 = DIRECTION('',(0.,-0.,1.));
#2812 = ADVANCED_FACE('',(#2813),#2831,.T.);
#2813 = FACE_BOUND('',#2814,.T.);
#2814 = EDGE_LOOP('',(#2815,#2816,#2823,#2824));
#2815 = ORIENTED_EDGE('',*,*,#2647,.F.);
#2816 = ORIENTED_EDGE('',*,*,#2817,.F.);
#2817 = EDGE_CURVE('',#2580,#2572,#2818,.T.);
#2818 = CIRCLE('',#2819,7.935461745605);
#2819 = AXIS2_PLACEMENT_3D('',#2820,#2821,#2822);
#2820 = CARTESIAN_POINT('',(0.,8.06,0.));
#2821 = DIRECTION('',(0.,1.,0.));
#2822 = DIRECTION('',(0.,-0.,1.));
#2823 = ORIENTED_EDGE('',*,*,#2654,.T.);
#2824 = ORIENTED_EDGE('',*,*,#2825,.T.);
#2825 = EDGE_CURVE('',#2603,#2623,#2826,.T.);
#2826 = CIRCLE('',#2827,8.057475517939);
#2827 = AXIS2_PLACEMENT_3D('',#2828,#2829,#2830);
#2828 = CARTESIAN_POINT('',(0.,6.315121763128,0.));
#2829 = DIRECTION('',(0.,1.,0.));
#2830 = DIRECTION('',(0.,-0.,1.));
#2831 = CONICAL_SURFACE('',#2832,8.09,6.981317007977E-02);
#2832 = AXIS2_PLACEMENT_3D('',#2833,#2834,#2835);
#2833 = CARTESIAN_POINT('',(0.,5.85,0.));
#2834 = DIRECTION('',(-0.,-1.,-0.));
#2835 = DIRECTION('',(0.,0.,1.));
#2836 = ADVANCED_FACE('',(#2837),#2843,.F.);
#2837 = FACE_BOUND('',#2838,.F.);
#2838 = EDGE_LOOP('',(#2839,#2840,#2841,#2842));
#2839 = ORIENTED_EDGE('',*,*,#2725,.T.);
#2840 = ORIENTED_EDGE('',*,*,#2602,.F.);
#2841 = ORIENTED_EDGE('',*,*,#2825,.T.);
#2842 = ORIENTED_EDGE('',*,*,#2622,.T.);
#2843 = TOROIDAL_SURFACE('',#2844,8.556257543069,0.5);
#2844 = AXIS2_PLACEMENT_3D('',#2845,#2846,#2847);
#2845 = CARTESIAN_POINT('',(0.,6.35,0.));
#2846 = DIRECTION('',(0.,1.,0.));
#2847 = DIRECTION('',(0.,-0.,1.));
#2848 = ADVANCED_FACE('',(#2849),#2855,.T.);
#2849 = FACE_BOUND('',#2850,.T.);
#2850 = EDGE_LOOP('',(#2851,#2852,#2853,#2854));
#2851 = ORIENTED_EDGE('',*,*,#2571,.F.);
#2852 = ORIENTED_EDGE('',*,*,#2520,.T.);
#2853 = ORIENTED_EDGE('',*,*,#2588,.T.);
#2854 = ORIENTED_EDGE('',*,*,#2817,.T.);
#2855 = CONICAL_SURFACE('',#2856,7.935461745605,0.13962634016);
#2856 = AXIS2_PLACEMENT_3D('',#2857,#2858,#2859);
#2857 = CARTESIAN_POINT('',(0.,8.06,0.));
#2858 = DIRECTION('',(-0.,-1.,-0.));
#2859 = DIRECTION('',(0.,0.,1.));
#2860 = ADVANCED_FACE('',(#2861),#2871,.T.);
#2861 = FACE_BOUND('',#2862,.T.);
#2862 = EDGE_LOOP('',(#2863,#2864));
#2863 = ORIENTED_EDGE('',*,*,#2540,.T.);
#2864 = ORIENTED_EDGE('',*,*,#2865,.T.);
#2865 = EDGE_CURVE('',#2532,#2541,#2866,.T.);
#2866 = CIRCLE('',#2867,6.376491699078);
#2867 = AXIS2_PLACEMENT_3D('',#2868,#2869,#2870);
#2868 = CARTESIAN_POINT('',(0.,16.06,0.));
#2869 = DIRECTION('',(0.,1.,0.));
#2870 = DIRECTION('',(0.,-0.,1.));
#2871 = PLANE('',#2872);
#2872 = AXIS2_PLACEMENT_3D('',#2873,#2874,#2875);
#2873 = CARTESIAN_POINT('',(0.,16.06,0.));
#2874 = DIRECTION('',(0.,1.,0.));
#2875 = DIRECTION('',(0.,-0.,1.));
#2876 = ADVANCED_FACE('',(#2877),#2883,.T.);
#2877 = FACE_BOUND('',#2878,.T.);
#2878 = EDGE_LOOP('',(#2879,#2880,#2881,#2882));
#2879 = ORIENTED_EDGE('',*,*,#2531,.F.);
#2880 = ORIENTED_EDGE('',*,*,#2564,.F.);
#2881 = ORIENTED_EDGE('',*,*,#2549,.T.);
#2882 = ORIENTED_EDGE('',*,*,#2865,.F.);
#2883 = TOROIDAL_SURFACE('',#2884,6.376491699078,0.5);
#2884 = AXIS2_PLACEMENT_3D('',#2885,#2886,#2887);
#2885 = CARTESIAN_POINT('',(0.,15.56,0.));
#2886 = DIRECTION('',(0.,1.,0.));
#2887 = DIRECTION('',(0.,-0.,1.));
#2888 = ADVANCED_FACE('',(#2889),#2895,.T.);
#2889 = FACE_BOUND('',#2890,.T.);
#2890 = EDGE_LOOP('',(#2891,#2892,#2893,#2894));
#2891 = ORIENTED_EDGE('',*,*,#2487,.F.);
#2892 = ORIENTED_EDGE('',*,*,#2691,.F.);
#2893 = ORIENTED_EDGE('',*,*,#2505,.T.);
#2894 = ORIENTED_EDGE('',*,*,#2715,.F.);
#2895 = TOROIDAL_SURFACE('',#2896,9.,0.5);
#2896 = AXIS2_PLACEMENT_3D('',#2897,#2898,#2899);
#2897 = CARTESIAN_POINT('',(0.,5.35,0.));
#2898 = DIRECTION('',(0.,1.,0.));
#2899 = DIRECTION('',(0.,-0.,1.));
#2900 = ADVANCED_FACE('',(#2901),#2907,.T.);
#2901 = FACE_BOUND('',#2902,.T.);
#2902 = EDGE_LOOP('',(#2903,#2904,#2905,#2906));
#2903 = ORIENTED_EDGE('',*,*,#2445,.F.);
#2904 = ORIENTED_EDGE('',*,*,#2800,.F.);
#2905 = ORIENTED_EDGE('',*,*,#2462,.T.);
#2906 = ORIENTED_EDGE('',*,*,#2699,.F.);
#2907 = CONICAL_SURFACE('',#2908,9.5,0.785398163397);
#2908 = AXIS2_PLACEMENT_3D('',#2909,#2910,#2911);
#2909 = CARTESIAN_POINT('',(0.,0.5,0.));
#2910 = DIRECTION('',(-0.,1.,-0.));
#2911 = DIRECTION('',(0.,0.,1.));
#2912 = ADVANCED_FACE('',(#2913),#2925,.T.);
#2913 = FACE_BOUND('',#2914,.T.);
#2914 = EDGE_LOOP('',(#2915,#2916,#2923,#2924));
#2915 = ORIENTED_EDGE('',*,*,#2403,.F.);
#2916 = ORIENTED_EDGE('',*,*,#2917,.T.);
#2917 = EDGE_CURVE('',#1981,#1979,#2918,.T.);
#2918 = CIRCLE('',#2919,0.5);
#2919 = AXIS2_PLACEMENT_3D('',#2920,#2921,#2922);
#2920 = CARTESIAN_POINT('',(-3.358757210636,-6.8,3.358757210636));
#2921 = DIRECTION('',(-0.,1.,0.));
#2922 = DIRECTION('',(0.,0.,-1.));
#2923 = ORIENTED_EDGE('',*,*,#2420,.T.);
#2924 = ORIENTED_EDGE('',*,*,#2790,.T.);
#2925 = CYLINDRICAL_SURFACE('',#2926,0.5);
#2926 = AXIS2_PLACEMENT_3D('',#2927,#2928,#2929);
#2927 = CARTESIAN_POINT('',(-3.358757210636,-7.,3.358757210636));
#2928 = DIRECTION('',(-0.,1.,-0.));
#2929 = DIRECTION('',(0.,0.,1.));
#2930 = ADVANCED_FACE('',(#2931),#2941,.T.);
#2931 = FACE_BOUND('',#2932,.T.);
#2932 = EDGE_LOOP('',(#2933,#2934));
#2933 = ORIENTED_EDGE('',*,*,#1998,.T.);
#2934 = ORIENTED_EDGE('',*,*,#2935,.T.);
#2935 = EDGE_CURVE('',#1990,#1999,#2936,.T.);
#2936 = CIRCLE('',#2937,0.3);
#2937 = AXIS2_PLACEMENT_3D('',#2938,#2939,#2940);
#2938 = CARTESIAN_POINT('',(-3.358757210636,-7.,3.358757210636));
#2939 = DIRECTION('',(0.,-1.,0.));
#2940 = DIRECTION('',(0.,0.,-1.));
#2941 = PLANE('',#2942);
#2942 = AXIS2_PLACEMENT_3D('',#2943,#2944,#2945);
#2943 = CARTESIAN_POINT('',(-3.358757210636,-7.,3.358757210636));
#2944 = DIRECTION('',(0.,-1.,0.));
#2945 = DIRECTION('',(0.,-0.,-1.));
#2946 = ADVANCED_FACE('',(#2947),#2959,.T.);
#2947 = FACE_BOUND('',#2948,.T.);
#2948 = EDGE_LOOP('',(#2949,#2950,#2957,#2958));
#2949 = ORIENTED_EDGE('',*,*,#2371,.F.);
#2950 = ORIENTED_EDGE('',*,*,#2951,.T.);
#2951 = EDGE_CURVE('',#2025,#2023,#2952,.T.);
#2952 = CIRCLE('',#2953,0.5);
#2953 = AXIS2_PLACEMENT_3D('',#2954,#2955,#2956);
#2954 = CARTESIAN_POINT('',(0.,-6.8,4.75));
#2955 = DIRECTION('',(-0.,1.,0.));
#2956 = DIRECTION('',(0.,0.,-1.));
#2957 = ORIENTED_EDGE('',*,*,#2388,.T.);
#2958 = ORIENTED_EDGE('',*,*,#2780,.T.);
#2959 = CYLINDRICAL_SURFACE('',#2960,0.5);
#2960 = AXIS2_PLACEMENT_3D('',#2961,#2962,#2963);
#2961 = CARTESIAN_POINT('',(0.,-7.,4.75));
#2962 = DIRECTION('',(-0.,1.,-0.));
#2963 = DIRECTION('',(0.,0.,1.));
#2964 = ADVANCED_FACE('',(#2965),#2975,.T.);
#2965 = FACE_BOUND('',#2966,.T.);
#2966 = EDGE_LOOP('',(#2967,#2968));
#2967 = ORIENTED_EDGE('',*,*,#2042,.T.);
#2968 = ORIENTED_EDGE('',*,*,#2969,.T.);
#2969 = EDGE_CURVE('',#2034,#2043,#2970,.T.);
#2970 = CIRCLE('',#2971,0.3);
#2971 = AXIS2_PLACEMENT_3D('',#2972,#2973,#2974);
#2972 = CARTESIAN_POINT('',(0.,-7.,4.75));
#2973 = DIRECTION('',(0.,-1.,0.));
#2974 = DIRECTION('',(0.,0.,-1.));
#2975 = PLANE('',#2976);
#2976 = AXIS2_PLACEMENT_3D('',#2977,#2978,#2979);
#2977 = CARTESIAN_POINT('',(0.,-7.,4.75));
#2978 = DIRECTION('',(0.,-1.,0.));
#2979 = DIRECTION('',(0.,-0.,-1.));
#2980 = ADVANCED_FACE('',(#2981),#2993,.T.);
#2981 = FACE_BOUND('',#2982,.T.);
#2982 = EDGE_LOOP('',(#2983,#2984,#2991,#2992));
#2983 = ORIENTED_EDGE('',*,*,#2339,.F.);
#2984 = ORIENTED_EDGE('',*,*,#2985,.T.);
#2985 = EDGE_CURVE('',#2069,#2067,#2986,.T.);
#2986 = CIRCLE('',#2987,0.5);
#2987 = AXIS2_PLACEMENT_3D('',#2988,#2989,#2990);
#2988 = CARTESIAN_POINT('',(3.358757210636,-6.8,3.358757210636));
#2989 = DIRECTION('',(-0.,1.,0.));
#2990 = DIRECTION('',(0.,0.,-1.));
#2991 = ORIENTED_EDGE('',*,*,#2356,.T.);
#2992 = ORIENTED_EDGE('',*,*,#2770,.T.);
#2993 = CYLINDRICAL_SURFACE('',#2994,0.5);
#2994 = AXIS2_PLACEMENT_3D('',#2995,#2996,#2997);
#2995 = CARTESIAN_POINT('',(3.358757210636,-7.,3.358757210636));
#2996 = DIRECTION('',(-0.,1.,-0.));
#2997 = DIRECTION('',(0.,0.,1.));
#2998 = ADVANCED_FACE('',(#2999),#3009,.T.);
#2999 = FACE_BOUND('',#3000,.T.);
#3000 = EDGE_LOOP('',(#3001,#3002));
#3001 = ORIENTED_EDGE('',*,*,#2086,.T.);
#3002 = ORIENTED_EDGE('',*,*,#3003,.T.);
#3003 = EDGE_CURVE('',#2078,#2087,#3004,.T.);
#3004 = CIRCLE('',#3005,0.3);
#3005 = AXIS2_PLACEMENT_3D('',#3006,#3007,#3008);
#3006 = CARTESIAN_POINT('',(3.358757210636,-7.,3.358757210636));
#3007 = DIRECTION('',(0.,-1.,0.));
#3008 = DIRECTION('',(0.,0.,-1.));
#3009 = PLANE('',#3010);
#3010 = AXIS2_PLACEMENT_3D('',#3011,#3012,#3013);
#3011 = CARTESIAN_POINT('',(3.358757210636,-7.,3.358757210636));
#3012 = DIRECTION('',(0.,-1.,0.));
#3013 = DIRECTION('',(0.,-0.,-1.));
#3014 = ADVANCED_FACE('',(#3015),#3027,.T.);
#3015 = FACE_BOUND('',#3016,.T.);
#3016 = EDGE_LOOP('',(#3017,#3018,#3025,#3026));
#3017 = ORIENTED_EDGE('',*,*,#2307,.F.);
#3018 = ORIENTED_EDGE('',*,*,#3019,.T.);
#3019 = EDGE_CURVE('',#2122,#2131,#3020,.T.);
#3020 = CIRCLE('',#3021,0.5);
#3021 = AXIS2_PLACEMENT_3D('',#3022,#3023,#3024);
#3022 = CARTESIAN_POINT('',(3.358757210636,-6.8,-3.358757210636));
#3023 = DIRECTION('',(-0.,1.,0.));
#3024 = DIRECTION('',(0.,0.,1.));
#3025 = ORIENTED_EDGE('',*,*,#2324,.T.);
#3026 = ORIENTED_EDGE('',*,*,#2761,.F.);
#3027 = CYLINDRICAL_SURFACE('',#3028,0.5);
#3028 = AXIS2_PLACEMENT_3D('',#3029,#3030,#3031);
#3029 = CARTESIAN_POINT('',(3.358757210636,-7.,-3.358757210636));
#3030 = DIRECTION('',(-0.,1.,-0.));
#3031 = DIRECTION('',(0.,0.,1.));
#3032 = ADVANCED_FACE('',(#3033),#3043,.F.);
#3033 = FACE_BOUND('',#3034,.T.);
#3034 = EDGE_LOOP('',(#3035,#3042));
#3035 = ORIENTED_EDGE('',*,*,#3036,.T.);
#3036 = EDGE_CURVE('',#2113,#2111,#3037,.T.);
#3037 = CIRCLE('',#3038,0.3);
#3038 = AXIS2_PLACEMENT_3D('',#3039,#3040,#3041);
#3039 = CARTESIAN_POINT('',(3.358757210636,-7.,-3.358757210636));
#3040 = DIRECTION('',(0.,-1.,0.));
#3041 = DIRECTION('',(0.,0.,1.));
#3042 = ORIENTED_EDGE('',*,*,#2110,.T.);
#3043 = PLANE('',#3044);
#3044 = AXIS2_PLACEMENT_3D('',#3045,#3046,#3047);
#3045 = CARTESIAN_POINT('',(3.358757210636,-7.,-3.358757210636));
#3046 = DIRECTION('',(-0.,1.,0.));
#3047 = DIRECTION('',(0.,0.,1.));
#3048 = ADVANCED_FACE('',(#3049),#3061,.T.);
#3049 = FACE_BOUND('',#3050,.T.);
#3050 = EDGE_LOOP('',(#3051,#3052,#3059,#3060));
#3051 = ORIENTED_EDGE('',*,*,#2275,.F.);
#3052 = ORIENTED_EDGE('',*,*,#3053,.T.);
#3053 = EDGE_CURVE('',#2166,#2175,#3054,.T.);
#3054 = CIRCLE('',#3055,0.5);
#3055 = AXIS2_PLACEMENT_3D('',#3056,#3057,#3058);
#3056 = CARTESIAN_POINT('',(0.,-6.8,-4.75));
#3057 = DIRECTION('',(-0.,1.,0.));
#3058 = DIRECTION('',(0.,0.,1.));
#3059 = ORIENTED_EDGE('',*,*,#2292,.T.);
#3060 = ORIENTED_EDGE('',*,*,#2751,.F.);
#3061 = CYLINDRICAL_SURFACE('',#3062,0.5);
#3062 = AXIS2_PLACEMENT_3D('',#3063,#3064,#3065);
#3063 = CARTESIAN_POINT('',(0.,-7.,-4.75));
#3064 = DIRECTION('',(-0.,1.,-0.));
#3065 = DIRECTION('',(0.,0.,1.));
#3066 = ADVANCED_FACE('',(#3067),#3077,.F.);
#3067 = FACE_BOUND('',#3068,.T.);
#3068 = EDGE_LOOP('',(#3069,#3076));
#3069 = ORIENTED_EDGE('',*,*,#3070,.T.);
#3070 = EDGE_CURVE('',#2157,#2155,#3071,.T.);
#3071 = CIRCLE('',#3072,0.3);
#3072 = AXIS2_PLACEMENT_3D('',#3073,#3074,#3075);
#3073 = CARTESIAN_POINT('',(0.,-7.,-4.75));
#3074 = DIRECTION('',(0.,-1.,0.));
#3075 = DIRECTION('',(0.,0.,1.));
#3076 = ORIENTED_EDGE('',*,*,#2154,.T.);
#3077 = PLANE('',#3078);
#3078 = AXIS2_PLACEMENT_3D('',#3079,#3080,#3081);
#3079 = CARTESIAN_POINT('',(0.,-7.,-4.75));
#3080 = DIRECTION('',(-0.,1.,0.));
#3081 = DIRECTION('',(0.,0.,1.));
#3082 = ADVANCED_FACE('',(#3083),#3095,.T.);
#3083 = FACE_BOUND('',#3084,.T.);
#3084 = EDGE_LOOP('',(#3085,#3086,#3093,#3094));
#3085 = ORIENTED_EDGE('',*,*,#2243,.F.);
#3086 = ORIENTED_EDGE('',*,*,#3087,.T.);
#3087 = EDGE_CURVE('',#2210,#2219,#3088,.T.);
#3088 = CIRCLE('',#3089,0.5);
#3089 = AXIS2_PLACEMENT_3D('',#3090,#3091,#3092);
#3090 = CARTESIAN_POINT('',(-3.358757210636,-6.8,-3.358757210636));
#3091 = DIRECTION('',(-0.,1.,0.));
#3092 = DIRECTION('',(0.,0.,1.));
#3093 = ORIENTED_EDGE('',*,*,#2260,.T.);
#3094 = ORIENTED_EDGE('',*,*,#2741,.F.);
#3095 = CYLINDRICAL_SURFACE('',#3096,0.5);
#3096 = AXIS2_PLACEMENT_3D('',#3097,#3098,#3099);
#3097 = CARTESIAN_POINT('',(-3.358757210636,-7.,-3.358757210636));
#3098 = DIRECTION('',(-0.,1.,-0.));
#3099 = DIRECTION('',(0.,0.,1.));
#3100 = ADVANCED_FACE('',(#3101),#3111,.F.);
#3101 = FACE_BOUND('',#3102,.T.);
#3102 = EDGE_LOOP('',(#3103,#3110));
#3103 = ORIENTED_EDGE('',*,*,#3104,.T.);
#3104 = EDGE_CURVE('',#2201,#2199,#3105,.T.);
#3105 = CIRCLE('',#3106,0.3);
#3106 = AXIS2_PLACEMENT_3D('',#3107,#3108,#3109);
#3107 = CARTESIAN_POINT('',(-3.358757210636,-7.,-3.358757210636));
#3108 = DIRECTION('',(0.,-1.,0.));
#3109 = DIRECTION('',(0.,0.,1.));
#3110 = ORIENTED_EDGE('',*,*,#2198,.T.);
#3111 = PLANE('',#3112);
#3112 = AXIS2_PLACEMENT_3D('',#3113,#3114,#3115);
#3113 = CARTESIAN_POINT('',(-3.358757210636,-7.,-3.358757210636));
#3114 = DIRECTION('',(-0.,1.,0.));
#3115 = DIRECTION('',(0.,0.,1.));
#3116 = ADVANCED_FACE('',(#3117),#3123,.T.);
#3117 = FACE_BOUND('',#3118,.T.);
#3118 = EDGE_LOOP('',(#3119,#3120,#3121,#3122));
#3119 = ORIENTED_EDGE('',*,*,#2209,.F.);
#3120 = ORIENTED_EDGE('',*,*,#3104,.F.);
#3121 = ORIENTED_EDGE('',*,*,#2227,.T.);
#3122 = ORIENTED_EDGE('',*,*,#3087,.F.);
#3123 = TOROIDAL_SURFACE('',#3124,0.3,0.2);
#3124 = AXIS2_PLACEMENT_3D('',#3125,#3126,#3127);
#3125 = CARTESIAN_POINT('',(-3.358757210636,-6.8,-3.358757210636));
#3126 = DIRECTION('',(-0.,1.,-0.));
#3127 = DIRECTION('',(0.,0.,1.));
#3128 = ADVANCED_FACE('',(#3129),#3135,.T.);
#3129 = FACE_BOUND('',#3130,.T.);
#3130 = EDGE_LOOP('',(#3131,#3132,#3133,#3134));
#3131 = ORIENTED_EDGE('',*,*,#2165,.F.);
#3132 = ORIENTED_EDGE('',*,*,#3070,.F.);
#3133 = ORIENTED_EDGE('',*,*,#2183,.T.);
#3134 = ORIENTED_EDGE('',*,*,#3053,.F.);
#3135 = TOROIDAL_SURFACE('',#3136,0.3,0.2);
#3136 = AXIS2_PLACEMENT_3D('',#3137,#3138,#3139);
#3137 = CARTESIAN_POINT('',(0.,-6.8,-4.75));
#3138 = DIRECTION('',(-0.,1.,-0.));
#3139 = DIRECTION('',(0.,0.,1.));
#3140 = ADVANCED_FACE('',(#3141),#3147,.T.);
#3141 = FACE_BOUND('',#3142,.T.);
#3142 = EDGE_LOOP('',(#3143,#3144,#3145,#3146));
#3143 = ORIENTED_EDGE('',*,*,#2121,.F.);
#3144 = ORIENTED_EDGE('',*,*,#3036,.F.);
#3145 = ORIENTED_EDGE('',*,*,#2139,.T.);
#3146 = ORIENTED_EDGE('',*,*,#3019,.F.);
#3147 = TOROIDAL_SURFACE('',#3148,0.3,0.2);
#3148 = AXIS2_PLACEMENT_3D('',#3149,#3150,#3151);
#3149 = CARTESIAN_POINT('',(3.358757210636,-6.8,-3.358757210636));
#3150 = DIRECTION('',(-0.,1.,-0.));
#3151 = DIRECTION('',(0.,0.,1.));
#3152 = ADVANCED_FACE('',(#3153),#3159,.T.);
#3153 = FACE_BOUND('',#3154,.T.);
#3154 = EDGE_LOOP('',(#3155,#3156,#3157,#3158));
#3155 = ORIENTED_EDGE('',*,*,#2077,.F.);
#3156 = ORIENTED_EDGE('',*,*,#2985,.F.);
#3157 = ORIENTED_EDGE('',*,*,#2095,.T.);
#3158 = ORIENTED_EDGE('',*,*,#3003,.F.);
#3159 = TOROIDAL_SURFACE('',#3160,0.3,0.2);
#3160 = AXIS2_PLACEMENT_3D('',#3161,#3162,#3163);
#3161 = CARTESIAN_POINT('',(3.358757210636,-6.8,3.358757210636));
#3162 = DIRECTION('',(0.,-1.,0.));
#3163 = DIRECTION('',(0.,0.,-1.));
#3164 = ADVANCED_FACE('',(#3165),#3171,.T.);
#3165 = FACE_BOUND('',#3166,.T.);
#3166 = EDGE_LOOP('',(#3167,#3168,#3169,#3170));
#3167 = ORIENTED_EDGE('',*,*,#2033,.F.);
#3168 = ORIENTED_EDGE('',*,*,#2951,.F.);
#3169 = ORIENTED_EDGE('',*,*,#2051,.T.);
#3170 = ORIENTED_EDGE('',*,*,#2969,.F.);
#3171 = TOROIDAL_SURFACE('',#3172,0.3,0.2);
#3172 = AXIS2_PLACEMENT_3D('',#3173,#3174,#3175);
#3173 = CARTESIAN_POINT('',(0.,-6.8,4.75));
#3174 = DIRECTION('',(0.,-1.,0.));
#3175 = DIRECTION('',(0.,0.,-1.));
#3176 = ADVANCED_FACE('',(#3177),#3183,.T.);
#3177 = FACE_BOUND('',#3178,.T.);
#3178 = EDGE_LOOP('',(#3179,#3180,#3181,#3182));
#3179 = ORIENTED_EDGE('',*,*,#1989,.F.);
#3180 = ORIENTED_EDGE('',*,*,#2917,.F.);
#3181 = ORIENTED_EDGE('',*,*,#2007,.T.);
#3182 = ORIENTED_EDGE('',*,*,#2935,.F.);
#3183 = TOROIDAL_SURFACE('',#3184,0.3,0.2);
#3184 = AXIS2_PLACEMENT_3D('',#3185,#3186,#3187);
#3185 = CARTESIAN_POINT('',(-3.358757210636,-6.8,3.358757210636));
#3186 = DIRECTION('',(0.,-1.,0.));
#3187 = DIRECTION('',(0.,0.,-1.));
#3188 = ( GEOMETRIC_REPRESENTATION_CONTEXT(3) 
GLOBAL_UNCERTAINTY_ASSIGNED_CONTEXT((#3192)) 
GLOBAL_UNIT_ASSIGNED_CONTEXT((#3189,#3190,#3191)) REPRESENTATION_CONTEXT
('Context #1','3D Context with UNIT and UNCERTAINTY') );
#3189 = ( LENGTH_UNIT() NAMED_UNIT(*) SI_UNIT(.MILLI.,.METRE.) );
#3190 = ( NAMED_UNIT(*) PLANE_ANGLE_UNIT() SI_UNIT($,.RADIAN.) );
#3191 = ( NAMED_UNIT(*) SI_UNIT($,.STERADIAN.) SOLID_ANGLE_UNIT() );
#3192 = UNCERTAINTY_MEASURE_WITH_UNIT(LENGTH_MEASURE(1.E-07),#3189,
  'distance_accuracy_value','confusion accuracy');
#3193 = CONTEXT_DEPENDENT_SHAPE_REPRESENTATION(#3194,#3196);
#3194 = ( REPRESENTATION_RELATIONSHIP('','',#1971,#1948) 
REPRESENTATION_RELATIONSHIP_WITH_TRANSFORMATION(#3195) 
SHAPE_REPRESENTATION_RELATIONSHIP() );
#3195 = ITEM_DEFINED_TRANSFORMATION('','',#11,#1949);
#3196 = PRODUCT_DEFINITION_SHAPE('Placement','Placement of an item',
  #3197);
#3197 = NEXT_ASSEMBLY_USAGE_OCCURRENCE('3','=>[0:1:1:5]','',#1943,#1966,
  $);
#3198 = PRODUCT_RELATED_PRODUCT_CATEGORY('part',$,(#1968));
#3199 = SHAPE_DEFINITION_REPRESENTATION(#3200,#3206);
#3200 = PRODUCT_DEFINITION_SHAPE('','',#3201);
#3201 = PRODUCT_DEFINITION('design','',#3202,#3205);
#3202 = PRODUCT_DEFINITION_FORMATION('','',#3203);
#3203 = PRODUCT('0402LED','0402LED','',(#3204));
#3204 = PRODUCT_CONTEXT('',#2,'mechanical');
#3205 = PRODUCT_DEFINITION_CONTEXT('part definition',#2,'design');
#3206 = SHAPE_REPRESENTATION('',(#11,#3207),#3211);
#3207 = AXIS2_PLACEMENT_3D('',#3208,#3209,#3210);
#3208 = CARTESIAN_POINT('',(0.,0.,0.));
#3209 = DIRECTION('',(0.,0.,1.));
#3210 = DIRECTION('',(1.,0.,-0.));
#3211 = ( GEOMETRIC_REPRESENTATION_CONTEXT(3) 
GLOBAL_UNCERTAINTY_ASSIGNED_CONTEXT((#3215)) 
GLOBAL_UNIT_ASSIGNED_CONTEXT((#3212,#3213,#3214)) REPRESENTATION_CONTEXT
('Context #1','3D Context with UNIT and UNCERTAINTY') );
#3212 = ( LENGTH_UNIT() NAMED_UNIT(*) SI_UNIT(.MILLI.,.METRE.) );
#3213 = ( NAMED_UNIT(*) PLANE_ANGLE_UNIT() SI_UNIT($,.RADIAN.) );
#3214 = ( NAMED_UNIT(*) SI_UNIT($,.STERADIAN.) SOLID_ANGLE_UNIT() );
#3215 = UNCERTAINTY_MEASURE_WITH_UNIT(LENGTH_MEASURE(1.E-07),#3212,
  'distance_accuracy_value','confusion accuracy');
#3216 = CONTEXT_DEPENDENT_SHAPE_REPRESENTATION(#3217,#3219);
#3217 = ( REPRESENTATION_RELATIONSHIP('','',#3206,#10) 
REPRESENTATION_RELATIONSHIP_WITH_TRANSFORMATION(#3218) 
SHAPE_REPRESENTATION_RELATIONSHIP() );
#3218 = ITEM_DEFINED_TRANSFORMATION('','',#11,#23);
#3219 = PRODUCT_DEFINITION_SHAPE('Placement','Placement of an item',
  #3220);
#3220 = NEXT_ASSEMBLY_USAGE_OCCURRENCE('6','D1','',#5,#3201,$);
#3221 = PRODUCT_RELATED_PRODUCT_CATEGORY('part',$,(#3203));
#3222 = SHAPE_DEFINITION_REPRESENTATION(#3223,#3229);
#3223 = PRODUCT_DEFINITION_SHAPE('','',#3224);
#3224 = PRODUCT_DEFINITION('design','',#3225,#3228);
#3225 = PRODUCT_DEFINITION_FORMATION('','',#3226);
#3226 = PRODUCT('SML-P11MTT86','SML-P11MTT86','',(#3227));
#3227 = PRODUCT_CONTEXT('',#2,'mechanical');
#3228 = PRODUCT_DEFINITION_CONTEXT('part definition',#2,'design');
#3229 = SHAPE_REPRESENTATION('',(#11,#3230,#3384,#3538,#3820,#4576,#5301
    ,#6026),#6176);
#3230 = MANIFOLD_SOLID_BREP('',#3231);
#3231 = CLOSED_SHELL('',(#3232,#3272,#3305,#3338,#3355,#3372));
#3232 = ADVANCED_FACE('',(#3233),#3267,.F.);
#3233 = FACE_BOUND('',#3234,.T.);
#3234 = EDGE_LOOP('',(#3235,#3245,#3253,#3261));
#3235 = ORIENTED_EDGE('',*,*,#3236,.T.);
#3236 = EDGE_CURVE('',#3237,#3239,#3241,.T.);
#3237 = VERTEX_POINT('',#3238);
#3238 = CARTESIAN_POINT('',(-0.5,-3.E-02,-0.11));
#3239 = VERTEX_POINT('',#3240);
#3240 = CARTESIAN_POINT('',(-0.5,-3.E-02,0.11));
#3241 = LINE('',#3242,#3243);
#3242 = CARTESIAN_POINT('',(-0.5,-3.E-02,0.3));
#3243 = VECTOR('',#3244,1.);
#3244 = DIRECTION('',(-0.,-0.,1.));
#3245 = ORIENTED_EDGE('',*,*,#3246,.T.);
#3246 = EDGE_CURVE('',#3239,#3247,#3249,.T.);
#3247 = VERTEX_POINT('',#3248);
#3248 = CARTESIAN_POINT('',(-0.5,3.E-02,0.11));
#3249 = LINE('',#3250,#3251);
#3250 = CARTESIAN_POINT('',(-0.5,-1.,0.11));
#3251 = VECTOR('',#3252,1.);
#3252 = DIRECTION('',(-0.,1.,-0.));
#3253 = ORIENTED_EDGE('',*,*,#3254,.F.);
#3254 = EDGE_CURVE('',#3255,#3247,#3257,.T.);
#3255 = VERTEX_POINT('',#3256);
#3256 = CARTESIAN_POINT('',(-0.5,3.E-02,-0.11));
#3257 = LINE('',#3258,#3259);
#3258 = CARTESIAN_POINT('',(-0.5,3.E-02,0.3));
#3259 = VECTOR('',#3260,1.);
#3260 = DIRECTION('',(-0.,-0.,1.));
#3261 = ORIENTED_EDGE('',*,*,#3262,.F.);
#3262 = EDGE_CURVE('',#3237,#3255,#3263,.T.);
#3263 = LINE('',#3264,#3265);
#3264 = CARTESIAN_POINT('',(-0.5,-1.,-0.11));
#3265 = VECTOR('',#3266,1.);
#3266 = DIRECTION('',(-0.,1.,-0.));
#3267 = PLANE('',#3268);
#3268 = AXIS2_PLACEMENT_3D('',#3269,#3270,#3271);
#3269 = CARTESIAN_POINT('',(-0.5,3.E-02,0.3));
#3270 = DIRECTION('',(1.,-0.,0.));
#3271 = DIRECTION('',(0.,0.,-1.));
#3272 = ADVANCED_FACE('',(#3273),#3300,.T.);
#3273 = FACE_BOUND('',#3274,.T.);
#3274 = EDGE_LOOP('',(#3275,#3284,#3292,#3299));
#3275 = ORIENTED_EDGE('',*,*,#3276,.F.);
#3276 = EDGE_CURVE('',#3277,#3247,#3279,.T.);
#3277 = VERTEX_POINT('',#3278);
#3278 = CARTESIAN_POINT('',(-0.46,3.E-02,0.11425824379));
#3279 = CIRCLE('',#3280,0.19);
#3280 = AXIS2_PLACEMENT_3D('',#3281,#3282,#3283);
#3281 = CARTESIAN_POINT('',(-0.5,3.E-02,0.3));
#3282 = DIRECTION('',(0.,1.,0.));
#3283 = DIRECTION('',(0.,-0.,1.));
#3284 = ORIENTED_EDGE('',*,*,#3285,.F.);
#3285 = EDGE_CURVE('',#3286,#3277,#3288,.T.);
#3286 = VERTEX_POINT('',#3287);
#3287 = CARTESIAN_POINT('',(-0.46,3.E-02,-0.11425824379));
#3288 = LINE('',#3289,#3290);
#3289 = CARTESIAN_POINT('',(-0.46,3.E-02,0.));
#3290 = VECTOR('',#3291,1.);
#3291 = DIRECTION('',(0.,-0.,1.));
#3292 = ORIENTED_EDGE('',*,*,#3293,.T.);
#3293 = EDGE_CURVE('',#3286,#3255,#3294,.T.);
#3294 = CIRCLE('',#3295,0.19);
#3295 = AXIS2_PLACEMENT_3D('',#3296,#3297,#3298);
#3296 = CARTESIAN_POINT('',(-0.5,3.E-02,-0.3));
#3297 = DIRECTION('',(-0.,-1.,0.));
#3298 = DIRECTION('',(9.130123557773E-15,-0.,1.));
#3299 = ORIENTED_EDGE('',*,*,#3254,.T.);
#3300 = PLANE('',#3301);
#3301 = AXIS2_PLACEMENT_3D('',#3302,#3303,#3304);
#3302 = CARTESIAN_POINT('',(0.,3.E-02,0.));
#3303 = DIRECTION('',(0.,1.,0.));
#3304 = DIRECTION('',(0.,-0.,1.));
#3305 = ADVANCED_FACE('',(#3306),#3333,.F.);
#3306 = FACE_BOUND('',#3307,.T.);
#3307 = EDGE_LOOP('',(#3308,#3318,#3325,#3326));
#3308 = ORIENTED_EDGE('',*,*,#3309,.T.);
#3309 = EDGE_CURVE('',#3310,#3312,#3314,.T.);
#3310 = VERTEX_POINT('',#3311);
#3311 = CARTESIAN_POINT('',(-0.46,-3.E-02,-0.11425824379));
#3312 = VERTEX_POINT('',#3313);
#3313 = CARTESIAN_POINT('',(-0.46,-3.E-02,0.11425824379));
#3314 = LINE('',#3315,#3316);
#3315 = CARTESIAN_POINT('',(-0.46,-3.E-02,0.));
#3316 = VECTOR('',#3317,1.);
#3317 = DIRECTION('',(0.,-0.,1.));
#3318 = ORIENTED_EDGE('',*,*,#3319,.T.);
#3319 = EDGE_CURVE('',#3312,#3239,#3320,.T.);
#3320 = CIRCLE('',#3321,0.19);
#3321 = AXIS2_PLACEMENT_3D('',#3322,#3323,#3324);
#3322 = CARTESIAN_POINT('',(-0.5,-3.E-02,0.3));
#3323 = DIRECTION('',(0.,1.,0.));
#3324 = DIRECTION('',(0.,-0.,1.));
#3325 = ORIENTED_EDGE('',*,*,#3236,.F.);
#3326 = ORIENTED_EDGE('',*,*,#3327,.F.);
#3327 = EDGE_CURVE('',#3310,#3237,#3328,.T.);
#3328 = CIRCLE('',#3329,0.19);
#3329 = AXIS2_PLACEMENT_3D('',#3330,#3331,#3332);
#3330 = CARTESIAN_POINT('',(-0.5,-3.E-02,-0.3));
#3331 = DIRECTION('',(-0.,-1.,0.));
#3332 = DIRECTION('',(9.700756280133E-15,-0.,1.));
#3333 = PLANE('',#3334);
#3334 = AXIS2_PLACEMENT_3D('',#3335,#3336,#3337);
#3335 = CARTESIAN_POINT('',(0.,-3.E-02,0.));
#3336 = DIRECTION('',(0.,1.,0.));
#3337 = DIRECTION('',(0.,-0.,1.));
#3338 = ADVANCED_FACE('',(#3339),#3350,.F.);
#3339 = FACE_BOUND('',#3340,.F.);
#3340 = EDGE_LOOP('',(#3341,#3342,#3343,#3344));
#3341 = ORIENTED_EDGE('',*,*,#3293,.T.);
#3342 = ORIENTED_EDGE('',*,*,#3262,.F.);
#3343 = ORIENTED_EDGE('',*,*,#3327,.F.);
#3344 = ORIENTED_EDGE('',*,*,#3345,.T.);
#3345 = EDGE_CURVE('',#3310,#3286,#3346,.T.);
#3346 = LINE('',#3347,#3348);
#3347 = CARTESIAN_POINT('',(-0.46,-1.,-0.11425824379));
#3348 = VECTOR('',#3349,1.);
#3349 = DIRECTION('',(-0.,1.,-0.));
#3350 = CYLINDRICAL_SURFACE('',#3351,0.19);
#3351 = AXIS2_PLACEMENT_3D('',#3352,#3353,#3354);
#3352 = CARTESIAN_POINT('',(-0.5,-1.,-0.3));
#3353 = DIRECTION('',(-0.,1.,-0.));
#3354 = DIRECTION('',(0.,0.,1.));
#3355 = ADVANCED_FACE('',(#3356),#3367,.F.);
#3356 = FACE_BOUND('',#3357,.T.);
#3357 = EDGE_LOOP('',(#3358,#3359,#3365,#3366));
#3358 = ORIENTED_EDGE('',*,*,#3285,.T.);
#3359 = ORIENTED_EDGE('',*,*,#3360,.F.);
#3360 = EDGE_CURVE('',#3312,#3277,#3361,.T.);
#3361 = LINE('',#3362,#3363);
#3362 = CARTESIAN_POINT('',(-0.46,-1.,0.11425824379));
#3363 = VECTOR('',#3364,1.);
#3364 = DIRECTION('',(-0.,1.,-0.));
#3365 = ORIENTED_EDGE('',*,*,#3309,.F.);
#3366 = ORIENTED_EDGE('',*,*,#3345,.T.);
#3367 = PLANE('',#3368);
#3368 = AXIS2_PLACEMENT_3D('',#3369,#3370,#3371);
#3369 = CARTESIAN_POINT('',(-0.46,-1.,0.));
#3370 = DIRECTION('',(-1.,0.,0.));
#3371 = DIRECTION('',(0.,0.,1.));
#3372 = ADVANCED_FACE('',(#3373),#3379,.F.);
#3373 = FACE_BOUND('',#3374,.F.);
#3374 = EDGE_LOOP('',(#3375,#3376,#3377,#3378));
#3375 = ORIENTED_EDGE('',*,*,#3360,.F.);
#3376 = ORIENTED_EDGE('',*,*,#3319,.T.);
#3377 = ORIENTED_EDGE('',*,*,#3246,.T.);
#3378 = ORIENTED_EDGE('',*,*,#3276,.F.);
#3379 = CYLINDRICAL_SURFACE('',#3380,0.19);
#3380 = AXIS2_PLACEMENT_3D('',#3381,#3382,#3383);
#3381 = CARTESIAN_POINT('',(-0.5,-1.,0.3));
#3382 = DIRECTION('',(-0.,1.,-0.));
#3383 = DIRECTION('',(0.,0.,1.));
#3384 = MANIFOLD_SOLID_BREP('',#3385);
#3385 = CLOSED_SHELL('',(#3386,#3428,#3470,#3492,#3509,#3526));
#3386 = ADVANCED_FACE('',(#3387),#3423,.T.);
#3387 = FACE_BOUND('',#3388,.T.);
#3388 = EDGE_LOOP('',(#3389,#3400,#3408,#3417));
#3389 = ORIENTED_EDGE('',*,*,#3390,.F.);
#3390 = EDGE_CURVE('',#3391,#3393,#3395,.T.);
#3391 = VERTEX_POINT('',#3392);
#3392 = CARTESIAN_POINT('',(0.46,3.E-02,-0.11425824379));
#3393 = VERTEX_POINT('',#3394);
#3394 = CARTESIAN_POINT('',(0.5,3.E-02,-0.11));
#3395 = CIRCLE('',#3396,0.19);
#3396 = AXIS2_PLACEMENT_3D('',#3397,#3398,#3399);
#3397 = CARTESIAN_POINT('',(0.5,3.E-02,-0.3));
#3398 = DIRECTION('',(0.,1.,0.));
#3399 = DIRECTION('',(0.,-0.,1.));
#3400 = ORIENTED_EDGE('',*,*,#3401,.T.);
#3401 = EDGE_CURVE('',#3391,#3402,#3404,.T.);
#3402 = VERTEX_POINT('',#3403);
#3403 = CARTESIAN_POINT('',(0.46,3.E-02,0.11425824379));
#3404 = LINE('',#3405,#3406);
#3405 = CARTESIAN_POINT('',(0.46,3.E-02,0.));
#3406 = VECTOR('',#3407,1.);
#3407 = DIRECTION('',(0.,-0.,1.));
#3408 = ORIENTED_EDGE('',*,*,#3409,.T.);
#3409 = EDGE_CURVE('',#3402,#3410,#3412,.T.);
#3410 = VERTEX_POINT('',#3411);
#3411 = CARTESIAN_POINT('',(0.5,3.E-02,0.11));
#3412 = CIRCLE('',#3413,0.19);
#3413 = AXIS2_PLACEMENT_3D('',#3414,#3415,#3416);
#3414 = CARTESIAN_POINT('',(0.5,3.E-02,0.3));
#3415 = DIRECTION('',(-0.,-1.,0.));
#3416 = DIRECTION('',(6.84759266833E-15,-0.,1.));
#3417 = ORIENTED_EDGE('',*,*,#3418,.T.);
#3418 = EDGE_CURVE('',#3410,#3393,#3419,.T.);
#3419 = LINE('',#3420,#3421);
#3420 = CARTESIAN_POINT('',(0.5,3.E-02,0.3));
#3421 = VECTOR('',#3422,1.);
#3422 = DIRECTION('',(0.,0.,-1.));
#3423 = PLANE('',#3424);
#3424 = AXIS2_PLACEMENT_3D('',#3425,#3426,#3427);
#3425 = CARTESIAN_POINT('',(0.,3.E-02,0.));
#3426 = DIRECTION('',(0.,1.,0.));
#3427 = DIRECTION('',(0.,-0.,1.));
#3428 = ADVANCED_FACE('',(#3429),#3465,.F.);
#3429 = FACE_BOUND('',#3430,.T.);
#3430 = EDGE_LOOP('',(#3431,#3441,#3450,#3458));
#3431 = ORIENTED_EDGE('',*,*,#3432,.F.);
#3432 = EDGE_CURVE('',#3433,#3435,#3437,.T.);
#3433 = VERTEX_POINT('',#3434);
#3434 = CARTESIAN_POINT('',(0.46,-3.E-02,-0.11425824379));
#3435 = VERTEX_POINT('',#3436);
#3436 = CARTESIAN_POINT('',(0.46,-3.E-02,0.11425824379));
#3437 = LINE('',#3438,#3439);
#3438 = CARTESIAN_POINT('',(0.46,-3.E-02,0.));
#3439 = VECTOR('',#3440,1.);
#3440 = DIRECTION('',(0.,-0.,1.));
#3441 = ORIENTED_EDGE('',*,*,#3442,.T.);
#3442 = EDGE_CURVE('',#3433,#3443,#3445,.T.);
#3443 = VERTEX_POINT('',#3444);
#3444 = CARTESIAN_POINT('',(0.5,-3.E-02,-0.11));
#3445 = CIRCLE('',#3446,0.19);
#3446 = AXIS2_PLACEMENT_3D('',#3447,#3448,#3449);
#3447 = CARTESIAN_POINT('',(0.5,-3.E-02,-0.3));
#3448 = DIRECTION('',(0.,1.,0.));
#3449 = DIRECTION('',(0.,-0.,1.));
#3450 = ORIENTED_EDGE('',*,*,#3451,.F.);
#3451 = EDGE_CURVE('',#3452,#3443,#3454,.T.);
#3452 = VERTEX_POINT('',#3453);
#3453 = CARTESIAN_POINT('',(0.5,-3.E-02,0.11));
#3454 = LINE('',#3455,#3456);
#3455 = CARTESIAN_POINT('',(0.5,-3.E-02,0.3));
#3456 = VECTOR('',#3457,1.);
#3457 = DIRECTION('',(0.,0.,-1.));
#3458 = ORIENTED_EDGE('',*,*,#3459,.F.);
#3459 = EDGE_CURVE('',#3435,#3452,#3460,.T.);
#3460 = CIRCLE('',#3461,0.19);
#3461 = AXIS2_PLACEMENT_3D('',#3462,#3463,#3464);
#3462 = CARTESIAN_POINT('',(0.5,-3.E-02,0.3));
#3463 = DIRECTION('',(-0.,-1.,0.));
#3464 = DIRECTION('',(6.84759266833E-15,-0.,1.));
#3465 = PLANE('',#3466);
#3466 = AXIS2_PLACEMENT_3D('',#3467,#3468,#3469);
#3467 = CARTESIAN_POINT('',(0.,-3.E-02,0.));
#3468 = DIRECTION('',(0.,1.,0.));
#3469 = DIRECTION('',(0.,-0.,1.));
#3470 = ADVANCED_FACE('',(#3471),#3487,.F.);
#3471 = FACE_BOUND('',#3472,.T.);
#3472 = EDGE_LOOP('',(#3473,#3474,#3480,#3481));
#3473 = ORIENTED_EDGE('',*,*,#3451,.T.);
#3474 = ORIENTED_EDGE('',*,*,#3475,.T.);
#3475 = EDGE_CURVE('',#3443,#3393,#3476,.T.);
#3476 = LINE('',#3477,#3478);
#3477 = CARTESIAN_POINT('',(0.5,-1.,-0.11));
#3478 = VECTOR('',#3479,1.);
#3479 = DIRECTION('',(-0.,1.,-0.));
#3480 = ORIENTED_EDGE('',*,*,#3418,.F.);
#3481 = ORIENTED_EDGE('',*,*,#3482,.F.);
#3482 = EDGE_CURVE('',#3452,#3410,#3483,.T.);
#3483 = LINE('',#3484,#3485);
#3484 = CARTESIAN_POINT('',(0.5,-1.,0.11));
#3485 = VECTOR('',#3486,1.);
#3486 = DIRECTION('',(-0.,1.,-0.));
#3487 = PLANE('',#3488);
#3488 = AXIS2_PLACEMENT_3D('',#3489,#3490,#3491);
#3489 = CARTESIAN_POINT('',(0.5,3.E-02,0.3));
#3490 = DIRECTION('',(-1.,0.,0.));
#3491 = DIRECTION('',(0.,0.,1.));
#3492 = ADVANCED_FACE('',(#3493),#3504,.F.);
#3493 = FACE_BOUND('',#3494,.F.);
#3494 = EDGE_LOOP('',(#3495,#3496,#3497,#3498));
#3495 = ORIENTED_EDGE('',*,*,#3409,.T.);
#3496 = ORIENTED_EDGE('',*,*,#3482,.F.);
#3497 = ORIENTED_EDGE('',*,*,#3459,.F.);
#3498 = ORIENTED_EDGE('',*,*,#3499,.T.);
#3499 = EDGE_CURVE('',#3435,#3402,#3500,.T.);
#3500 = LINE('',#3501,#3502);
#3501 = CARTESIAN_POINT('',(0.46,-1.,0.11425824379));
#3502 = VECTOR('',#3503,1.);
#3503 = DIRECTION('',(-0.,1.,-0.));
#3504 = CYLINDRICAL_SURFACE('',#3505,0.19);
#3505 = AXIS2_PLACEMENT_3D('',#3506,#3507,#3508);
#3506 = CARTESIAN_POINT('',(0.5,-1.,0.3));
#3507 = DIRECTION('',(-0.,1.,-0.));
#3508 = DIRECTION('',(0.,0.,1.));
#3509 = ADVANCED_FACE('',(#3510),#3521,.T.);
#3510 = FACE_BOUND('',#3511,.T.);
#3511 = EDGE_LOOP('',(#3512,#3518,#3519,#3520));
#3512 = ORIENTED_EDGE('',*,*,#3513,.F.);
#3513 = EDGE_CURVE('',#3433,#3391,#3514,.T.);
#3514 = LINE('',#3515,#3516);
#3515 = CARTESIAN_POINT('',(0.46,-1.,-0.11425824379));
#3516 = VECTOR('',#3517,1.);
#3517 = DIRECTION('',(-0.,1.,-0.));
#3518 = ORIENTED_EDGE('',*,*,#3432,.T.);
#3519 = ORIENTED_EDGE('',*,*,#3499,.T.);
#3520 = ORIENTED_EDGE('',*,*,#3401,.F.);
#3521 = PLANE('',#3522);
#3522 = AXIS2_PLACEMENT_3D('',#3523,#3524,#3525);
#3523 = CARTESIAN_POINT('',(0.46,-1.,0.));
#3524 = DIRECTION('',(-1.,0.,0.));
#3525 = DIRECTION('',(0.,0.,1.));
#3526 = ADVANCED_FACE('',(#3527),#3533,.F.);
#3527 = FACE_BOUND('',#3528,.F.);
#3528 = EDGE_LOOP('',(#3529,#3530,#3531,#3532));
#3529 = ORIENTED_EDGE('',*,*,#3513,.F.);
#3530 = ORIENTED_EDGE('',*,*,#3442,.T.);
#3531 = ORIENTED_EDGE('',*,*,#3475,.T.);
#3532 = ORIENTED_EDGE('',*,*,#3390,.F.);
#3533 = CYLINDRICAL_SURFACE('',#3534,0.19);
#3534 = AXIS2_PLACEMENT_3D('',#3535,#3536,#3537);
#3535 = CARTESIAN_POINT('',(0.5,-1.,-0.3));
#3536 = DIRECTION('',(-0.,1.,-0.));
#3537 = DIRECTION('',(0.,0.,1.));
#3538 = MANIFOLD_SOLID_BREP('',#3539);
#3539 = CLOSED_SHELL('',(#3540,#3612,#3643,#3667,#3691,#3715,#3739,#3763
    ,#3787,#3804));
#3540 = ADVANCED_FACE('',(#3541),#3607,.F.);
#3541 = FACE_BOUND('',#3542,.T.);
#3542 = EDGE_LOOP('',(#3543,#3553,#3561,#3569,#3577,#3585,#3593,#3601));
#3543 = ORIENTED_EDGE('',*,*,#3544,.F.);
#3544 = EDGE_CURVE('',#3545,#3547,#3549,.T.);
#3545 = VERTEX_POINT('',#3546);
#3546 = CARTESIAN_POINT('',(9.988917069349E-02,-3.E-02,0.3));
#3547 = VERTEX_POINT('',#3548);
#3548 = CARTESIAN_POINT('',(-5.040279255176E-02,-3.E-02,0.3));
#3549 = LINE('',#3550,#3551);
#3550 = CARTESIAN_POINT('',(9.988917069349E-02,-3.E-02,0.3));
#3551 = VECTOR('',#3552,1.);
#3552 = DIRECTION('',(-1.,0.,0.));
#3553 = ORIENTED_EDGE('',*,*,#3554,.F.);
#3554 = EDGE_CURVE('',#3555,#3545,#3557,.T.);
#3555 = VERTEX_POINT('',#3556);
#3556 = CARTESIAN_POINT('',(9.988917069349E-02,-3.E-02,-0.3));
#3557 = LINE('',#3558,#3559);
#3558 = CARTESIAN_POINT('',(9.988917069349E-02,-3.E-02,-0.3));
#3559 = VECTOR('',#3560,1.);
#3560 = DIRECTION('',(0.,0.,1.));
#3561 = ORIENTED_EDGE('',*,*,#3562,.F.);
#3562 = EDGE_CURVE('',#3563,#3555,#3565,.T.);
#3563 = VERTEX_POINT('',#3564);
#3564 = CARTESIAN_POINT('',(-5.040279255176E-02,-3.E-02,-0.3));
#3565 = LINE('',#3566,#3567);
#3566 = CARTESIAN_POINT('',(9.988917069349E-02,-3.E-02,-0.3));
#3567 = VECTOR('',#3568,1.);
#3568 = DIRECTION('',(1.,-0.,-0.));
#3569 = ORIENTED_EDGE('',*,*,#3570,.F.);
#3570 = EDGE_CURVE('',#3571,#3563,#3573,.T.);
#3571 = VERTEX_POINT('',#3572);
#3572 = CARTESIAN_POINT('',(-5.040279255176E-02,-3.E-02,-0.15));
#3573 = LINE('',#3574,#3575);
#3574 = CARTESIAN_POINT('',(-5.040279255176E-02,-3.E-02,-0.3));
#3575 = VECTOR('',#3576,1.);
#3576 = DIRECTION('',(-0.,-0.,-1.));
#3577 = ORIENTED_EDGE('',*,*,#3578,.F.);
#3578 = EDGE_CURVE('',#3579,#3571,#3581,.T.);
#3579 = VERTEX_POINT('',#3580);
#3580 = CARTESIAN_POINT('',(-9.988917069349E-02,-3.E-02,-0.15));
#3581 = LINE('',#3582,#3583);
#3582 = CARTESIAN_POINT('',(-5.040279255176E-02,-3.E-02,-0.15));
#3583 = VECTOR('',#3584,1.);
#3584 = DIRECTION('',(1.,-0.,-0.));
#3585 = ORIENTED_EDGE('',*,*,#3586,.F.);
#3586 = EDGE_CURVE('',#3587,#3579,#3589,.T.);
#3587 = VERTEX_POINT('',#3588);
#3588 = CARTESIAN_POINT('',(-9.988917069349E-02,-3.E-02,0.15));
#3589 = LINE('',#3590,#3591);
#3590 = CARTESIAN_POINT('',(-9.988917069349E-02,-3.E-02,0.15));
#3591 = VECTOR('',#3592,1.);
#3592 = DIRECTION('',(0.,0.,-1.));
#3593 = ORIENTED_EDGE('',*,*,#3594,.F.);
#3594 = EDGE_CURVE('',#3595,#3587,#3597,.T.);
#3595 = VERTEX_POINT('',#3596);
#3596 = CARTESIAN_POINT('',(-5.040279255176E-02,-3.E-02,0.15));
#3597 = LINE('',#3598,#3599);
#3598 = CARTESIAN_POINT('',(-5.040279255176E-02,-3.E-02,0.15));
#3599 = VECTOR('',#3600,1.);
#3600 = DIRECTION('',(-1.,0.,0.));
#3601 = ORIENTED_EDGE('',*,*,#3602,.F.);
#3602 = EDGE_CURVE('',#3547,#3595,#3603,.T.);
#3603 = LINE('',#3604,#3605);
#3604 = CARTESIAN_POINT('',(-5.040279255176E-02,-3.E-02,0.3));
#3605 = VECTOR('',#3606,1.);
#3606 = DIRECTION('',(0.,0.,-1.));
#3607 = PLANE('',#3608);
#3608 = AXIS2_PLACEMENT_3D('',#3609,#3610,#3611);
#3609 = CARTESIAN_POINT('',(0.,-3.E-02,0.));
#3610 = DIRECTION('',(0.,-1.,-0.));
#3611 = DIRECTION('',(0.,0.,-1.));
#3612 = ADVANCED_FACE('',(#3613),#3638,.F.);
#3613 = FACE_BOUND('',#3614,.T.);
#3614 = EDGE_LOOP('',(#3615,#3623,#3631,#3637));
#3615 = ORIENTED_EDGE('',*,*,#3616,.F.);
#3616 = EDGE_CURVE('',#3617,#3545,#3619,.T.);
#3617 = VERTEX_POINT('',#3618);
#3618 = CARTESIAN_POINT('',(9.988917069349E-02,-4.E-02,0.3));
#3619 = LINE('',#3620,#3621);
#3620 = CARTESIAN_POINT('',(9.988917069349E-02,-0.672385472388,0.3));
#3621 = VECTOR('',#3622,1.);
#3622 = DIRECTION('',(-0.,1.,-0.));
#3623 = ORIENTED_EDGE('',*,*,#3624,.T.);
#3624 = EDGE_CURVE('',#3617,#3625,#3627,.T.);
#3625 = VERTEX_POINT('',#3626);
#3626 = CARTESIAN_POINT('',(9.988917069349E-02,-4.E-02,-0.3));
#3627 = LINE('',#3628,#3629);
#3628 = CARTESIAN_POINT('',(9.988917069349E-02,-4.E-02,-0.3));
#3629 = VECTOR('',#3630,1.);
#3630 = DIRECTION('',(0.,0.,-1.));
#3631 = ORIENTED_EDGE('',*,*,#3632,.T.);
#3632 = EDGE_CURVE('',#3625,#3555,#3633,.T.);
#3633 = LINE('',#3634,#3635);
#3634 = CARTESIAN_POINT('',(9.988917069349E-02,-0.672385472388,-0.3));
#3635 = VECTOR('',#3636,1.);
#3636 = DIRECTION('',(-0.,1.,-0.));
#3637 = ORIENTED_EDGE('',*,*,#3554,.T.);
#3638 = PLANE('',#3639);
#3639 = AXIS2_PLACEMENT_3D('',#3640,#3641,#3642);
#3640 = CARTESIAN_POINT('',(9.988917069349E-02,-0.672385472388,-0.3));
#3641 = DIRECTION('',(-1.,0.,0.));
#3642 = DIRECTION('',(0.,0.,1.));
#3643 = ADVANCED_FACE('',(#3644),#3662,.F.);
#3644 = FACE_BOUND('',#3645,.T.);
#3645 = EDGE_LOOP('',(#3646,#3647,#3655,#3661));
#3646 = ORIENTED_EDGE('',*,*,#3632,.F.);
#3647 = ORIENTED_EDGE('',*,*,#3648,.T.);
#3648 = EDGE_CURVE('',#3625,#3649,#3651,.T.);
#3649 = VERTEX_POINT('',#3650);
#3650 = CARTESIAN_POINT('',(-5.040279255176E-02,-4.E-02,-0.3));
#3651 = LINE('',#3652,#3653);
#3652 = CARTESIAN_POINT('',(9.988917069349E-02,-4.E-02,-0.3));
#3653 = VECTOR('',#3654,1.);
#3654 = DIRECTION('',(-1.,0.,0.));
#3655 = ORIENTED_EDGE('',*,*,#3656,.T.);
#3656 = EDGE_CURVE('',#3649,#3563,#3657,.T.);
#3657 = LINE('',#3658,#3659);
#3658 = CARTESIAN_POINT('',(-5.040279255176E-02,-0.672385472388,-0.3));
#3659 = VECTOR('',#3660,1.);
#3660 = DIRECTION('',(-0.,1.,-0.));
#3661 = ORIENTED_EDGE('',*,*,#3562,.T.);
#3662 = PLANE('',#3663);
#3663 = AXIS2_PLACEMENT_3D('',#3664,#3665,#3666);
#3664 = CARTESIAN_POINT('',(9.988917069349E-02,-0.672385472388,-0.3));
#3665 = DIRECTION('',(0.,0.,1.));
#3666 = DIRECTION('',(1.,0.,-0.));
#3667 = ADVANCED_FACE('',(#3668),#3686,.F.);
#3668 = FACE_BOUND('',#3669,.T.);
#3669 = EDGE_LOOP('',(#3670,#3671,#3679,#3685));
#3670 = ORIENTED_EDGE('',*,*,#3656,.F.);
#3671 = ORIENTED_EDGE('',*,*,#3672,.T.);
#3672 = EDGE_CURVE('',#3649,#3673,#3675,.T.);
#3673 = VERTEX_POINT('',#3674);
#3674 = CARTESIAN_POINT('',(-5.040279255176E-02,-4.E-02,-0.15));
#3675 = LINE('',#3676,#3677);
#3676 = CARTESIAN_POINT('',(-5.040279255176E-02,-4.E-02,-0.3));
#3677 = VECTOR('',#3678,1.);
#3678 = DIRECTION('',(0.,-0.,1.));
#3679 = ORIENTED_EDGE('',*,*,#3680,.T.);
#3680 = EDGE_CURVE('',#3673,#3571,#3681,.T.);
#3681 = LINE('',#3682,#3683);
#3682 = CARTESIAN_POINT('',(-5.040279255176E-02,-0.672385472388,-0.15));
#3683 = VECTOR('',#3684,1.);
#3684 = DIRECTION('',(-0.,1.,-0.));
#3685 = ORIENTED_EDGE('',*,*,#3570,.T.);
#3686 = PLANE('',#3687);
#3687 = AXIS2_PLACEMENT_3D('',#3688,#3689,#3690);
#3688 = CARTESIAN_POINT('',(-5.040279255176E-02,-0.672385472388,-0.3));
#3689 = DIRECTION('',(1.,0.,-0.));
#3690 = DIRECTION('',(-0.,0.,-1.));
#3691 = ADVANCED_FACE('',(#3692),#3710,.F.);
#3692 = FACE_BOUND('',#3693,.T.);
#3693 = EDGE_LOOP('',(#3694,#3695,#3703,#3709));
#3694 = ORIENTED_EDGE('',*,*,#3680,.F.);
#3695 = ORIENTED_EDGE('',*,*,#3696,.T.);
#3696 = EDGE_CURVE('',#3673,#3697,#3699,.T.);
#3697 = VERTEX_POINT('',#3698);
#3698 = CARTESIAN_POINT('',(-9.988917069349E-02,-4.E-02,-0.15));
#3699 = LINE('',#3700,#3701);
#3700 = CARTESIAN_POINT('',(-5.040279255176E-02,-4.E-02,-0.15));
#3701 = VECTOR('',#3702,1.);
#3702 = DIRECTION('',(-1.,0.,0.));
#3703 = ORIENTED_EDGE('',*,*,#3704,.T.);
#3704 = EDGE_CURVE('',#3697,#3579,#3705,.T.);
#3705 = LINE('',#3706,#3707);
#3706 = CARTESIAN_POINT('',(-9.988917069349E-02,-0.672385472388,-0.15));
#3707 = VECTOR('',#3708,1.);
#3708 = DIRECTION('',(-0.,1.,-0.));
#3709 = ORIENTED_EDGE('',*,*,#3578,.T.);
#3710 = PLANE('',#3711);
#3711 = AXIS2_PLACEMENT_3D('',#3712,#3713,#3714);
#3712 = CARTESIAN_POINT('',(-5.040279255176E-02,-0.672385472388,-0.15));
#3713 = DIRECTION('',(0.,0.,1.));
#3714 = DIRECTION('',(1.,0.,-0.));
#3715 = ADVANCED_FACE('',(#3716),#3734,.F.);
#3716 = FACE_BOUND('',#3717,.T.);
#3717 = EDGE_LOOP('',(#3718,#3719,#3727,#3733));
#3718 = ORIENTED_EDGE('',*,*,#3704,.F.);
#3719 = ORIENTED_EDGE('',*,*,#3720,.T.);
#3720 = EDGE_CURVE('',#3697,#3721,#3723,.T.);
#3721 = VERTEX_POINT('',#3722);
#3722 = CARTESIAN_POINT('',(-9.988917069349E-02,-4.E-02,0.15));
#3723 = LINE('',#3724,#3725);
#3724 = CARTESIAN_POINT('',(-9.988917069349E-02,-4.E-02,0.15));
#3725 = VECTOR('',#3726,1.);
#3726 = DIRECTION('',(0.,0.,1.));
#3727 = ORIENTED_EDGE('',*,*,#3728,.T.);
#3728 = EDGE_CURVE('',#3721,#3587,#3729,.T.);
#3729 = LINE('',#3730,#3731);
#3730 = CARTESIAN_POINT('',(-9.988917069349E-02,-0.672385472388,0.15));
#3731 = VECTOR('',#3732,1.);
#3732 = DIRECTION('',(-0.,1.,-0.));
#3733 = ORIENTED_EDGE('',*,*,#3586,.T.);
#3734 = PLANE('',#3735);
#3735 = AXIS2_PLACEMENT_3D('',#3736,#3737,#3738);
#3736 = CARTESIAN_POINT('',(-9.988917069349E-02,-0.672385472388,0.15));
#3737 = DIRECTION('',(1.,0.,0.));
#3738 = DIRECTION('',(0.,0.,-1.));
#3739 = ADVANCED_FACE('',(#3740),#3758,.F.);
#3740 = FACE_BOUND('',#3741,.T.);
#3741 = EDGE_LOOP('',(#3742,#3743,#3751,#3757));
#3742 = ORIENTED_EDGE('',*,*,#3728,.F.);
#3743 = ORIENTED_EDGE('',*,*,#3744,.T.);
#3744 = EDGE_CURVE('',#3721,#3745,#3747,.T.);
#3745 = VERTEX_POINT('',#3746);
#3746 = CARTESIAN_POINT('',(-5.040279255176E-02,-4.E-02,0.15));
#3747 = LINE('',#3748,#3749);
#3748 = CARTESIAN_POINT('',(-5.040279255176E-02,-4.E-02,0.15));
#3749 = VECTOR('',#3750,1.);
#3750 = DIRECTION('',(1.,0.,0.));
#3751 = ORIENTED_EDGE('',*,*,#3752,.T.);
#3752 = EDGE_CURVE('',#3745,#3595,#3753,.T.);
#3753 = LINE('',#3754,#3755);
#3754 = CARTESIAN_POINT('',(-5.040279255176E-02,-0.672385472388,0.15));
#3755 = VECTOR('',#3756,1.);
#3756 = DIRECTION('',(-0.,1.,-0.));
#3757 = ORIENTED_EDGE('',*,*,#3594,.T.);
#3758 = PLANE('',#3759);
#3759 = AXIS2_PLACEMENT_3D('',#3760,#3761,#3762);
#3760 = CARTESIAN_POINT('',(-5.040279255176E-02,-0.672385472388,0.15));
#3761 = DIRECTION('',(-0.,0.,-1.));
#3762 = DIRECTION('',(-1.,0.,0.));
#3763 = ADVANCED_FACE('',(#3764),#3782,.F.);
#3764 = FACE_BOUND('',#3765,.T.);
#3765 = EDGE_LOOP('',(#3766,#3767,#3775,#3781));
#3766 = ORIENTED_EDGE('',*,*,#3752,.F.);
#3767 = ORIENTED_EDGE('',*,*,#3768,.T.);
#3768 = EDGE_CURVE('',#3745,#3769,#3771,.T.);
#3769 = VERTEX_POINT('',#3770);
#3770 = CARTESIAN_POINT('',(-5.040279255176E-02,-4.E-02,0.3));
#3771 = LINE('',#3772,#3773);
#3772 = CARTESIAN_POINT('',(-5.040279255176E-02,-4.E-02,0.3));
#3773 = VECTOR('',#3774,1.);
#3774 = DIRECTION('',(0.,0.,1.));
#3775 = ORIENTED_EDGE('',*,*,#3776,.T.);
#3776 = EDGE_CURVE('',#3769,#3547,#3777,.T.);
#3777 = LINE('',#3778,#3779);
#3778 = CARTESIAN_POINT('',(-5.040279255176E-02,-0.672385472388,0.3));
#3779 = VECTOR('',#3780,1.);
#3780 = DIRECTION('',(-0.,1.,-0.));
#3781 = ORIENTED_EDGE('',*,*,#3602,.T.);
#3782 = PLANE('',#3783);
#3783 = AXIS2_PLACEMENT_3D('',#3784,#3785,#3786);
#3784 = CARTESIAN_POINT('',(-5.040279255176E-02,-0.672385472388,0.3));
#3785 = DIRECTION('',(1.,0.,0.));
#3786 = DIRECTION('',(0.,0.,-1.));
#3787 = ADVANCED_FACE('',(#3788),#3799,.F.);
#3788 = FACE_BOUND('',#3789,.T.);
#3789 = EDGE_LOOP('',(#3790,#3791,#3797,#3798));
#3790 = ORIENTED_EDGE('',*,*,#3776,.F.);
#3791 = ORIENTED_EDGE('',*,*,#3792,.T.);
#3792 = EDGE_CURVE('',#3769,#3617,#3793,.T.);
#3793 = LINE('',#3794,#3795);
#3794 = CARTESIAN_POINT('',(9.988917069349E-02,-4.E-02,0.3));
#3795 = VECTOR('',#3796,1.);
#3796 = DIRECTION('',(1.,0.,0.));
#3797 = ORIENTED_EDGE('',*,*,#3616,.T.);
#3798 = ORIENTED_EDGE('',*,*,#3544,.T.);
#3799 = PLANE('',#3800);
#3800 = AXIS2_PLACEMENT_3D('',#3801,#3802,#3803);
#3801 = CARTESIAN_POINT('',(9.988917069349E-02,-0.672385472388,0.3));
#3802 = DIRECTION('',(-0.,0.,-1.));
#3803 = DIRECTION('',(-1.,0.,0.));
#3804 = ADVANCED_FACE('',(#3805),#3815,.F.);
#3805 = FACE_BOUND('',#3806,.T.);
#3806 = EDGE_LOOP('',(#3807,#3808,#3809,#3810,#3811,#3812,#3813,#3814));
#3807 = ORIENTED_EDGE('',*,*,#3768,.F.);
#3808 = ORIENTED_EDGE('',*,*,#3744,.F.);
#3809 = ORIENTED_EDGE('',*,*,#3720,.F.);
#3810 = ORIENTED_EDGE('',*,*,#3696,.F.);
#3811 = ORIENTED_EDGE('',*,*,#3672,.F.);
#3812 = ORIENTED_EDGE('',*,*,#3648,.F.);
#3813 = ORIENTED_EDGE('',*,*,#3624,.F.);
#3814 = ORIENTED_EDGE('',*,*,#3792,.F.);
#3815 = PLANE('',#3816);
#3816 = AXIS2_PLACEMENT_3D('',#3817,#3818,#3819);
#3817 = CARTESIAN_POINT('',(-0.5,-4.E-02,-0.3));
#3818 = DIRECTION('',(0.,1.,0.));
#3819 = DIRECTION('',(0.,-0.,1.));
#3820 = MANIFOLD_SOLID_BREP('',#3821);
#3821 = CLOSED_SHELL('',(#3822,#3894,#3925,#3956,#4028,#4059,#4090,#4152
    ,#4258,#4280,#4302,#4329,#4356,#4383,#4410,#4427,#4439,#4463,#4480,
    #4493,#4510,#4522,#4546,#4563));
#3822 = ADVANCED_FACE('',(#3823),#3889,.T.);
#3823 = FACE_BOUND('',#3824,.T.);
#3824 = EDGE_LOOP('',(#3825,#3835,#3843,#3851,#3859,#3867,#3875,#3883));
#3825 = ORIENTED_EDGE('',*,*,#3826,.T.);
#3826 = EDGE_CURVE('',#3827,#3829,#3831,.T.);
#3827 = VERTEX_POINT('',#3828);
#3828 = CARTESIAN_POINT('',(0.2,2.E-02,-0.26));
#3829 = VERTEX_POINT('',#3830);
#3830 = CARTESIAN_POINT('',(0.2,2.E-02,0.186457606376));
#3831 = LINE('',#3832,#3833);
#3832 = CARTESIAN_POINT('',(0.2,2.E-02,-0.26));
#3833 = VECTOR('',#3834,1.);
#3834 = DIRECTION('',(0.,0.,1.));
#3835 = ORIENTED_EDGE('',*,*,#3836,.F.);
#3836 = EDGE_CURVE('',#3837,#3829,#3839,.T.);
#3837 = VERTEX_POINT('',#3838);
#3838 = CARTESIAN_POINT('',(0.2,3.E-02,0.186457606376));
#3839 = LINE('',#3840,#3841);
#3840 = CARTESIAN_POINT('',(0.2,0.49789739451,0.186457606376));
#3841 = VECTOR('',#3842,1.);
#3842 = DIRECTION('',(-0.,-1.,-0.));
#3843 = ORIENTED_EDGE('',*,*,#3844,.F.);
#3844 = EDGE_CURVE('',#3845,#3837,#3847,.T.);
#3845 = VERTEX_POINT('',#3846);
#3846 = CARTESIAN_POINT('',(0.2,3.E-02,0.235015152374));
#3847 = LINE('',#3848,#3849);
#3848 = CARTESIAN_POINT('',(0.2,3.E-02,0.));
#3849 = VECTOR('',#3850,1.);
#3850 = DIRECTION('',(0.,0.,-1.));
#3851 = ORIENTED_EDGE('',*,*,#3852,.T.);
#3852 = EDGE_CURVE('',#3845,#3853,#3855,.T.);
#3853 = VERTEX_POINT('',#3854);
#3854 = CARTESIAN_POINT('',(0.2,2.E-02,0.235015152374));
#3855 = LINE('',#3856,#3857);
#3856 = CARTESIAN_POINT('',(0.2,0.49789739451,0.235015152374));
#3857 = VECTOR('',#3858,1.);
#3858 = DIRECTION('',(-0.,-1.,-0.));
#3859 = ORIENTED_EDGE('',*,*,#3860,.T.);
#3860 = EDGE_CURVE('',#3853,#3861,#3863,.T.);
#3861 = VERTEX_POINT('',#3862);
#3862 = CARTESIAN_POINT('',(0.2,2.E-02,0.26));
#3863 = LINE('',#3864,#3865);
#3864 = CARTESIAN_POINT('',(0.2,2.E-02,0.235015152374));
#3865 = VECTOR('',#3866,1.);
#3866 = DIRECTION('',(0.,0.,1.));
#3867 = ORIENTED_EDGE('',*,*,#3868,.F.);
#3868 = EDGE_CURVE('',#3869,#3861,#3871,.T.);
#3869 = VERTEX_POINT('',#3870);
#3870 = CARTESIAN_POINT('',(0.2,-3.E-02,0.26));
#3871 = LINE('',#3872,#3873);
#3872 = CARTESIAN_POINT('',(0.2,-1.,0.26));
#3873 = VECTOR('',#3874,1.);
#3874 = DIRECTION('',(-0.,1.,-0.));
#3875 = ORIENTED_EDGE('',*,*,#3876,.T.);
#3876 = EDGE_CURVE('',#3869,#3877,#3879,.T.);
#3877 = VERTEX_POINT('',#3878);
#3878 = CARTESIAN_POINT('',(0.2,-3.E-02,-0.26));
#3879 = LINE('',#3880,#3881);
#3880 = CARTESIAN_POINT('',(0.2,-3.E-02,0.));
#3881 = VECTOR('',#3882,1.);
#3882 = DIRECTION('',(0.,0.,-1.));
#3883 = ORIENTED_EDGE('',*,*,#3884,.T.);
#3884 = EDGE_CURVE('',#3877,#3827,#3885,.T.);
#3885 = LINE('',#3886,#3887);
#3886 = CARTESIAN_POINT('',(0.2,-1.,-0.26));
#3887 = VECTOR('',#3888,1.);
#3888 = DIRECTION('',(-0.,1.,-0.));
#3889 = PLANE('',#3890);
#3890 = AXIS2_PLACEMENT_3D('',#3891,#3892,#3893);
#3891 = CARTESIAN_POINT('',(0.2,-1.,0.));
#3892 = DIRECTION('',(1.,0.,0.));
#3893 = DIRECTION('',(0.,0.,-1.));
#3894 = ADVANCED_FACE('',(#3895),#3920,.F.);
#3895 = FACE_BOUND('',#3896,.T.);
#3896 = EDGE_LOOP('',(#3897,#3905,#3906,#3914));
#3897 = ORIENTED_EDGE('',*,*,#3898,.T.);
#3898 = EDGE_CURVE('',#3899,#3827,#3901,.T.);
#3899 = VERTEX_POINT('',#3900);
#3900 = CARTESIAN_POINT('',(0.31425824379,2.E-02,-0.26));
#3901 = LINE('',#3902,#3903);
#3902 = CARTESIAN_POINT('',(0.31425824379,2.E-02,-0.26));
#3903 = VECTOR('',#3904,1.);
#3904 = DIRECTION('',(-1.,0.,0.));
#3905 = ORIENTED_EDGE('',*,*,#3884,.F.);
#3906 = ORIENTED_EDGE('',*,*,#3907,.F.);
#3907 = EDGE_CURVE('',#3908,#3877,#3910,.T.);
#3908 = VERTEX_POINT('',#3909);
#3909 = CARTESIAN_POINT('',(0.31425824379,-3.E-02,-0.26));
#3910 = LINE('',#3911,#3912);
#3911 = CARTESIAN_POINT('',(0.,-3.E-02,-0.26));
#3912 = VECTOR('',#3913,1.);
#3913 = DIRECTION('',(-1.,0.,0.));
#3914 = ORIENTED_EDGE('',*,*,#3915,.T.);
#3915 = EDGE_CURVE('',#3908,#3899,#3916,.T.);
#3916 = LINE('',#3917,#3918);
#3917 = CARTESIAN_POINT('',(0.31425824379,-1.,-0.26));
#3918 = VECTOR('',#3919,1.);
#3919 = DIRECTION('',(-0.,1.,-0.));
#3920 = PLANE('',#3921);
#3921 = AXIS2_PLACEMENT_3D('',#3922,#3923,#3924);
#3922 = CARTESIAN_POINT('',(0.,-1.,-0.26));
#3923 = DIRECTION('',(-0.,0.,-1.));
#3924 = DIRECTION('',(-1.,0.,0.));
#3925 = ADVANCED_FACE('',(#3926),#3951,.T.);
#3926 = FACE_BOUND('',#3927,.T.);
#3927 = EDGE_LOOP('',(#3928,#3929,#3937,#3945));
#3928 = ORIENTED_EDGE('',*,*,#3868,.T.);
#3929 = ORIENTED_EDGE('',*,*,#3930,.T.);
#3930 = EDGE_CURVE('',#3861,#3931,#3933,.T.);
#3931 = VERTEX_POINT('',#3932);
#3932 = CARTESIAN_POINT('',(0.31425824379,2.E-02,0.26));
#3933 = LINE('',#3934,#3935);
#3934 = CARTESIAN_POINT('',(0.2,2.E-02,0.26));
#3935 = VECTOR('',#3936,1.);
#3936 = DIRECTION('',(1.,0.,0.));
#3937 = ORIENTED_EDGE('',*,*,#3938,.F.);
#3938 = EDGE_CURVE('',#3939,#3931,#3941,.T.);
#3939 = VERTEX_POINT('',#3940);
#3940 = CARTESIAN_POINT('',(0.31425824379,-3.E-02,0.26));
#3941 = LINE('',#3942,#3943);
#3942 = CARTESIAN_POINT('',(0.31425824379,-1.,0.26));
#3943 = VECTOR('',#3944,1.);
#3944 = DIRECTION('',(-0.,1.,-0.));
#3945 = ORIENTED_EDGE('',*,*,#3946,.T.);
#3946 = EDGE_CURVE('',#3939,#3869,#3947,.T.);
#3947 = LINE('',#3948,#3949);
#3948 = CARTESIAN_POINT('',(0.,-3.E-02,0.26));
#3949 = VECTOR('',#3950,1.);
#3950 = DIRECTION('',(-1.,0.,0.));
#3951 = PLANE('',#3952);
#3952 = AXIS2_PLACEMENT_3D('',#3953,#3954,#3955);
#3953 = CARTESIAN_POINT('',(0.,-1.,0.26));
#3954 = DIRECTION('',(-0.,0.,-1.));
#3955 = DIRECTION('',(-1.,0.,0.));
#3956 = ADVANCED_FACE('',(#3957),#4023,.F.);
#3957 = FACE_BOUND('',#3958,.T.);
#3958 = EDGE_LOOP('',(#3959,#3969,#3977,#3985,#3993,#4001,#4009,#4017));
#3959 = ORIENTED_EDGE('',*,*,#3960,.F.);
#3960 = EDGE_CURVE('',#3961,#3963,#3965,.T.);
#3961 = VERTEX_POINT('',#3962);
#3962 = CARTESIAN_POINT('',(-0.2,3.E-02,-0.186457606376));
#3963 = VERTEX_POINT('',#3964);
#3964 = CARTESIAN_POINT('',(-0.2,2.E-02,-0.186457606376));
#3965 = LINE('',#3966,#3967);
#3966 = CARTESIAN_POINT('',(-0.2,0.49789739451,-0.186457606376));
#3967 = VECTOR('',#3968,1.);
#3968 = DIRECTION('',(-0.,-1.,-0.));
#3969 = ORIENTED_EDGE('',*,*,#3970,.T.);
#3970 = EDGE_CURVE('',#3961,#3971,#3973,.T.);
#3971 = VERTEX_POINT('',#3972);
#3972 = CARTESIAN_POINT('',(-0.2,3.E-02,-0.235015152374));
#3973 = LINE('',#3974,#3975);
#3974 = CARTESIAN_POINT('',(-0.2,3.E-02,0.));
#3975 = VECTOR('',#3976,1.);
#3976 = DIRECTION('',(0.,0.,-1.));
#3977 = ORIENTED_EDGE('',*,*,#3978,.T.);
#3978 = EDGE_CURVE('',#3971,#3979,#3981,.T.);
#3979 = VERTEX_POINT('',#3980);
#3980 = CARTESIAN_POINT('',(-0.2,2.E-02,-0.235015152374));
#3981 = LINE('',#3982,#3983);
#3982 = CARTESIAN_POINT('',(-0.2,0.49789739451,-0.235015152374));
#3983 = VECTOR('',#3984,1.);
#3984 = DIRECTION('',(-0.,-1.,-0.));
#3985 = ORIENTED_EDGE('',*,*,#3986,.T.);
#3986 = EDGE_CURVE('',#3979,#3987,#3989,.T.);
#3987 = VERTEX_POINT('',#3988);
#3988 = CARTESIAN_POINT('',(-0.2,2.E-02,-0.26));
#3989 = LINE('',#3990,#3991);
#3990 = CARTESIAN_POINT('',(-0.2,2.E-02,-0.235015152374));
#3991 = VECTOR('',#3992,1.);
#3992 = DIRECTION('',(0.,0.,-1.));
#3993 = ORIENTED_EDGE('',*,*,#3994,.F.);
#3994 = EDGE_CURVE('',#3995,#3987,#3997,.T.);
#3995 = VERTEX_POINT('',#3996);
#3996 = CARTESIAN_POINT('',(-0.2,-3.E-02,-0.26));
#3997 = LINE('',#3998,#3999);
#3998 = CARTESIAN_POINT('',(-0.2,-1.,-0.26));
#3999 = VECTOR('',#4000,1.);
#4000 = DIRECTION('',(-0.,1.,-0.));
#4001 = ORIENTED_EDGE('',*,*,#4002,.F.);
#4002 = EDGE_CURVE('',#4003,#3995,#4005,.T.);
#4003 = VERTEX_POINT('',#4004);
#4004 = CARTESIAN_POINT('',(-0.2,-3.E-02,0.26));
#4005 = LINE('',#4006,#4007);
#4006 = CARTESIAN_POINT('',(-0.2,-3.E-02,0.));
#4007 = VECTOR('',#4008,1.);
#4008 = DIRECTION('',(0.,0.,-1.));
#4009 = ORIENTED_EDGE('',*,*,#4010,.T.);
#4010 = EDGE_CURVE('',#4003,#4011,#4013,.T.);
#4011 = VERTEX_POINT('',#4012);
#4012 = CARTESIAN_POINT('',(-0.2,2.E-02,0.26));
#4013 = LINE('',#4014,#4015);
#4014 = CARTESIAN_POINT('',(-0.2,-1.,0.26));
#4015 = VECTOR('',#4016,1.);
#4016 = DIRECTION('',(-0.,1.,-0.));
#4017 = ORIENTED_EDGE('',*,*,#4018,.T.);
#4018 = EDGE_CURVE('',#4011,#3963,#4019,.T.);
#4019 = LINE('',#4020,#4021);
#4020 = CARTESIAN_POINT('',(-0.2,2.E-02,0.26));
#4021 = VECTOR('',#4022,1.);
#4022 = DIRECTION('',(0.,0.,-1.));
#4023 = PLANE('',#4024);
#4024 = AXIS2_PLACEMENT_3D('',#4025,#4026,#4027);
#4025 = CARTESIAN_POINT('',(-0.2,-1.,0.));
#4026 = DIRECTION('',(1.,0.,0.));
#4027 = DIRECTION('',(0.,0.,-1.));
#4028 = ADVANCED_FACE('',(#4029),#4054,.F.);
#4029 = FACE_BOUND('',#4030,.T.);
#4030 = EDGE_LOOP('',(#4031,#4039,#4040,#4048));
#4031 = ORIENTED_EDGE('',*,*,#4032,.T.);
#4032 = EDGE_CURVE('',#4033,#4011,#4035,.T.);
#4033 = VERTEX_POINT('',#4034);
#4034 = CARTESIAN_POINT('',(-0.31425824379,2.E-02,0.26));
#4035 = LINE('',#4036,#4037);
#4036 = CARTESIAN_POINT('',(-0.31425824379,2.E-02,0.26));
#4037 = VECTOR('',#4038,1.);
#4038 = DIRECTION('',(1.,0.,0.));
#4039 = ORIENTED_EDGE('',*,*,#4010,.F.);
#4040 = ORIENTED_EDGE('',*,*,#4041,.F.);
#4041 = EDGE_CURVE('',#4042,#4003,#4044,.T.);
#4042 = VERTEX_POINT('',#4043);
#4043 = CARTESIAN_POINT('',(-0.31425824379,-3.E-02,0.26));
#4044 = LINE('',#4045,#4046);
#4045 = CARTESIAN_POINT('',(0.,-3.E-02,0.26));
#4046 = VECTOR('',#4047,1.);
#4047 = DIRECTION('',(1.,0.,0.));
#4048 = ORIENTED_EDGE('',*,*,#4049,.T.);
#4049 = EDGE_CURVE('',#4042,#4033,#4050,.T.);
#4050 = LINE('',#4051,#4052);
#4051 = CARTESIAN_POINT('',(-0.31425824379,-1.,0.26));
#4052 = VECTOR('',#4053,1.);
#4053 = DIRECTION('',(-0.,1.,-0.));
#4054 = PLANE('',#4055);
#4055 = AXIS2_PLACEMENT_3D('',#4056,#4057,#4058);
#4056 = CARTESIAN_POINT('',(0.,-1.,0.26));
#4057 = DIRECTION('',(0.,0.,1.));
#4058 = DIRECTION('',(1.,0.,-0.));
#4059 = ADVANCED_FACE('',(#4060),#4085,.T.);
#4060 = FACE_BOUND('',#4061,.T.);
#4061 = EDGE_LOOP('',(#4062,#4063,#4071,#4079));
#4062 = ORIENTED_EDGE('',*,*,#3994,.T.);
#4063 = ORIENTED_EDGE('',*,*,#4064,.T.);
#4064 = EDGE_CURVE('',#3987,#4065,#4067,.T.);
#4065 = VERTEX_POINT('',#4066);
#4066 = CARTESIAN_POINT('',(-0.31425824379,2.E-02,-0.26));
#4067 = LINE('',#4068,#4069);
#4068 = CARTESIAN_POINT('',(-0.2,2.E-02,-0.26));
#4069 = VECTOR('',#4070,1.);
#4070 = DIRECTION('',(-1.,0.,0.));
#4071 = ORIENTED_EDGE('',*,*,#4072,.F.);
#4072 = EDGE_CURVE('',#4073,#4065,#4075,.T.);
#4073 = VERTEX_POINT('',#4074);
#4074 = CARTESIAN_POINT('',(-0.31425824379,-3.E-02,-0.26));
#4075 = LINE('',#4076,#4077);
#4076 = CARTESIAN_POINT('',(-0.31425824379,-1.,-0.26));
#4077 = VECTOR('',#4078,1.);
#4078 = DIRECTION('',(-0.,1.,-0.));
#4079 = ORIENTED_EDGE('',*,*,#4080,.T.);
#4080 = EDGE_CURVE('',#4073,#3995,#4081,.T.);
#4081 = LINE('',#4082,#4083);
#4082 = CARTESIAN_POINT('',(0.,-3.E-02,-0.26));
#4083 = VECTOR('',#4084,1.);
#4084 = DIRECTION('',(1.,0.,0.));
#4085 = PLANE('',#4086);
#4086 = AXIS2_PLACEMENT_3D('',#4087,#4088,#4089);
#4087 = CARTESIAN_POINT('',(0.,-1.,-0.26));
#4088 = DIRECTION('',(0.,0.,1.));
#4089 = DIRECTION('',(1.,0.,-0.));
#4090 = ADVANCED_FACE('',(#4091),#4147,.F.);
#4091 = FACE_BOUND('',#4092,.T.);
#4092 = EDGE_LOOP('',(#4093,#4102,#4110,#4117,#4118,#4119,#4120,#4129,
    #4137,#4144,#4145,#4146));
#4093 = ORIENTED_EDGE('',*,*,#4094,.F.);
#4094 = EDGE_CURVE('',#4095,#4073,#4097,.T.);
#4095 = VERTEX_POINT('',#4096);
#4096 = CARTESIAN_POINT('',(-0.31,-3.E-02,-0.3));
#4097 = CIRCLE('',#4098,0.19);
#4098 = AXIS2_PLACEMENT_3D('',#4099,#4100,#4101);
#4099 = CARTESIAN_POINT('',(-0.5,-3.E-02,-0.3));
#4100 = DIRECTION('',(-0.,-1.,0.));
#4101 = DIRECTION('',(1.084202172486E-14,-0.,1.));
#4102 = ORIENTED_EDGE('',*,*,#4103,.F.);
#4103 = EDGE_CURVE('',#4104,#4095,#4106,.T.);
#4104 = VERTEX_POINT('',#4105);
#4105 = CARTESIAN_POINT('',(0.31,-3.E-02,-0.3));
#4106 = LINE('',#4107,#4108);
#4107 = CARTESIAN_POINT('',(0.5,-3.E-02,-0.3));
#4108 = VECTOR('',#4109,1.);
#4109 = DIRECTION('',(-1.,0.,1.084202172486E-16));
#4110 = ORIENTED_EDGE('',*,*,#4111,.T.);
#4111 = EDGE_CURVE('',#4104,#3908,#4112,.T.);
#4112 = CIRCLE('',#4113,0.19);
#4113 = AXIS2_PLACEMENT_3D('',#4114,#4115,#4116);
#4114 = CARTESIAN_POINT('',(0.5,-3.E-02,-0.3));
#4115 = DIRECTION('',(0.,1.,0.));
#4116 = DIRECTION('',(0.,-0.,1.));
#4117 = ORIENTED_EDGE('',*,*,#3907,.T.);
#4118 = ORIENTED_EDGE('',*,*,#3876,.F.);
#4119 = ORIENTED_EDGE('',*,*,#3946,.F.);
#4120 = ORIENTED_EDGE('',*,*,#4121,.F.);
#4121 = EDGE_CURVE('',#4122,#3939,#4124,.T.);
#4122 = VERTEX_POINT('',#4123);
#4123 = CARTESIAN_POINT('',(0.31,-3.E-02,0.3));
#4124 = CIRCLE('',#4125,0.19);
#4125 = AXIS2_PLACEMENT_3D('',#4126,#4127,#4128);
#4126 = CARTESIAN_POINT('',(0.5,-3.E-02,0.3));
#4127 = DIRECTION('',(0.,-1.,0.));
#4128 = DIRECTION('',(0.,0.,1.));
#4129 = ORIENTED_EDGE('',*,*,#4130,.F.);
#4130 = EDGE_CURVE('',#4131,#4122,#4133,.T.);
#4131 = VERTEX_POINT('',#4132);
#4132 = CARTESIAN_POINT('',(-0.31,-3.E-02,0.3));
#4133 = LINE('',#4134,#4135);
#4134 = CARTESIAN_POINT('',(0.5,-3.E-02,0.3));
#4135 = VECTOR('',#4136,1.);
#4136 = DIRECTION('',(1.,-0.,-1.084202172486E-16));
#4137 = ORIENTED_EDGE('',*,*,#4138,.T.);
#4138 = EDGE_CURVE('',#4131,#4042,#4139,.T.);
#4139 = CIRCLE('',#4140,0.19);
#4140 = AXIS2_PLACEMENT_3D('',#4141,#4142,#4143);
#4141 = CARTESIAN_POINT('',(-0.5,-3.E-02,0.3));
#4142 = DIRECTION('',(0.,1.,0.));
#4143 = DIRECTION('',(0.,-0.,1.));
#4144 = ORIENTED_EDGE('',*,*,#4041,.T.);
#4145 = ORIENTED_EDGE('',*,*,#4002,.T.);
#4146 = ORIENTED_EDGE('',*,*,#4080,.F.);
#4147 = PLANE('',#4148);
#4148 = AXIS2_PLACEMENT_3D('',#4149,#4150,#4151);
#4149 = CARTESIAN_POINT('',(0.,-3.E-02,0.));
#4150 = DIRECTION('',(0.,1.,0.));
#4151 = DIRECTION('',(0.,-0.,1.));
#4152 = ADVANCED_FACE('',(#4153),#4253,.T.);
#4153 = FACE_BOUND('',#4154,.T.);
#4154 = EDGE_LOOP('',(#4155,#4163,#4171,#4180,#4188,#4197,#4203,#4204,
    #4212,#4220,#4229,#4237,#4246,#4252));
#4155 = ORIENTED_EDGE('',*,*,#4156,.T.);
#4156 = EDGE_CURVE('',#3961,#4157,#4159,.T.);
#4157 = VERTEX_POINT('',#4158);
#4158 = CARTESIAN_POINT('',(-0.340012776199,3.E-02,-0.186457606376));
#4159 = LINE('',#4160,#4161);
#4160 = CARTESIAN_POINT('',(-0.2,3.E-02,-0.186457606376));
#4161 = VECTOR('',#4162,1.);
#4162 = DIRECTION('',(-1.,0.,0.));
#4163 = ORIENTED_EDGE('',*,*,#4164,.T.);
#4164 = EDGE_CURVE('',#4157,#4165,#4167,.T.);
#4165 = VERTEX_POINT('',#4166);
#4166 = CARTESIAN_POINT('',(-0.340012776199,3.E-02,0.197510545808));
#4167 = LINE('',#4168,#4169);
#4168 = CARTESIAN_POINT('',(-0.340012776199,3.E-02,-0.186457606376));
#4169 = VECTOR('',#4170,1.);
#4170 = DIRECTION('',(0.,0.,1.));
#4171 = ORIENTED_EDGE('',*,*,#4172,.F.);
#4172 = EDGE_CURVE('',#4173,#4165,#4175,.T.);
#4173 = VERTEX_POINT('',#4174);
#4174 = CARTESIAN_POINT('',(-0.31,3.E-02,0.3));
#4175 = CIRCLE('',#4176,0.19);
#4176 = AXIS2_PLACEMENT_3D('',#4177,#4178,#4179);
#4177 = CARTESIAN_POINT('',(-0.5,3.E-02,0.3));
#4178 = DIRECTION('',(0.,1.,0.));
#4179 = DIRECTION('',(0.,-0.,1.));
#4180 = ORIENTED_EDGE('',*,*,#4181,.T.);
#4181 = EDGE_CURVE('',#4173,#4182,#4184,.T.);
#4182 = VERTEX_POINT('',#4183);
#4183 = CARTESIAN_POINT('',(0.31,3.E-02,0.3));
#4184 = LINE('',#4185,#4186);
#4185 = CARTESIAN_POINT('',(0.5,3.E-02,0.3));
#4186 = VECTOR('',#4187,1.);
#4187 = DIRECTION('',(1.,-0.,-1.084202172486E-16));
#4188 = ORIENTED_EDGE('',*,*,#4189,.T.);
#4189 = EDGE_CURVE('',#4182,#4190,#4192,.T.);
#4190 = VERTEX_POINT('',#4191);
#4191 = CARTESIAN_POINT('',(0.321458773447,3.E-02,0.235015152374));
#4192 = CIRCLE('',#4193,0.19);
#4193 = AXIS2_PLACEMENT_3D('',#4194,#4195,#4196);
#4194 = CARTESIAN_POINT('',(0.5,3.E-02,0.3));
#4195 = DIRECTION('',(-0.,-1.,0.));
#4196 = DIRECTION('',(1.711898167082E-15,-0.,1.));
#4197 = ORIENTED_EDGE('',*,*,#4198,.T.);
#4198 = EDGE_CURVE('',#4190,#3845,#4199,.T.);
#4199 = LINE('',#4200,#4201);
#4200 = CARTESIAN_POINT('',(0.321458773447,3.E-02,0.235015152374));
#4201 = VECTOR('',#4202,1.);
#4202 = DIRECTION('',(-1.,0.,0.));
#4203 = ORIENTED_EDGE('',*,*,#3844,.T.);
#4204 = ORIENTED_EDGE('',*,*,#4205,.T.);
#4205 = EDGE_CURVE('',#3837,#4206,#4208,.T.);
#4206 = VERTEX_POINT('',#4207);
#4207 = CARTESIAN_POINT('',(0.340012776199,3.E-02,0.186457606376));
#4208 = LINE('',#4209,#4210);
#4209 = CARTESIAN_POINT('',(0.2,3.E-02,0.186457606376));
#4210 = VECTOR('',#4211,1.);
#4211 = DIRECTION('',(1.,-0.,0.));
#4212 = ORIENTED_EDGE('',*,*,#4213,.T.);
#4213 = EDGE_CURVE('',#4206,#4214,#4216,.T.);
#4214 = VERTEX_POINT('',#4215);
#4215 = CARTESIAN_POINT('',(0.340012776199,3.E-02,-0.197510545808));
#4216 = LINE('',#4217,#4218);
#4217 = CARTESIAN_POINT('',(0.340012776199,3.E-02,0.186457606376));
#4218 = VECTOR('',#4219,1.);
#4219 = DIRECTION('',(-1.411838672453E-16,0.,-1.));
#4220 = ORIENTED_EDGE('',*,*,#4221,.F.);
#4221 = EDGE_CURVE('',#4222,#4214,#4224,.T.);
#4222 = VERTEX_POINT('',#4223);
#4223 = CARTESIAN_POINT('',(0.31,3.E-02,-0.3));
#4224 = CIRCLE('',#4225,0.19);
#4225 = AXIS2_PLACEMENT_3D('',#4226,#4227,#4228);
#4226 = CARTESIAN_POINT('',(0.5,3.E-02,-0.3));
#4227 = DIRECTION('',(0.,1.,0.));
#4228 = DIRECTION('',(0.,-0.,1.));
#4229 = ORIENTED_EDGE('',*,*,#4230,.T.);
#4230 = EDGE_CURVE('',#4222,#4231,#4233,.T.);
#4231 = VERTEX_POINT('',#4232);
#4232 = CARTESIAN_POINT('',(-0.31,3.E-02,-0.3));
#4233 = LINE('',#4234,#4235);
#4234 = CARTESIAN_POINT('',(0.5,3.E-02,-0.3));
#4235 = VECTOR('',#4236,1.);
#4236 = DIRECTION('',(-1.,0.,1.084202172486E-16));
#4237 = ORIENTED_EDGE('',*,*,#4238,.T.);
#4238 = EDGE_CURVE('',#4231,#4239,#4241,.T.);
#4239 = VERTEX_POINT('',#4240);
#4240 = CARTESIAN_POINT('',(-0.321458773447,3.E-02,-0.235015152374));
#4241 = CIRCLE('',#4242,0.19);
#4242 = AXIS2_PLACEMENT_3D('',#4243,#4244,#4245);
#4243 = CARTESIAN_POINT('',(-0.5,3.E-02,-0.3));
#4244 = DIRECTION('',(-0.,-1.,0.));
#4245 = DIRECTION('',(3.423796334165E-15,-0.,1.));
#4246 = ORIENTED_EDGE('',*,*,#4247,.T.);
#4247 = EDGE_CURVE('',#4239,#3971,#4248,.T.);
#4248 = LINE('',#4249,#4250);
#4249 = CARTESIAN_POINT('',(-0.321458773447,3.E-02,-0.235015152374));
#4250 = VECTOR('',#4251,1.);
#4251 = DIRECTION('',(1.,-0.,0.));
#4252 = ORIENTED_EDGE('',*,*,#3970,.F.);
#4253 = PLANE('',#4254);
#4254 = AXIS2_PLACEMENT_3D('',#4255,#4256,#4257);
#4255 = CARTESIAN_POINT('',(0.,3.E-02,0.));
#4256 = DIRECTION('',(0.,1.,0.));
#4257 = DIRECTION('',(0.,-0.,1.));
#4258 = ADVANCED_FACE('',(#4259),#4275,.F.);
#4259 = FACE_BOUND('',#4260,.T.);
#4260 = EDGE_LOOP('',(#4261,#4267,#4268,#4274));
#4261 = ORIENTED_EDGE('',*,*,#4262,.T.);
#4262 = EDGE_CURVE('',#4095,#4231,#4263,.T.);
#4263 = LINE('',#4264,#4265);
#4264 = CARTESIAN_POINT('',(-0.31,-1.,-0.3));
#4265 = VECTOR('',#4266,1.);
#4266 = DIRECTION('',(-0.,1.,-0.));
#4267 = ORIENTED_EDGE('',*,*,#4230,.F.);
#4268 = ORIENTED_EDGE('',*,*,#4269,.F.);
#4269 = EDGE_CURVE('',#4104,#4222,#4270,.T.);
#4270 = LINE('',#4271,#4272);
#4271 = CARTESIAN_POINT('',(0.31,-1.,-0.3));
#4272 = VECTOR('',#4273,1.);
#4273 = DIRECTION('',(-0.,1.,-0.));
#4274 = ORIENTED_EDGE('',*,*,#4103,.T.);
#4275 = PLANE('',#4276);
#4276 = AXIS2_PLACEMENT_3D('',#4277,#4278,#4279);
#4277 = CARTESIAN_POINT('',(0.5,3.E-02,-0.3));
#4278 = DIRECTION('',(1.084202172486E-16,-0.,1.));
#4279 = DIRECTION('',(1.,0.,-1.084202172486E-16));
#4280 = ADVANCED_FACE('',(#4281),#4297,.F.);
#4281 = FACE_BOUND('',#4282,.T.);
#4282 = EDGE_LOOP('',(#4283,#4284,#4290,#4291));
#4283 = ORIENTED_EDGE('',*,*,#4181,.F.);
#4284 = ORIENTED_EDGE('',*,*,#4285,.F.);
#4285 = EDGE_CURVE('',#4131,#4173,#4286,.T.);
#4286 = LINE('',#4287,#4288);
#4287 = CARTESIAN_POINT('',(-0.31,-1.,0.3));
#4288 = VECTOR('',#4289,1.);
#4289 = DIRECTION('',(-0.,1.,-0.));
#4290 = ORIENTED_EDGE('',*,*,#4130,.T.);
#4291 = ORIENTED_EDGE('',*,*,#4292,.T.);
#4292 = EDGE_CURVE('',#4122,#4182,#4293,.T.);
#4293 = LINE('',#4294,#4295);
#4294 = CARTESIAN_POINT('',(0.31,-1.,0.3));
#4295 = VECTOR('',#4296,1.);
#4296 = DIRECTION('',(-0.,1.,-0.));
#4297 = PLANE('',#4298);
#4298 = AXIS2_PLACEMENT_3D('',#4299,#4300,#4301);
#4299 = CARTESIAN_POINT('',(0.5,3.E-02,0.3));
#4300 = DIRECTION('',(-1.084202172486E-16,0.,-1.));
#4301 = DIRECTION('',(-1.,0.,1.084202172486E-16));
#4302 = ADVANCED_FACE('',(#4303),#4324,.F.);
#4303 = FACE_BOUND('',#4304,.F.);
#4304 = EDGE_LOOP('',(#4305,#4306,#4314,#4321,#4322,#4323));
#4305 = ORIENTED_EDGE('',*,*,#4189,.T.);
#4306 = ORIENTED_EDGE('',*,*,#4307,.T.);
#4307 = EDGE_CURVE('',#4190,#4308,#4310,.T.);
#4308 = VERTEX_POINT('',#4309);
#4309 = CARTESIAN_POINT('',(0.321458773447,2.E-02,0.235015152374));
#4310 = LINE('',#4311,#4312);
#4311 = CARTESIAN_POINT('',(0.321458773447,0.49789739451,0.235015152374)
  );
#4312 = VECTOR('',#4313,1.);
#4313 = DIRECTION('',(-0.,-1.,-0.));
#4314 = ORIENTED_EDGE('',*,*,#4315,.F.);
#4315 = EDGE_CURVE('',#3931,#4308,#4316,.T.);
#4316 = CIRCLE('',#4317,0.19);
#4317 = AXIS2_PLACEMENT_3D('',#4318,#4319,#4320);
#4318 = CARTESIAN_POINT('',(0.5,2.E-02,0.3));
#4319 = DIRECTION('',(0.,-1.,0.));
#4320 = DIRECTION('',(0.,0.,1.));
#4321 = ORIENTED_EDGE('',*,*,#3938,.F.);
#4322 = ORIENTED_EDGE('',*,*,#4121,.F.);
#4323 = ORIENTED_EDGE('',*,*,#4292,.T.);
#4324 = CYLINDRICAL_SURFACE('',#4325,0.19);
#4325 = AXIS2_PLACEMENT_3D('',#4326,#4327,#4328);
#4326 = CARTESIAN_POINT('',(0.5,-1.,0.3));
#4327 = DIRECTION('',(-0.,1.,-0.));
#4328 = DIRECTION('',(0.,0.,1.));
#4329 = ADVANCED_FACE('',(#4330),#4351,.F.);
#4330 = FACE_BOUND('',#4331,.F.);
#4331 = EDGE_LOOP('',(#4332,#4333,#4334,#4335,#4344,#4350));
#4332 = ORIENTED_EDGE('',*,*,#4269,.F.);
#4333 = ORIENTED_EDGE('',*,*,#4111,.T.);
#4334 = ORIENTED_EDGE('',*,*,#3915,.T.);
#4335 = ORIENTED_EDGE('',*,*,#4336,.F.);
#4336 = EDGE_CURVE('',#4337,#3899,#4339,.T.);
#4337 = VERTEX_POINT('',#4338);
#4338 = CARTESIAN_POINT('',(0.340012776199,2.E-02,-0.197510545808));
#4339 = CIRCLE('',#4340,0.19);
#4340 = AXIS2_PLACEMENT_3D('',#4341,#4342,#4343);
#4341 = CARTESIAN_POINT('',(0.5,2.E-02,-0.3));
#4342 = DIRECTION('',(0.,-1.,0.));
#4343 = DIRECTION('',(0.,0.,1.));
#4344 = ORIENTED_EDGE('',*,*,#4345,.F.);
#4345 = EDGE_CURVE('',#4214,#4337,#4346,.T.);
#4346 = LINE('',#4347,#4348);
#4347 = CARTESIAN_POINT('',(0.340012776199,0.49789739451,-0.197510545808
    ));
#4348 = VECTOR('',#4349,1.);
#4349 = DIRECTION('',(-0.,-1.,-0.));
#4350 = ORIENTED_EDGE('',*,*,#4221,.F.);
#4351 = CYLINDRICAL_SURFACE('',#4352,0.19);
#4352 = AXIS2_PLACEMENT_3D('',#4353,#4354,#4355);
#4353 = CARTESIAN_POINT('',(0.5,-1.,-0.3));
#4354 = DIRECTION('',(-0.,1.,-0.));
#4355 = DIRECTION('',(0.,0.,1.));
#4356 = ADVANCED_FACE('',(#4357),#4378,.F.);
#4357 = FACE_BOUND('',#4358,.F.);
#4358 = EDGE_LOOP('',(#4359,#4360,#4368,#4375,#4376,#4377));
#4359 = ORIENTED_EDGE('',*,*,#4238,.T.);
#4360 = ORIENTED_EDGE('',*,*,#4361,.T.);
#4361 = EDGE_CURVE('',#4239,#4362,#4364,.T.);
#4362 = VERTEX_POINT('',#4363);
#4363 = CARTESIAN_POINT('',(-0.321458773447,2.E-02,-0.235015152374));
#4364 = LINE('',#4365,#4366);
#4365 = CARTESIAN_POINT('',(-0.321458773447,0.49789739451,
    -0.235015152374));
#4366 = VECTOR('',#4367,1.);
#4367 = DIRECTION('',(-0.,-1.,-0.));
#4368 = ORIENTED_EDGE('',*,*,#4369,.F.);
#4369 = EDGE_CURVE('',#4065,#4362,#4370,.T.);
#4370 = CIRCLE('',#4371,0.19);
#4371 = AXIS2_PLACEMENT_3D('',#4372,#4373,#4374);
#4372 = CARTESIAN_POINT('',(-0.5,2.E-02,-0.3));
#4373 = DIRECTION('',(0.,-1.,0.));
#4374 = DIRECTION('',(0.,0.,1.));
#4375 = ORIENTED_EDGE('',*,*,#4072,.F.);
#4376 = ORIENTED_EDGE('',*,*,#4094,.F.);
#4377 = ORIENTED_EDGE('',*,*,#4262,.T.);
#4378 = CYLINDRICAL_SURFACE('',#4379,0.19);
#4379 = AXIS2_PLACEMENT_3D('',#4380,#4381,#4382);
#4380 = CARTESIAN_POINT('',(-0.5,-1.,-0.3));
#4381 = DIRECTION('',(-0.,1.,-0.));
#4382 = DIRECTION('',(0.,0.,1.));
#4383 = ADVANCED_FACE('',(#4384),#4405,.F.);
#4384 = FACE_BOUND('',#4385,.F.);
#4385 = EDGE_LOOP('',(#4386,#4387,#4388,#4389,#4398,#4404));
#4386 = ORIENTED_EDGE('',*,*,#4285,.F.);
#4387 = ORIENTED_EDGE('',*,*,#4138,.T.);
#4388 = ORIENTED_EDGE('',*,*,#4049,.T.);
#4389 = ORIENTED_EDGE('',*,*,#4390,.F.);
#4390 = EDGE_CURVE('',#4391,#4033,#4393,.T.);
#4391 = VERTEX_POINT('',#4392);
#4392 = CARTESIAN_POINT('',(-0.340012776199,2.E-02,0.197510545808));
#4393 = CIRCLE('',#4394,0.19);
#4394 = AXIS2_PLACEMENT_3D('',#4395,#4396,#4397);
#4395 = CARTESIAN_POINT('',(-0.5,2.E-02,0.3));
#4396 = DIRECTION('',(0.,-1.,0.));
#4397 = DIRECTION('',(0.,0.,1.));
#4398 = ORIENTED_EDGE('',*,*,#4399,.F.);
#4399 = EDGE_CURVE('',#4165,#4391,#4400,.T.);
#4400 = LINE('',#4401,#4402);
#4401 = CARTESIAN_POINT('',(-0.340012776199,0.49789739451,0.197510545808
    ));
#4402 = VECTOR('',#4403,1.);
#4403 = DIRECTION('',(-0.,-1.,-0.));
#4404 = ORIENTED_EDGE('',*,*,#4172,.F.);
#4405 = CYLINDRICAL_SURFACE('',#4406,0.19);
#4406 = AXIS2_PLACEMENT_3D('',#4407,#4408,#4409);
#4407 = CARTESIAN_POINT('',(-0.5,-1.,0.3));
#4408 = DIRECTION('',(-0.,1.,-0.));
#4409 = DIRECTION('',(0.,0.,1.));
#4410 = ADVANCED_FACE('',(#4411),#4422,.F.);
#4411 = FACE_BOUND('',#4412,.T.);
#4412 = EDGE_LOOP('',(#4413,#4414,#4415,#4421));
#4413 = ORIENTED_EDGE('',*,*,#4247,.F.);
#4414 = ORIENTED_EDGE('',*,*,#4361,.T.);
#4415 = ORIENTED_EDGE('',*,*,#4416,.T.);
#4416 = EDGE_CURVE('',#4362,#3979,#4417,.T.);
#4417 = LINE('',#4418,#4419);
#4418 = CARTESIAN_POINT('',(-0.321458773447,2.E-02,-0.235015152374));
#4419 = VECTOR('',#4420,1.);
#4420 = DIRECTION('',(1.,0.,0.));
#4421 = ORIENTED_EDGE('',*,*,#3978,.F.);
#4422 = PLANE('',#4423);
#4423 = AXIS2_PLACEMENT_3D('',#4424,#4425,#4426);
#4424 = CARTESIAN_POINT('',(-0.321458773447,0.49789739451,
    -0.235015152374));
#4425 = DIRECTION('',(0.,0.,-1.));
#4426 = DIRECTION('',(-1.,0.,-0.));
#4427 = ADVANCED_FACE('',(#4428),#4434,.F.);
#4428 = FACE_BOUND('',#4429,.T.);
#4429 = EDGE_LOOP('',(#4430,#4431,#4432,#4433));
#4430 = ORIENTED_EDGE('',*,*,#4369,.F.);
#4431 = ORIENTED_EDGE('',*,*,#4064,.F.);
#4432 = ORIENTED_EDGE('',*,*,#3986,.F.);
#4433 = ORIENTED_EDGE('',*,*,#4416,.F.);
#4434 = PLANE('',#4435);
#4435 = AXIS2_PLACEMENT_3D('',#4436,#4437,#4438);
#4436 = CARTESIAN_POINT('',(-0.5,2.E-02,-0.3));
#4437 = DIRECTION('',(0.,1.,0.));
#4438 = DIRECTION('',(0.,-0.,1.));
#4439 = ADVANCED_FACE('',(#4440),#4458,.F.);
#4440 = FACE_BOUND('',#4441,.T.);
#4441 = EDGE_LOOP('',(#4442,#4443,#4444,#4452));
#4442 = ORIENTED_EDGE('',*,*,#4156,.F.);
#4443 = ORIENTED_EDGE('',*,*,#3960,.T.);
#4444 = ORIENTED_EDGE('',*,*,#4445,.T.);
#4445 = EDGE_CURVE('',#3963,#4446,#4448,.T.);
#4446 = VERTEX_POINT('',#4447);
#4447 = CARTESIAN_POINT('',(-0.340012776199,2.E-02,-0.186457606376));
#4448 = LINE('',#4449,#4450);
#4449 = CARTESIAN_POINT('',(-0.2,2.E-02,-0.186457606376));
#4450 = VECTOR('',#4451,1.);
#4451 = DIRECTION('',(-1.,0.,0.));
#4452 = ORIENTED_EDGE('',*,*,#4453,.F.);
#4453 = EDGE_CURVE('',#4157,#4446,#4454,.T.);
#4454 = LINE('',#4455,#4456);
#4455 = CARTESIAN_POINT('',(-0.340012776199,0.49789739451,
    -0.186457606376));
#4456 = VECTOR('',#4457,1.);
#4457 = DIRECTION('',(-0.,-1.,-0.));
#4458 = PLANE('',#4459);
#4459 = AXIS2_PLACEMENT_3D('',#4460,#4461,#4462);
#4460 = CARTESIAN_POINT('',(-0.2,0.49789739451,-0.186457606376));
#4461 = DIRECTION('',(0.,-0.,1.));
#4462 = DIRECTION('',(1.,0.,0.));
#4463 = ADVANCED_FACE('',(#4464),#4475,.F.);
#4464 = FACE_BOUND('',#4465,.T.);
#4465 = EDGE_LOOP('',(#4466,#4467,#4468,#4474));
#4466 = ORIENTED_EDGE('',*,*,#4164,.F.);
#4467 = ORIENTED_EDGE('',*,*,#4453,.T.);
#4468 = ORIENTED_EDGE('',*,*,#4469,.T.);
#4469 = EDGE_CURVE('',#4446,#4391,#4470,.T.);
#4470 = LINE('',#4471,#4472);
#4471 = CARTESIAN_POINT('',(-0.340012776199,2.E-02,-0.186457606376));
#4472 = VECTOR('',#4473,1.);
#4473 = DIRECTION('',(0.,0.,1.));
#4474 = ORIENTED_EDGE('',*,*,#4399,.F.);
#4475 = PLANE('',#4476);
#4476 = AXIS2_PLACEMENT_3D('',#4477,#4478,#4479);
#4477 = CARTESIAN_POINT('',(-0.340012776199,0.49789739451,
    -0.186457606376));
#4478 = DIRECTION('',(1.,0.,0.));
#4479 = DIRECTION('',(0.,0.,-1.));
#4480 = ADVANCED_FACE('',(#4481),#4488,.F.);
#4481 = FACE_BOUND('',#4482,.T.);
#4482 = EDGE_LOOP('',(#4483,#4484,#4485,#4486,#4487));
#4483 = ORIENTED_EDGE('',*,*,#4390,.F.);
#4484 = ORIENTED_EDGE('',*,*,#4469,.F.);
#4485 = ORIENTED_EDGE('',*,*,#4445,.F.);
#4486 = ORIENTED_EDGE('',*,*,#4018,.F.);
#4487 = ORIENTED_EDGE('',*,*,#4032,.F.);
#4488 = PLANE('',#4489);
#4489 = AXIS2_PLACEMENT_3D('',#4490,#4491,#4492);
#4490 = CARTESIAN_POINT('',(-0.5,2.E-02,0.3));
#4491 = DIRECTION('',(0.,1.,0.));
#4492 = DIRECTION('',(0.,-0.,1.));
#4493 = ADVANCED_FACE('',(#4494),#4505,.F.);
#4494 = FACE_BOUND('',#4495,.T.);
#4495 = EDGE_LOOP('',(#4496,#4497,#4498,#4504));
#4496 = ORIENTED_EDGE('',*,*,#4198,.F.);
#4497 = ORIENTED_EDGE('',*,*,#4307,.T.);
#4498 = ORIENTED_EDGE('',*,*,#4499,.T.);
#4499 = EDGE_CURVE('',#4308,#3853,#4500,.T.);
#4500 = LINE('',#4501,#4502);
#4501 = CARTESIAN_POINT('',(0.321458773447,2.E-02,0.235015152374));
#4502 = VECTOR('',#4503,1.);
#4503 = DIRECTION('',(-1.,0.,0.));
#4504 = ORIENTED_EDGE('',*,*,#3852,.F.);
#4505 = PLANE('',#4506);
#4506 = AXIS2_PLACEMENT_3D('',#4507,#4508,#4509);
#4507 = CARTESIAN_POINT('',(0.321458773447,0.49789739451,0.235015152374)
  );
#4508 = DIRECTION('',(0.,-0.,1.));
#4509 = DIRECTION('',(1.,0.,0.));
#4510 = ADVANCED_FACE('',(#4511),#4517,.F.);
#4511 = FACE_BOUND('',#4512,.T.);
#4512 = EDGE_LOOP('',(#4513,#4514,#4515,#4516));
#4513 = ORIENTED_EDGE('',*,*,#4315,.F.);
#4514 = ORIENTED_EDGE('',*,*,#3930,.F.);
#4515 = ORIENTED_EDGE('',*,*,#3860,.F.);
#4516 = ORIENTED_EDGE('',*,*,#4499,.F.);
#4517 = PLANE('',#4518);
#4518 = AXIS2_PLACEMENT_3D('',#4519,#4520,#4521);
#4519 = CARTESIAN_POINT('',(0.5,2.E-02,0.3));
#4520 = DIRECTION('',(0.,1.,0.));
#4521 = DIRECTION('',(0.,-0.,1.));
#4522 = ADVANCED_FACE('',(#4523),#4541,.F.);
#4523 = FACE_BOUND('',#4524,.T.);
#4524 = EDGE_LOOP('',(#4525,#4526,#4527,#4535));
#4525 = ORIENTED_EDGE('',*,*,#4205,.F.);
#4526 = ORIENTED_EDGE('',*,*,#3836,.T.);
#4527 = ORIENTED_EDGE('',*,*,#4528,.T.);
#4528 = EDGE_CURVE('',#3829,#4529,#4531,.T.);
#4529 = VERTEX_POINT('',#4530);
#4530 = CARTESIAN_POINT('',(0.340012776199,2.E-02,0.186457606376));
#4531 = LINE('',#4532,#4533);
#4532 = CARTESIAN_POINT('',(0.2,2.E-02,0.186457606376));
#4533 = VECTOR('',#4534,1.);
#4534 = DIRECTION('',(1.,0.,0.));
#4535 = ORIENTED_EDGE('',*,*,#4536,.F.);
#4536 = EDGE_CURVE('',#4206,#4529,#4537,.T.);
#4537 = LINE('',#4538,#4539);
#4538 = CARTESIAN_POINT('',(0.340012776199,0.49789739451,0.186457606376)
  );
#4539 = VECTOR('',#4540,1.);
#4540 = DIRECTION('',(-0.,-1.,-0.));
#4541 = PLANE('',#4542);
#4542 = AXIS2_PLACEMENT_3D('',#4543,#4544,#4545);
#4543 = CARTESIAN_POINT('',(0.2,0.49789739451,0.186457606376));
#4544 = DIRECTION('',(0.,0.,-1.));
#4545 = DIRECTION('',(-1.,0.,-0.));
#4546 = ADVANCED_FACE('',(#4547),#4558,.F.);
#4547 = FACE_BOUND('',#4548,.T.);
#4548 = EDGE_LOOP('',(#4549,#4550,#4551,#4557));
#4549 = ORIENTED_EDGE('',*,*,#4213,.F.);
#4550 = ORIENTED_EDGE('',*,*,#4536,.T.);
#4551 = ORIENTED_EDGE('',*,*,#4552,.T.);
#4552 = EDGE_CURVE('',#4529,#4337,#4553,.T.);
#4553 = LINE('',#4554,#4555);
#4554 = CARTESIAN_POINT('',(0.340012776199,2.E-02,0.186457606376));
#4555 = VECTOR('',#4556,1.);
#4556 = DIRECTION('',(-1.411838672453E-16,0.,-1.));
#4557 = ORIENTED_EDGE('',*,*,#4345,.F.);
#4558 = PLANE('',#4559);
#4559 = AXIS2_PLACEMENT_3D('',#4560,#4561,#4562);
#4560 = CARTESIAN_POINT('',(0.340012776199,0.49789739451,0.186457606376)
  );
#4561 = DIRECTION('',(-1.,0.,1.411838672453E-16));
#4562 = DIRECTION('',(1.411838672453E-16,0.,1.));
#4563 = ADVANCED_FACE('',(#4564),#4571,.F.);
#4564 = FACE_BOUND('',#4565,.T.);
#4565 = EDGE_LOOP('',(#4566,#4567,#4568,#4569,#4570));
#4566 = ORIENTED_EDGE('',*,*,#3826,.F.);
#4567 = ORIENTED_EDGE('',*,*,#3898,.F.);
#4568 = ORIENTED_EDGE('',*,*,#4336,.F.);
#4569 = ORIENTED_EDGE('',*,*,#4552,.F.);
#4570 = ORIENTED_EDGE('',*,*,#4528,.F.);
#4571 = PLANE('',#4572);
#4572 = AXIS2_PLACEMENT_3D('',#4573,#4574,#4575);
#4573 = CARTESIAN_POINT('',(0.5,2.E-02,-0.3));
#4574 = DIRECTION('',(0.,1.,0.));
#4575 = DIRECTION('',(0.,-0.,1.));
#4576 = MANIFOLD_SOLID_BREP('',#4577);
#4577 = CLOSED_SHELL('',(#4578,#4712,#4784,#4822,#4860,#4891,#4931,#4962
    ,#4995,#5019,#5044,#5068,#5093,#5117,#5142,#5166,#5191,#5208,#5230,
    #5247,#5260,#5272,#5289));
#4578 = ADVANCED_FACE('',(#4579),#4707,.T.);
#4579 = FACE_BOUND('',#4580,.T.);
#4580 = EDGE_LOOP('',(#4581,#4591,#4599,#4607,#4616,#4624,#4633,#4641,
    #4650,#4658,#4667,#4675,#4684,#4692,#4701));
#4581 = ORIENTED_EDGE('',*,*,#4582,.F.);
#4582 = EDGE_CURVE('',#4583,#4585,#4587,.T.);
#4583 = VERTEX_POINT('',#4584);
#4584 = CARTESIAN_POINT('',(0.299125113365,4.E-02,0.186457606376));
#4585 = VERTEX_POINT('',#4586);
#4586 = CARTESIAN_POINT('',(0.340012776199,4.E-02,0.186457606376));
#4587 = LINE('',#4588,#4589);
#4588 = CARTESIAN_POINT('',(0.340012776199,4.E-02,0.186457606376));
#4589 = VECTOR('',#4590,1.);
#4590 = DIRECTION('',(1.,-0.,-0.));
#4591 = ORIENTED_EDGE('',*,*,#4592,.T.);
#4592 = EDGE_CURVE('',#4583,#4593,#4595,.T.);
#4593 = VERTEX_POINT('',#4594);
#4594 = CARTESIAN_POINT('',(0.299125113365,4.E-02,0.235015152374));
#4595 = LINE('',#4596,#4597);
#4596 = CARTESIAN_POINT('',(0.299125113365,4.E-02,-0.3));
#4597 = VECTOR('',#4598,1.);
#4598 = DIRECTION('',(-0.,-0.,1.));
#4599 = ORIENTED_EDGE('',*,*,#4600,.F.);
#4600 = EDGE_CURVE('',#4601,#4593,#4603,.T.);
#4601 = VERTEX_POINT('',#4602);
#4602 = CARTESIAN_POINT('',(0.321458773447,4.E-02,0.235015152374));
#4603 = LINE('',#4604,#4605);
#4604 = CARTESIAN_POINT('',(0.321458773447,4.E-02,0.235015152374));
#4605 = VECTOR('',#4606,1.);
#4606 = DIRECTION('',(-1.,0.,0.));
#4607 = ORIENTED_EDGE('',*,*,#4608,.T.);
#4608 = EDGE_CURVE('',#4601,#4609,#4611,.T.);
#4609 = VERTEX_POINT('',#4610);
#4610 = CARTESIAN_POINT('',(0.31,4.E-02,0.3));
#4611 = CIRCLE('',#4612,0.19);
#4612 = AXIS2_PLACEMENT_3D('',#4613,#4614,#4615);
#4613 = CARTESIAN_POINT('',(0.5,4.E-02,0.3));
#4614 = DIRECTION('',(0.,1.,0.));
#4615 = DIRECTION('',(0.,-0.,1.));
#4616 = ORIENTED_EDGE('',*,*,#4617,.T.);
#4617 = EDGE_CURVE('',#4609,#4618,#4620,.T.);
#4618 = VERTEX_POINT('',#4619);
#4619 = CARTESIAN_POINT('',(0.35,4.E-02,0.3));
#4620 = LINE('',#4621,#4622);
#4621 = CARTESIAN_POINT('',(0.31,4.E-02,0.3));
#4622 = VECTOR('',#4623,1.);
#4623 = DIRECTION('',(1.,0.,-2.710505431214E-15));
#4624 = ORIENTED_EDGE('',*,*,#4625,.T.);
#4625 = EDGE_CURVE('',#4618,#4626,#4628,.T.);
#4626 = VERTEX_POINT('',#4627);
#4627 = CARTESIAN_POINT('',(0.5,4.E-02,0.15));
#4628 = CIRCLE('',#4629,0.15);
#4629 = AXIS2_PLACEMENT_3D('',#4630,#4631,#4632);
#4630 = CARTESIAN_POINT('',(0.5,4.E-02,0.3));
#4631 = DIRECTION('',(0.,-1.,0.));
#4632 = DIRECTION('',(0.,0.,1.));
#4633 = ORIENTED_EDGE('',*,*,#4634,.T.);
#4634 = EDGE_CURVE('',#4626,#4635,#4637,.T.);
#4635 = VERTEX_POINT('',#4636);
#4636 = CARTESIAN_POINT('',(0.5,4.E-02,0.11));
#4637 = LINE('',#4638,#4639);
#4638 = CARTESIAN_POINT('',(0.5,4.E-02,0.15));
#4639 = VECTOR('',#4640,1.);
#4640 = DIRECTION('',(0.,0.,-1.));
#4641 = ORIENTED_EDGE('',*,*,#4642,.T.);
#4642 = EDGE_CURVE('',#4635,#4643,#4645,.T.);
#4643 = VERTEX_POINT('',#4644);
#4644 = CARTESIAN_POINT('',(0.46,4.E-02,0.11425824379));
#4645 = CIRCLE('',#4646,0.19);
#4646 = AXIS2_PLACEMENT_3D('',#4647,#4648,#4649);
#4647 = CARTESIAN_POINT('',(0.5,4.E-02,0.3));
#4648 = DIRECTION('',(0.,1.,0.));
#4649 = DIRECTION('',(0.,-0.,1.));
#4650 = ORIENTED_EDGE('',*,*,#4651,.T.);
#4651 = EDGE_CURVE('',#4643,#4652,#4654,.T.);
#4652 = VERTEX_POINT('',#4653);
#4653 = CARTESIAN_POINT('',(0.46,4.E-02,-0.11425824379));
#4654 = LINE('',#4655,#4656);
#4655 = CARTESIAN_POINT('',(0.46,4.E-02,0.11425824379));
#4656 = VECTOR('',#4657,1.);
#4657 = DIRECTION('',(0.,0.,-1.));
#4658 = ORIENTED_EDGE('',*,*,#4659,.T.);
#4659 = EDGE_CURVE('',#4652,#4660,#4662,.T.);
#4660 = VERTEX_POINT('',#4661);
#4661 = CARTESIAN_POINT('',(0.5,4.E-02,-0.11));
#4662 = CIRCLE('',#4663,0.19);
#4663 = AXIS2_PLACEMENT_3D('',#4664,#4665,#4666);
#4664 = CARTESIAN_POINT('',(0.5,4.E-02,-0.3));
#4665 = DIRECTION('',(0.,1.,0.));
#4666 = DIRECTION('',(0.,-0.,1.));
#4667 = ORIENTED_EDGE('',*,*,#4668,.T.);
#4668 = EDGE_CURVE('',#4660,#4669,#4671,.T.);
#4669 = VERTEX_POINT('',#4670);
#4670 = CARTESIAN_POINT('',(0.5,4.E-02,-0.15));
#4671 = LINE('',#4672,#4673);
#4672 = CARTESIAN_POINT('',(0.5,4.E-02,-0.11));
#4673 = VECTOR('',#4674,1.);
#4674 = DIRECTION('',(0.,0.,-1.));
#4675 = ORIENTED_EDGE('',*,*,#4676,.T.);
#4676 = EDGE_CURVE('',#4669,#4677,#4679,.T.);
#4677 = VERTEX_POINT('',#4678);
#4678 = CARTESIAN_POINT('',(0.35,4.E-02,-0.3));
#4679 = CIRCLE('',#4680,0.15);
#4680 = AXIS2_PLACEMENT_3D('',#4681,#4682,#4683);
#4681 = CARTESIAN_POINT('',(0.5,4.E-02,-0.3));
#4682 = DIRECTION('',(0.,-1.,0.));
#4683 = DIRECTION('',(0.,0.,1.));
#4684 = ORIENTED_EDGE('',*,*,#4685,.T.);
#4685 = EDGE_CURVE('',#4677,#4686,#4688,.T.);
#4686 = VERTEX_POINT('',#4687);
#4687 = CARTESIAN_POINT('',(0.31,4.E-02,-0.3));
#4688 = LINE('',#4689,#4690);
#4689 = CARTESIAN_POINT('',(0.35,4.E-02,-0.3));
#4690 = VECTOR('',#4691,1.);
#4691 = DIRECTION('',(-1.,0.,0.));
#4692 = ORIENTED_EDGE('',*,*,#4693,.T.);
#4693 = EDGE_CURVE('',#4686,#4694,#4696,.T.);
#4694 = VERTEX_POINT('',#4695);
#4695 = CARTESIAN_POINT('',(0.340012776199,4.E-02,-0.197510545808));
#4696 = CIRCLE('',#4697,0.19);
#4697 = AXIS2_PLACEMENT_3D('',#4698,#4699,#4700);
#4698 = CARTESIAN_POINT('',(0.5,4.E-02,-0.3));
#4699 = DIRECTION('',(0.,1.,0.));
#4700 = DIRECTION('',(0.,-0.,1.));
#4701 = ORIENTED_EDGE('',*,*,#4702,.F.);
#4702 = EDGE_CURVE('',#4585,#4694,#4703,.T.);
#4703 = LINE('',#4704,#4705);
#4704 = CARTESIAN_POINT('',(0.340012776199,4.E-02,-0.197510545808));
#4705 = VECTOR('',#4706,1.);
#4706 = DIRECTION('',(-0.,-0.,-1.));
#4707 = PLANE('',#4708);
#4708 = AXIS2_PLACEMENT_3D('',#4709,#4710,#4711);
#4709 = CARTESIAN_POINT('',(0.5,4.E-02,-0.3));
#4710 = DIRECTION('',(0.,1.,0.));
#4711 = DIRECTION('',(0.,-0.,1.));
#4712 = ADVANCED_FACE('',(#4713),#4779,.F.);
#4713 = FACE_BOUND('',#4714,.T.);
#4714 = EDGE_LOOP('',(#4715,#4725,#4733,#4741,#4749,#4757,#4765,#4773));
#4715 = ORIENTED_EDGE('',*,*,#4716,.F.);
#4716 = EDGE_CURVE('',#4717,#4719,#4721,.T.);
#4717 = VERTEX_POINT('',#4718);
#4718 = CARTESIAN_POINT('',(0.2,3.E-02,0.186457606376));
#4719 = VERTEX_POINT('',#4720);
#4720 = CARTESIAN_POINT('',(0.2,3.E-02,0.235015152374));
#4721 = LINE('',#4722,#4723);
#4722 = CARTESIAN_POINT('',(0.2,3.E-02,-0.26));
#4723 = VECTOR('',#4724,1.);
#4724 = DIRECTION('',(0.,0.,1.));
#4725 = ORIENTED_EDGE('',*,*,#4726,.F.);
#4726 = EDGE_CURVE('',#4727,#4717,#4729,.T.);
#4727 = VERTEX_POINT('',#4728);
#4728 = CARTESIAN_POINT('',(0.2,2.E-02,0.186457606376));
#4729 = LINE('',#4730,#4731);
#4730 = CARTESIAN_POINT('',(0.2,2.E-02,0.186457606376));
#4731 = VECTOR('',#4732,1.);
#4732 = DIRECTION('',(-0.,1.,-0.));
#4733 = ORIENTED_EDGE('',*,*,#4734,.F.);
#4734 = EDGE_CURVE('',#4735,#4727,#4737,.T.);
#4735 = VERTEX_POINT('',#4736);
#4736 = CARTESIAN_POINT('',(0.2,2.E-02,-0.26));
#4737 = LINE('',#4738,#4739);
#4738 = CARTESIAN_POINT('',(0.2,2.E-02,0.186457606376));
#4739 = VECTOR('',#4740,1.);
#4740 = DIRECTION('',(-0.,-0.,1.));
#4741 = ORIENTED_EDGE('',*,*,#4742,.T.);
#4742 = EDGE_CURVE('',#4735,#4743,#4745,.T.);
#4743 = VERTEX_POINT('',#4744);
#4744 = CARTESIAN_POINT('',(0.2,-4.E-02,-0.26));
#4745 = LINE('',#4746,#4747);
#4746 = CARTESIAN_POINT('',(0.2,4.E-02,-0.26));
#4747 = VECTOR('',#4748,1.);
#4748 = DIRECTION('',(-0.,-1.,-0.));
#4749 = ORIENTED_EDGE('',*,*,#4750,.T.);
#4750 = EDGE_CURVE('',#4743,#4751,#4753,.T.);
#4751 = VERTEX_POINT('',#4752);
#4752 = CARTESIAN_POINT('',(0.2,-4.E-02,0.26));
#4753 = LINE('',#4754,#4755);
#4754 = CARTESIAN_POINT('',(0.2,-4.E-02,-0.26));
#4755 = VECTOR('',#4756,1.);
#4756 = DIRECTION('',(0.,0.,1.));
#4757 = ORIENTED_EDGE('',*,*,#4758,.F.);
#4758 = EDGE_CURVE('',#4759,#4751,#4761,.T.);
#4759 = VERTEX_POINT('',#4760);
#4760 = CARTESIAN_POINT('',(0.2,2.E-02,0.26));
#4761 = LINE('',#4762,#4763);
#4762 = CARTESIAN_POINT('',(0.2,4.E-02,0.26));
#4763 = VECTOR('',#4764,1.);
#4764 = DIRECTION('',(-0.,-1.,-0.));
#4765 = ORIENTED_EDGE('',*,*,#4766,.F.);
#4766 = EDGE_CURVE('',#4767,#4759,#4769,.T.);
#4767 = VERTEX_POINT('',#4768);
#4768 = CARTESIAN_POINT('',(0.2,2.E-02,0.235015152374));
#4769 = LINE('',#4770,#4771);
#4770 = CARTESIAN_POINT('',(0.2,2.E-02,0.235015152374));
#4771 = VECTOR('',#4772,1.);
#4772 = DIRECTION('',(0.,0.,1.));
#4773 = ORIENTED_EDGE('',*,*,#4774,.T.);
#4774 = EDGE_CURVE('',#4767,#4719,#4775,.T.);
#4775 = LINE('',#4776,#4777);
#4776 = CARTESIAN_POINT('',(0.2,2.E-02,0.235015152374));
#4777 = VECTOR('',#4778,1.);
#4778 = DIRECTION('',(-0.,1.,-0.));
#4779 = PLANE('',#4780);
#4780 = AXIS2_PLACEMENT_3D('',#4781,#4782,#4783);
#4781 = CARTESIAN_POINT('',(0.2,4.E-02,-0.26));
#4782 = DIRECTION('',(1.,0.,0.));
#4783 = DIRECTION('',(0.,0.,-1.));
#4784 = ADVANCED_FACE('',(#4785),#4817,.F.);
#4785 = FACE_BOUND('',#4786,.T.);
#4786 = EDGE_LOOP('',(#4787,#4795,#4796,#4804,#4810,#4811));
#4787 = ORIENTED_EDGE('',*,*,#4788,.F.);
#4788 = EDGE_CURVE('',#4583,#4789,#4791,.T.);
#4789 = VERTEX_POINT('',#4790);
#4790 = CARTESIAN_POINT('',(0.3,3.E-02,0.186457606376));
#4791 = LINE('',#4792,#4793);
#4792 = CARTESIAN_POINT('',(0.301172182878,1.660188839972E-02,
    0.186457606376));
#4793 = VECTOR('',#4794,1.);
#4794 = DIRECTION('',(8.715574274766E-02,-0.996194698092,-0.));
#4795 = ORIENTED_EDGE('',*,*,#4582,.T.);
#4796 = ORIENTED_EDGE('',*,*,#4797,.F.);
#4797 = EDGE_CURVE('',#4798,#4585,#4800,.T.);
#4798 = VERTEX_POINT('',#4799);
#4799 = CARTESIAN_POINT('',(0.340012776199,2.E-02,0.186457606376));
#4800 = LINE('',#4801,#4802);
#4801 = CARTESIAN_POINT('',(0.340012776199,2.E-02,0.186457606376));
#4802 = VECTOR('',#4803,1.);
#4803 = DIRECTION('',(-0.,1.,-0.));
#4804 = ORIENTED_EDGE('',*,*,#4805,.F.);
#4805 = EDGE_CURVE('',#4727,#4798,#4806,.T.);
#4806 = LINE('',#4807,#4808);
#4807 = CARTESIAN_POINT('',(0.340012776199,2.E-02,0.186457606376));
#4808 = VECTOR('',#4809,1.);
#4809 = DIRECTION('',(1.,-0.,-0.));
#4810 = ORIENTED_EDGE('',*,*,#4726,.T.);
#4811 = ORIENTED_EDGE('',*,*,#4812,.F.);
#4812 = EDGE_CURVE('',#4789,#4717,#4813,.T.);
#4813 = LINE('',#4814,#4815);
#4814 = CARTESIAN_POINT('',(0.340012776199,3.E-02,0.186457606376));
#4815 = VECTOR('',#4816,1.);
#4816 = DIRECTION('',(-1.,0.,0.));
#4817 = PLANE('',#4818);
#4818 = AXIS2_PLACEMENT_3D('',#4819,#4820,#4821);
#4819 = CARTESIAN_POINT('',(0.340012776199,2.E-02,0.186457606376));
#4820 = DIRECTION('',(0.,0.,1.));
#4821 = DIRECTION('',(1.,0.,-0.));
#4822 = ADVANCED_FACE('',(#4823),#4855,.F.);
#4823 = FACE_BOUND('',#4824,.T.);
#4824 = EDGE_LOOP('',(#4825,#4833,#4839,#4840,#4848,#4854));
#4825 = ORIENTED_EDGE('',*,*,#4826,.F.);
#4826 = EDGE_CURVE('',#4827,#4593,#4829,.T.);
#4827 = VERTEX_POINT('',#4828);
#4828 = CARTESIAN_POINT('',(0.3,3.E-02,0.235015152374));
#4829 = LINE('',#4830,#4831);
#4830 = CARTESIAN_POINT('',(0.301031244381,1.82128227829E-02,
    0.235015152374));
#4831 = VECTOR('',#4832,1.);
#4832 = DIRECTION('',(-8.715574274766E-02,0.996194698092,-0.));
#4833 = ORIENTED_EDGE('',*,*,#4834,.F.);
#4834 = EDGE_CURVE('',#4719,#4827,#4835,.T.);
#4835 = LINE('',#4836,#4837);
#4836 = CARTESIAN_POINT('',(0.321458773447,3.E-02,0.235015152374));
#4837 = VECTOR('',#4838,1.);
#4838 = DIRECTION('',(1.,0.,0.));
#4839 = ORIENTED_EDGE('',*,*,#4774,.F.);
#4840 = ORIENTED_EDGE('',*,*,#4841,.F.);
#4841 = EDGE_CURVE('',#4842,#4767,#4844,.T.);
#4842 = VERTEX_POINT('',#4843);
#4843 = CARTESIAN_POINT('',(0.321458773447,2.E-02,0.235015152374));
#4844 = LINE('',#4845,#4846);
#4845 = CARTESIAN_POINT('',(0.321458773447,2.E-02,0.235015152374));
#4846 = VECTOR('',#4847,1.);
#4847 = DIRECTION('',(-1.,0.,0.));
#4848 = ORIENTED_EDGE('',*,*,#4849,.T.);
#4849 = EDGE_CURVE('',#4842,#4601,#4850,.T.);
#4850 = LINE('',#4851,#4852);
#4851 = CARTESIAN_POINT('',(0.321458773447,2.E-02,0.235015152374));
#4852 = VECTOR('',#4853,1.);
#4853 = DIRECTION('',(-0.,1.,-0.));
#4854 = ORIENTED_EDGE('',*,*,#4600,.T.);
#4855 = PLANE('',#4856);
#4856 = AXIS2_PLACEMENT_3D('',#4857,#4858,#4859);
#4857 = CARTESIAN_POINT('',(0.321458773447,2.E-02,0.235015152374));
#4858 = DIRECTION('',(-0.,0.,-1.));
#4859 = DIRECTION('',(-1.,0.,0.));
#4860 = ADVANCED_FACE('',(#4861),#4886,.F.);
#4861 = FACE_BOUND('',#4862,.T.);
#4862 = EDGE_LOOP('',(#4863,#4871,#4879,#4885));
#4863 = ORIENTED_EDGE('',*,*,#4864,.F.);
#4864 = EDGE_CURVE('',#4865,#4735,#4867,.T.);
#4865 = VERTEX_POINT('',#4866);
#4866 = CARTESIAN_POINT('',(0.31425824379,2.E-02,-0.26));
#4867 = LINE('',#4868,#4869);
#4868 = CARTESIAN_POINT('',(0.2,2.E-02,-0.26));
#4869 = VECTOR('',#4870,1.);
#4870 = DIRECTION('',(-1.,-0.,-0.));
#4871 = ORIENTED_EDGE('',*,*,#4872,.T.);
#4872 = EDGE_CURVE('',#4865,#4873,#4875,.T.);
#4873 = VERTEX_POINT('',#4874);
#4874 = CARTESIAN_POINT('',(0.31425824379,-4.E-02,-0.26));
#4875 = LINE('',#4876,#4877);
#4876 = CARTESIAN_POINT('',(0.31425824379,4.E-02,-0.26));
#4877 = VECTOR('',#4878,1.);
#4878 = DIRECTION('',(-0.,-1.,-0.));
#4879 = ORIENTED_EDGE('',*,*,#4880,.T.);
#4880 = EDGE_CURVE('',#4873,#4743,#4881,.T.);
#4881 = LINE('',#4882,#4883);
#4882 = CARTESIAN_POINT('',(0.31425824379,-4.E-02,-0.26));
#4883 = VECTOR('',#4884,1.);
#4884 = DIRECTION('',(-1.,0.,0.));
#4885 = ORIENTED_EDGE('',*,*,#4742,.F.);
#4886 = PLANE('',#4887);
#4887 = AXIS2_PLACEMENT_3D('',#4888,#4889,#4890);
#4888 = CARTESIAN_POINT('',(0.31425824379,4.E-02,-0.26));
#4889 = DIRECTION('',(0.,-0.,1.));
#4890 = DIRECTION('',(1.,0.,0.));
#4891 = ADVANCED_FACE('',(#4892),#4926,.T.);
#4892 = FACE_BOUND('',#4893,.T.);
#4893 = EDGE_LOOP('',(#4894,#4903,#4904,#4913,#4919,#4920));
#4894 = ORIENTED_EDGE('',*,*,#4895,.T.);
#4895 = EDGE_CURVE('',#4896,#4873,#4898,.T.);
#4896 = VERTEX_POINT('',#4897);
#4897 = CARTESIAN_POINT('',(0.31,-4.E-02,-0.3));
#4898 = CIRCLE('',#4899,0.19);
#4899 = AXIS2_PLACEMENT_3D('',#4900,#4901,#4902);
#4900 = CARTESIAN_POINT('',(0.5,-4.E-02,-0.3));
#4901 = DIRECTION('',(0.,1.,0.));
#4902 = DIRECTION('',(0.,-0.,1.));
#4903 = ORIENTED_EDGE('',*,*,#4872,.F.);
#4904 = ORIENTED_EDGE('',*,*,#4905,.F.);
#4905 = EDGE_CURVE('',#4906,#4865,#4908,.T.);
#4906 = VERTEX_POINT('',#4907);
#4907 = CARTESIAN_POINT('',(0.340012776199,2.E-02,-0.197510545808));
#4908 = CIRCLE('',#4909,0.19);
#4909 = AXIS2_PLACEMENT_3D('',#4910,#4911,#4912);
#4910 = CARTESIAN_POINT('',(0.5,2.E-02,-0.3));
#4911 = DIRECTION('',(0.,-1.,0.));
#4912 = DIRECTION('',(0.,0.,1.));
#4913 = ORIENTED_EDGE('',*,*,#4914,.T.);
#4914 = EDGE_CURVE('',#4906,#4694,#4915,.T.);
#4915 = LINE('',#4916,#4917);
#4916 = CARTESIAN_POINT('',(0.340012776199,2.E-02,-0.197510545808));
#4917 = VECTOR('',#4918,1.);
#4918 = DIRECTION('',(-0.,1.,-0.));
#4919 = ORIENTED_EDGE('',*,*,#4693,.F.);
#4920 = ORIENTED_EDGE('',*,*,#4921,.T.);
#4921 = EDGE_CURVE('',#4686,#4896,#4922,.T.);
#4922 = LINE('',#4923,#4924);
#4923 = CARTESIAN_POINT('',(0.31,4.E-02,-0.3));
#4924 = VECTOR('',#4925,1.);
#4925 = DIRECTION('',(-0.,-1.,-0.));
#4926 = CYLINDRICAL_SURFACE('',#4927,0.19);
#4927 = AXIS2_PLACEMENT_3D('',#4928,#4929,#4930);
#4928 = CARTESIAN_POINT('',(0.5,4.E-02,-0.3));
#4929 = DIRECTION('',(-0.,-1.,-0.));
#4930 = DIRECTION('',(0.,0.,-1.));
#4931 = ADVANCED_FACE('',(#4932),#4957,.F.);
#4932 = FACE_BOUND('',#4933,.T.);
#4933 = EDGE_LOOP('',(#4934,#4944,#4950,#4951));
#4934 = ORIENTED_EDGE('',*,*,#4935,.F.);
#4935 = EDGE_CURVE('',#4936,#4938,#4940,.T.);
#4936 = VERTEX_POINT('',#4937);
#4937 = CARTESIAN_POINT('',(0.31425824379,2.E-02,0.26));
#4938 = VERTEX_POINT('',#4939);
#4939 = CARTESIAN_POINT('',(0.31425824379,-4.E-02,0.26));
#4940 = LINE('',#4941,#4942);
#4941 = CARTESIAN_POINT('',(0.31425824379,4.E-02,0.26));
#4942 = VECTOR('',#4943,1.);
#4943 = DIRECTION('',(-0.,-1.,-0.));
#4944 = ORIENTED_EDGE('',*,*,#4945,.F.);
#4945 = EDGE_CURVE('',#4759,#4936,#4946,.T.);
#4946 = LINE('',#4947,#4948);
#4947 = CARTESIAN_POINT('',(0.2,2.E-02,0.26));
#4948 = VECTOR('',#4949,1.);
#4949 = DIRECTION('',(1.,0.,0.));
#4950 = ORIENTED_EDGE('',*,*,#4758,.T.);
#4951 = ORIENTED_EDGE('',*,*,#4952,.T.);
#4952 = EDGE_CURVE('',#4751,#4938,#4953,.T.);
#4953 = LINE('',#4954,#4955);
#4954 = CARTESIAN_POINT('',(0.2,-4.E-02,0.26));
#4955 = VECTOR('',#4956,1.);
#4956 = DIRECTION('',(1.,0.,0.));
#4957 = PLANE('',#4958);
#4958 = AXIS2_PLACEMENT_3D('',#4959,#4960,#4961);
#4959 = CARTESIAN_POINT('',(0.2,4.E-02,0.26));
#4960 = DIRECTION('',(0.,0.,-1.));
#4961 = DIRECTION('',(-1.,0.,-0.));
#4962 = ADVANCED_FACE('',(#4963),#4990,.T.);
#4963 = FACE_BOUND('',#4964,.T.);
#4964 = EDGE_LOOP('',(#4965,#4974,#4980,#4981,#4982,#4989));
#4965 = ORIENTED_EDGE('',*,*,#4966,.T.);
#4966 = EDGE_CURVE('',#4938,#4967,#4969,.T.);
#4967 = VERTEX_POINT('',#4968);
#4968 = CARTESIAN_POINT('',(0.31,-4.E-02,0.3));
#4969 = CIRCLE('',#4970,0.19);
#4970 = AXIS2_PLACEMENT_3D('',#4971,#4972,#4973);
#4971 = CARTESIAN_POINT('',(0.5,-4.E-02,0.3));
#4972 = DIRECTION('',(0.,1.,0.));
#4973 = DIRECTION('',(0.,-0.,1.));
#4974 = ORIENTED_EDGE('',*,*,#4975,.F.);
#4975 = EDGE_CURVE('',#4609,#4967,#4976,.T.);
#4976 = LINE('',#4977,#4978);
#4977 = CARTESIAN_POINT('',(0.31,4.E-02,0.3));
#4978 = VECTOR('',#4979,1.);
#4979 = DIRECTION('',(-0.,-1.,-0.));
#4980 = ORIENTED_EDGE('',*,*,#4608,.F.);
#4981 = ORIENTED_EDGE('',*,*,#4849,.F.);
#4982 = ORIENTED_EDGE('',*,*,#4983,.F.);
#4983 = EDGE_CURVE('',#4936,#4842,#4984,.T.);
#4984 = CIRCLE('',#4985,0.19);
#4985 = AXIS2_PLACEMENT_3D('',#4986,#4987,#4988);
#4986 = CARTESIAN_POINT('',(0.5,2.E-02,0.3));
#4987 = DIRECTION('',(-0.,-1.,0.));
#4988 = DIRECTION('',(-0.,0.,-1.));
#4989 = ORIENTED_EDGE('',*,*,#4935,.T.);
#4990 = CYLINDRICAL_SURFACE('',#4991,0.19);
#4991 = AXIS2_PLACEMENT_3D('',#4992,#4993,#4994);
#4992 = CARTESIAN_POINT('',(0.5,4.E-02,0.3));
#4993 = DIRECTION('',(-0.,-1.,-0.));
#4994 = DIRECTION('',(0.,0.,-1.));
#4995 = ADVANCED_FACE('',(#4996),#5014,.F.);
#4996 = FACE_BOUND('',#4997,.T.);
#4997 = EDGE_LOOP('',(#4998,#5006,#5012,#5013));
#4998 = ORIENTED_EDGE('',*,*,#4999,.T.);
#4999 = EDGE_CURVE('',#4967,#5000,#5002,.T.);
#5000 = VERTEX_POINT('',#5001);
#5001 = CARTESIAN_POINT('',(0.35,-4.E-02,0.3));
#5002 = LINE('',#5003,#5004);
#5003 = CARTESIAN_POINT('',(0.31,-4.E-02,0.3));
#5004 = VECTOR('',#5005,1.);
#5005 = DIRECTION('',(1.,0.,-2.710505431214E-15));
#5006 = ORIENTED_EDGE('',*,*,#5007,.F.);
#5007 = EDGE_CURVE('',#4618,#5000,#5008,.T.);
#5008 = LINE('',#5009,#5010);
#5009 = CARTESIAN_POINT('',(0.35,4.E-02,0.3));
#5010 = VECTOR('',#5011,1.);
#5011 = DIRECTION('',(-0.,-1.,-0.));
#5012 = ORIENTED_EDGE('',*,*,#4617,.F.);
#5013 = ORIENTED_EDGE('',*,*,#4975,.T.);
#5014 = PLANE('',#5015);
#5015 = AXIS2_PLACEMENT_3D('',#5016,#5017,#5018);
#5016 = CARTESIAN_POINT('',(0.31,4.E-02,0.3));
#5017 = DIRECTION('',(-2.710505431214E-15,0.,-1.));
#5018 = DIRECTION('',(-1.,0.,2.710505431214E-15));
#5019 = ADVANCED_FACE('',(#5020),#5039,.F.);
#5020 = FACE_BOUND('',#5021,.F.);
#5021 = EDGE_LOOP('',(#5022,#5023,#5024,#5032));
#5022 = ORIENTED_EDGE('',*,*,#5007,.F.);
#5023 = ORIENTED_EDGE('',*,*,#4625,.T.);
#5024 = ORIENTED_EDGE('',*,*,#5025,.T.);
#5025 = EDGE_CURVE('',#4626,#5026,#5028,.T.);
#5026 = VERTEX_POINT('',#5027);
#5027 = CARTESIAN_POINT('',(0.5,-4.E-02,0.15));
#5028 = LINE('',#5029,#5030);
#5029 = CARTESIAN_POINT('',(0.5,4.E-02,0.15));
#5030 = VECTOR('',#5031,1.);
#5031 = DIRECTION('',(-0.,-1.,-0.));
#5032 = ORIENTED_EDGE('',*,*,#5033,.F.);
#5033 = EDGE_CURVE('',#5000,#5026,#5034,.T.);
#5034 = CIRCLE('',#5035,0.15);
#5035 = AXIS2_PLACEMENT_3D('',#5036,#5037,#5038);
#5036 = CARTESIAN_POINT('',(0.5,-4.E-02,0.3));
#5037 = DIRECTION('',(0.,-1.,0.));
#5038 = DIRECTION('',(0.,0.,1.));
#5039 = CYLINDRICAL_SURFACE('',#5040,0.15);
#5040 = AXIS2_PLACEMENT_3D('',#5041,#5042,#5043);
#5041 = CARTESIAN_POINT('',(0.5,4.E-02,0.3));
#5042 = DIRECTION('',(-0.,-1.,-0.));
#5043 = DIRECTION('',(0.,0.,-1.));
#5044 = ADVANCED_FACE('',(#5045),#5063,.F.);
#5045 = FACE_BOUND('',#5046,.T.);
#5046 = EDGE_LOOP('',(#5047,#5055,#5061,#5062));
#5047 = ORIENTED_EDGE('',*,*,#5048,.T.);
#5048 = EDGE_CURVE('',#5026,#5049,#5051,.T.);
#5049 = VERTEX_POINT('',#5050);
#5050 = CARTESIAN_POINT('',(0.5,-4.E-02,0.11));
#5051 = LINE('',#5052,#5053);
#5052 = CARTESIAN_POINT('',(0.5,-4.E-02,0.15));
#5053 = VECTOR('',#5054,1.);
#5054 = DIRECTION('',(0.,0.,-1.));
#5055 = ORIENTED_EDGE('',*,*,#5056,.F.);
#5056 = EDGE_CURVE('',#4635,#5049,#5057,.T.);
#5057 = LINE('',#5058,#5059);
#5058 = CARTESIAN_POINT('',(0.5,4.E-02,0.11));
#5059 = VECTOR('',#5060,1.);
#5060 = DIRECTION('',(-0.,-1.,-0.));
#5061 = ORIENTED_EDGE('',*,*,#4634,.F.);
#5062 = ORIENTED_EDGE('',*,*,#5025,.T.);
#5063 = PLANE('',#5064);
#5064 = AXIS2_PLACEMENT_3D('',#5065,#5066,#5067);
#5065 = CARTESIAN_POINT('',(0.5,4.E-02,0.15));
#5066 = DIRECTION('',(-1.,0.,0.));
#5067 = DIRECTION('',(0.,0.,1.));
#5068 = ADVANCED_FACE('',(#5069),#5088,.T.);
#5069 = FACE_BOUND('',#5070,.T.);
#5070 = EDGE_LOOP('',(#5071,#5080,#5086,#5087));
#5071 = ORIENTED_EDGE('',*,*,#5072,.T.);
#5072 = EDGE_CURVE('',#5049,#5073,#5075,.T.);
#5073 = VERTEX_POINT('',#5074);
#5074 = CARTESIAN_POINT('',(0.46,-4.E-02,0.11425824379));
#5075 = CIRCLE('',#5076,0.19);
#5076 = AXIS2_PLACEMENT_3D('',#5077,#5078,#5079);
#5077 = CARTESIAN_POINT('',(0.5,-4.E-02,0.3));
#5078 = DIRECTION('',(0.,1.,0.));
#5079 = DIRECTION('',(0.,-0.,1.));
#5080 = ORIENTED_EDGE('',*,*,#5081,.F.);
#5081 = EDGE_CURVE('',#4643,#5073,#5082,.T.);
#5082 = LINE('',#5083,#5084);
#5083 = CARTESIAN_POINT('',(0.46,4.E-02,0.11425824379));
#5084 = VECTOR('',#5085,1.);
#5085 = DIRECTION('',(-0.,-1.,-0.));
#5086 = ORIENTED_EDGE('',*,*,#4642,.F.);
#5087 = ORIENTED_EDGE('',*,*,#5056,.T.);
#5088 = CYLINDRICAL_SURFACE('',#5089,0.19);
#5089 = AXIS2_PLACEMENT_3D('',#5090,#5091,#5092);
#5090 = CARTESIAN_POINT('',(0.5,4.E-02,0.3));
#5091 = DIRECTION('',(-0.,-1.,-0.));
#5092 = DIRECTION('',(0.,0.,-1.));
#5093 = ADVANCED_FACE('',(#5094),#5112,.F.);
#5094 = FACE_BOUND('',#5095,.T.);
#5095 = EDGE_LOOP('',(#5096,#5104,#5110,#5111));
#5096 = ORIENTED_EDGE('',*,*,#5097,.T.);
#5097 = EDGE_CURVE('',#5073,#5098,#5100,.T.);
#5098 = VERTEX_POINT('',#5099);
#5099 = CARTESIAN_POINT('',(0.46,-4.E-02,-0.11425824379));
#5100 = LINE('',#5101,#5102);
#5101 = CARTESIAN_POINT('',(0.46,-4.E-02,0.11425824379));
#5102 = VECTOR('',#5103,1.);
#5103 = DIRECTION('',(0.,0.,-1.));
#5104 = ORIENTED_EDGE('',*,*,#5105,.F.);
#5105 = EDGE_CURVE('',#4652,#5098,#5106,.T.);
#5106 = LINE('',#5107,#5108);
#5107 = CARTESIAN_POINT('',(0.46,4.E-02,-0.11425824379));
#5108 = VECTOR('',#5109,1.);
#5109 = DIRECTION('',(-0.,-1.,-0.));
#5110 = ORIENTED_EDGE('',*,*,#4651,.F.);
#5111 = ORIENTED_EDGE('',*,*,#5081,.T.);
#5112 = PLANE('',#5113);
#5113 = AXIS2_PLACEMENT_3D('',#5114,#5115,#5116);
#5114 = CARTESIAN_POINT('',(0.46,4.E-02,0.11425824379));
#5115 = DIRECTION('',(-1.,0.,0.));
#5116 = DIRECTION('',(0.,0.,1.));
#5117 = ADVANCED_FACE('',(#5118),#5137,.T.);
#5118 = FACE_BOUND('',#5119,.T.);
#5119 = EDGE_LOOP('',(#5120,#5129,#5135,#5136));
#5120 = ORIENTED_EDGE('',*,*,#5121,.T.);
#5121 = EDGE_CURVE('',#5098,#5122,#5124,.T.);
#5122 = VERTEX_POINT('',#5123);
#5123 = CARTESIAN_POINT('',(0.5,-4.E-02,-0.11));
#5124 = CIRCLE('',#5125,0.19);
#5125 = AXIS2_PLACEMENT_3D('',#5126,#5127,#5128);
#5126 = CARTESIAN_POINT('',(0.5,-4.E-02,-0.3));
#5127 = DIRECTION('',(0.,1.,0.));
#5128 = DIRECTION('',(0.,-0.,1.));
#5129 = ORIENTED_EDGE('',*,*,#5130,.F.);
#5130 = EDGE_CURVE('',#4660,#5122,#5131,.T.);
#5131 = LINE('',#5132,#5133);
#5132 = CARTESIAN_POINT('',(0.5,4.E-02,-0.11));
#5133 = VECTOR('',#5134,1.);
#5134 = DIRECTION('',(-0.,-1.,-0.));
#5135 = ORIENTED_EDGE('',*,*,#4659,.F.);
#5136 = ORIENTED_EDGE('',*,*,#5105,.T.);
#5137 = CYLINDRICAL_SURFACE('',#5138,0.19);
#5138 = AXIS2_PLACEMENT_3D('',#5139,#5140,#5141);
#5139 = CARTESIAN_POINT('',(0.5,4.E-02,-0.3));
#5140 = DIRECTION('',(-0.,-1.,-0.));
#5141 = DIRECTION('',(0.,0.,-1.));
#5142 = ADVANCED_FACE('',(#5143),#5161,.F.);
#5143 = FACE_BOUND('',#5144,.T.);
#5144 = EDGE_LOOP('',(#5145,#5153,#5159,#5160));
#5145 = ORIENTED_EDGE('',*,*,#5146,.T.);
#5146 = EDGE_CURVE('',#5122,#5147,#5149,.T.);
#5147 = VERTEX_POINT('',#5148);
#5148 = CARTESIAN_POINT('',(0.5,-4.E-02,-0.15));
#5149 = LINE('',#5150,#5151);
#5150 = CARTESIAN_POINT('',(0.5,-4.E-02,-0.11));
#5151 = VECTOR('',#5152,1.);
#5152 = DIRECTION('',(0.,0.,-1.));
#5153 = ORIENTED_EDGE('',*,*,#5154,.F.);
#5154 = EDGE_CURVE('',#4669,#5147,#5155,.T.);
#5155 = LINE('',#5156,#5157);
#5156 = CARTESIAN_POINT('',(0.5,4.E-02,-0.15));
#5157 = VECTOR('',#5158,1.);
#5158 = DIRECTION('',(-0.,-1.,-0.));
#5159 = ORIENTED_EDGE('',*,*,#4668,.F.);
#5160 = ORIENTED_EDGE('',*,*,#5130,.T.);
#5161 = PLANE('',#5162);
#5162 = AXIS2_PLACEMENT_3D('',#5163,#5164,#5165);
#5163 = CARTESIAN_POINT('',(0.5,4.E-02,-0.11));
#5164 = DIRECTION('',(-1.,0.,0.));
#5165 = DIRECTION('',(0.,0.,1.));
#5166 = ADVANCED_FACE('',(#5167),#5186,.F.);
#5167 = FACE_BOUND('',#5168,.F.);
#5168 = EDGE_LOOP('',(#5169,#5170,#5171,#5179));
#5169 = ORIENTED_EDGE('',*,*,#5154,.F.);
#5170 = ORIENTED_EDGE('',*,*,#4676,.T.);
#5171 = ORIENTED_EDGE('',*,*,#5172,.T.);
#5172 = EDGE_CURVE('',#4677,#5173,#5175,.T.);
#5173 = VERTEX_POINT('',#5174);
#5174 = CARTESIAN_POINT('',(0.35,-4.E-02,-0.3));
#5175 = LINE('',#5176,#5177);
#5176 = CARTESIAN_POINT('',(0.35,4.E-02,-0.3));
#5177 = VECTOR('',#5178,1.);
#5178 = DIRECTION('',(-0.,-1.,-0.));
#5179 = ORIENTED_EDGE('',*,*,#5180,.F.);
#5180 = EDGE_CURVE('',#5147,#5173,#5181,.T.);
#5181 = CIRCLE('',#5182,0.15);
#5182 = AXIS2_PLACEMENT_3D('',#5183,#5184,#5185);
#5183 = CARTESIAN_POINT('',(0.5,-4.E-02,-0.3));
#5184 = DIRECTION('',(0.,-1.,0.));
#5185 = DIRECTION('',(0.,0.,1.));
#5186 = CYLINDRICAL_SURFACE('',#5187,0.15);
#5187 = AXIS2_PLACEMENT_3D('',#5188,#5189,#5190);
#5188 = CARTESIAN_POINT('',(0.5,4.E-02,-0.3));
#5189 = DIRECTION('',(-0.,-1.,-0.));
#5190 = DIRECTION('',(0.,0.,-1.));
#5191 = ADVANCED_FACE('',(#5192),#5203,.F.);
#5192 = FACE_BOUND('',#5193,.T.);
#5193 = EDGE_LOOP('',(#5194,#5200,#5201,#5202));
#5194 = ORIENTED_EDGE('',*,*,#5195,.T.);
#5195 = EDGE_CURVE('',#5173,#4896,#5196,.T.);
#5196 = LINE('',#5197,#5198);
#5197 = CARTESIAN_POINT('',(0.35,-4.E-02,-0.3));
#5198 = VECTOR('',#5199,1.);
#5199 = DIRECTION('',(-1.,0.,0.));
#5200 = ORIENTED_EDGE('',*,*,#4921,.F.);
#5201 = ORIENTED_EDGE('',*,*,#4685,.F.);
#5202 = ORIENTED_EDGE('',*,*,#5172,.T.);
#5203 = PLANE('',#5204);
#5204 = AXIS2_PLACEMENT_3D('',#5205,#5206,#5207);
#5205 = CARTESIAN_POINT('',(0.35,4.E-02,-0.3));
#5206 = DIRECTION('',(0.,-0.,1.));
#5207 = DIRECTION('',(1.,0.,0.));
#5208 = ADVANCED_FACE('',(#5209),#5225,.F.);
#5209 = FACE_BOUND('',#5210,.T.);
#5210 = EDGE_LOOP('',(#5211,#5212,#5213,#5214,#5215,#5216,#5217,#5218,
    #5219,#5220,#5221,#5222,#5223,#5224));
#5211 = ORIENTED_EDGE('',*,*,#4895,.F.);
#5212 = ORIENTED_EDGE('',*,*,#5195,.F.);
#5213 = ORIENTED_EDGE('',*,*,#5180,.F.);
#5214 = ORIENTED_EDGE('',*,*,#5146,.F.);
#5215 = ORIENTED_EDGE('',*,*,#5121,.F.);
#5216 = ORIENTED_EDGE('',*,*,#5097,.F.);
#5217 = ORIENTED_EDGE('',*,*,#5072,.F.);
#5218 = ORIENTED_EDGE('',*,*,#5048,.F.);
#5219 = ORIENTED_EDGE('',*,*,#5033,.F.);
#5220 = ORIENTED_EDGE('',*,*,#4999,.F.);
#5221 = ORIENTED_EDGE('',*,*,#4966,.F.);
#5222 = ORIENTED_EDGE('',*,*,#4952,.F.);
#5223 = ORIENTED_EDGE('',*,*,#4750,.F.);
#5224 = ORIENTED_EDGE('',*,*,#4880,.F.);
#5225 = PLANE('',#5226);
#5226 = AXIS2_PLACEMENT_3D('',#5227,#5228,#5229);
#5227 = CARTESIAN_POINT('',(0.5,-4.E-02,-0.3));
#5228 = DIRECTION('',(0.,1.,0.));
#5229 = DIRECTION('',(0.,-0.,1.));
#5230 = ADVANCED_FACE('',(#5231),#5242,.F.);
#5231 = FACE_BOUND('',#5232,.T.);
#5232 = EDGE_LOOP('',(#5233,#5234,#5235,#5241));
#5233 = ORIENTED_EDGE('',*,*,#4702,.T.);
#5234 = ORIENTED_EDGE('',*,*,#4914,.F.);
#5235 = ORIENTED_EDGE('',*,*,#5236,.F.);
#5236 = EDGE_CURVE('',#4798,#4906,#5237,.T.);
#5237 = LINE('',#5238,#5239);
#5238 = CARTESIAN_POINT('',(0.340012776199,2.E-02,-0.197510545808));
#5239 = VECTOR('',#5240,1.);
#5240 = DIRECTION('',(-0.,-0.,-1.));
#5241 = ORIENTED_EDGE('',*,*,#4797,.T.);
#5242 = PLANE('',#5243);
#5243 = AXIS2_PLACEMENT_3D('',#5244,#5245,#5246);
#5244 = CARTESIAN_POINT('',(0.340012776199,2.E-02,-0.197510545808));
#5245 = DIRECTION('',(1.,0.,-0.));
#5246 = DIRECTION('',(-0.,0.,-1.));
#5247 = ADVANCED_FACE('',(#5248),#5255,.T.);
#5248 = FACE_BOUND('',#5249,.T.);
#5249 = EDGE_LOOP('',(#5250,#5251,#5252,#5253,#5254));
#5250 = ORIENTED_EDGE('',*,*,#5236,.T.);
#5251 = ORIENTED_EDGE('',*,*,#4905,.T.);
#5252 = ORIENTED_EDGE('',*,*,#4864,.T.);
#5253 = ORIENTED_EDGE('',*,*,#4734,.T.);
#5254 = ORIENTED_EDGE('',*,*,#4805,.T.);
#5255 = PLANE('',#5256);
#5256 = AXIS2_PLACEMENT_3D('',#5257,#5258,#5259);
#5257 = CARTESIAN_POINT('',(0.5,2.E-02,-0.3));
#5258 = DIRECTION('',(0.,1.,0.));
#5259 = DIRECTION('',(0.,-0.,1.));
#5260 = ADVANCED_FACE('',(#5261),#5267,.F.);
#5261 = FACE_BOUND('',#5262,.T.);
#5262 = EDGE_LOOP('',(#5263,#5264,#5265,#5266));
#5263 = ORIENTED_EDGE('',*,*,#4983,.T.);
#5264 = ORIENTED_EDGE('',*,*,#4841,.T.);
#5265 = ORIENTED_EDGE('',*,*,#4766,.T.);
#5266 = ORIENTED_EDGE('',*,*,#4945,.T.);
#5267 = PLANE('',#5268);
#5268 = AXIS2_PLACEMENT_3D('',#5269,#5270,#5271);
#5269 = CARTESIAN_POINT('',(0.5,2.E-02,0.3));
#5270 = DIRECTION('',(0.,-1.,0.));
#5271 = DIRECTION('',(0.,-0.,-1.));
#5272 = ADVANCED_FACE('',(#5273),#5284,.F.);
#5273 = FACE_BOUND('',#5274,.T.);
#5274 = EDGE_LOOP('',(#5275,#5276,#5282,#5283));
#5275 = ORIENTED_EDGE('',*,*,#4788,.T.);
#5276 = ORIENTED_EDGE('',*,*,#5277,.F.);
#5277 = EDGE_CURVE('',#4827,#4789,#5278,.T.);
#5278 = LINE('',#5279,#5280);
#5279 = CARTESIAN_POINT('',(0.3,3.E-02,0.3));
#5280 = VECTOR('',#5281,1.);
#5281 = DIRECTION('',(0.,0.,-1.));
#5282 = ORIENTED_EDGE('',*,*,#4826,.T.);
#5283 = ORIENTED_EDGE('',*,*,#4592,.F.);
#5284 = PLANE('',#5285);
#5285 = AXIS2_PLACEMENT_3D('',#5286,#5287,#5288);
#5286 = CARTESIAN_POINT('',(0.3,3.E-02,0.3));
#5287 = DIRECTION('',(0.996194698092,8.715574274766E-02,0.));
#5288 = DIRECTION('',(-8.715574274766E-02,0.996194698092,0.));
#5289 = ADVANCED_FACE('',(#5290),#5296,.T.);
#5290 = FACE_BOUND('',#5291,.T.);
#5291 = EDGE_LOOP('',(#5292,#5293,#5294,#5295));
#5292 = ORIENTED_EDGE('',*,*,#4812,.T.);
#5293 = ORIENTED_EDGE('',*,*,#4716,.T.);
#5294 = ORIENTED_EDGE('',*,*,#4834,.T.);
#5295 = ORIENTED_EDGE('',*,*,#5277,.T.);
#5296 = PLANE('',#5297);
#5297 = AXIS2_PLACEMENT_3D('',#5298,#5299,#5300);
#5298 = CARTESIAN_POINT('',(0.,3.E-02,0.));
#5299 = DIRECTION('',(0.,1.,0.));
#5300 = DIRECTION('',(0.,-0.,1.));
#5301 = MANIFOLD_SOLID_BREP('',#5302);
#5302 = CLOSED_SHELL('',(#5303,#5375,#5509,#5547,#5585,#5616,#5647,#5680
    ,#5704,#5729,#5753,#5778,#5802,#5827,#5851,#5876,#5900,#5933,#5955,
    #5972,#5985,#5997,#6014));
#5303 = ADVANCED_FACE('',(#5304),#5370,.F.);
#5304 = FACE_BOUND('',#5305,.T.);
#5305 = EDGE_LOOP('',(#5306,#5316,#5324,#5332,#5340,#5348,#5356,#5364));
#5306 = ORIENTED_EDGE('',*,*,#5307,.F.);
#5307 = EDGE_CURVE('',#5308,#5310,#5312,.T.);
#5308 = VERTEX_POINT('',#5309);
#5309 = CARTESIAN_POINT('',(-0.2,3.E-02,-0.186457606376));
#5310 = VERTEX_POINT('',#5311);
#5311 = CARTESIAN_POINT('',(-0.2,3.E-02,-0.235015152374));
#5312 = LINE('',#5313,#5314);
#5313 = CARTESIAN_POINT('',(-0.2,3.E-02,0.26));
#5314 = VECTOR('',#5315,1.);
#5315 = DIRECTION('',(0.,0.,-1.));
#5316 = ORIENTED_EDGE('',*,*,#5317,.F.);
#5317 = EDGE_CURVE('',#5318,#5308,#5320,.T.);
#5318 = VERTEX_POINT('',#5319);
#5319 = CARTESIAN_POINT('',(-0.2,2.E-02,-0.186457606376));
#5320 = LINE('',#5321,#5322);
#5321 = CARTESIAN_POINT('',(-0.2,2.E-02,-0.186457606376));
#5322 = VECTOR('',#5323,1.);
#5323 = DIRECTION('',(-0.,1.,-0.));
#5324 = ORIENTED_EDGE('',*,*,#5325,.F.);
#5325 = EDGE_CURVE('',#5326,#5318,#5328,.T.);
#5326 = VERTEX_POINT('',#5327);
#5327 = CARTESIAN_POINT('',(-0.2,2.E-02,0.26));
#5328 = LINE('',#5329,#5330);
#5329 = CARTESIAN_POINT('',(-0.2,2.E-02,-0.186457606376));
#5330 = VECTOR('',#5331,1.);
#5331 = DIRECTION('',(-0.,-0.,-1.));
#5332 = ORIENTED_EDGE('',*,*,#5333,.T.);
#5333 = EDGE_CURVE('',#5326,#5334,#5336,.T.);
#5334 = VERTEX_POINT('',#5335);
#5335 = CARTESIAN_POINT('',(-0.2,-4.E-02,0.26));
#5336 = LINE('',#5337,#5338);
#5337 = CARTESIAN_POINT('',(-0.2,4.E-02,0.26));
#5338 = VECTOR('',#5339,1.);
#5339 = DIRECTION('',(-0.,-1.,-0.));
#5340 = ORIENTED_EDGE('',*,*,#5341,.T.);
#5341 = EDGE_CURVE('',#5334,#5342,#5344,.T.);
#5342 = VERTEX_POINT('',#5343);
#5343 = CARTESIAN_POINT('',(-0.2,-4.E-02,-0.26));
#5344 = LINE('',#5345,#5346);
#5345 = CARTESIAN_POINT('',(-0.2,-4.E-02,0.26));
#5346 = VECTOR('',#5347,1.);
#5347 = DIRECTION('',(0.,0.,-1.));
#5348 = ORIENTED_EDGE('',*,*,#5349,.F.);
#5349 = EDGE_CURVE('',#5350,#5342,#5352,.T.);
#5350 = VERTEX_POINT('',#5351);
#5351 = CARTESIAN_POINT('',(-0.2,2.E-02,-0.26));
#5352 = LINE('',#5353,#5354);
#5353 = CARTESIAN_POINT('',(-0.2,4.E-02,-0.26));
#5354 = VECTOR('',#5355,1.);
#5355 = DIRECTION('',(-0.,-1.,-0.));
#5356 = ORIENTED_EDGE('',*,*,#5357,.F.);
#5357 = EDGE_CURVE('',#5358,#5350,#5360,.T.);
#5358 = VERTEX_POINT('',#5359);
#5359 = CARTESIAN_POINT('',(-0.2,2.E-02,-0.235015152374));
#5360 = LINE('',#5361,#5362);
#5361 = CARTESIAN_POINT('',(-0.2,2.E-02,-0.235015152374));
#5362 = VECTOR('',#5363,1.);
#5363 = DIRECTION('',(0.,0.,-1.));
#5364 = ORIENTED_EDGE('',*,*,#5365,.T.);
#5365 = EDGE_CURVE('',#5358,#5310,#5366,.T.);
#5366 = LINE('',#5367,#5368);
#5367 = CARTESIAN_POINT('',(-0.2,2.E-02,-0.235015152374));
#5368 = VECTOR('',#5369,1.);
#5369 = DIRECTION('',(-0.,1.,-0.));
#5370 = PLANE('',#5371);
#5371 = AXIS2_PLACEMENT_3D('',#5372,#5373,#5374);
#5372 = CARTESIAN_POINT('',(-0.2,4.E-02,0.26));
#5373 = DIRECTION('',(-1.,0.,0.));
#5374 = DIRECTION('',(0.,0.,1.));
#5375 = ADVANCED_FACE('',(#5376),#5504,.T.);
#5376 = FACE_BOUND('',#5377,.T.);
#5377 = EDGE_LOOP('',(#5378,#5388,#5396,#5404,#5413,#5421,#5430,#5438,
    #5447,#5455,#5464,#5472,#5481,#5489,#5498));
#5378 = ORIENTED_EDGE('',*,*,#5379,.F.);
#5379 = EDGE_CURVE('',#5380,#5382,#5384,.T.);
#5380 = VERTEX_POINT('',#5381);
#5381 = CARTESIAN_POINT('',(-0.299125113365,4.E-02,-0.186457606376));
#5382 = VERTEX_POINT('',#5383);
#5383 = CARTESIAN_POINT('',(-0.340012776199,4.E-02,-0.186457606376));
#5384 = LINE('',#5385,#5386);
#5385 = CARTESIAN_POINT('',(-0.340012776199,4.E-02,-0.186457606376));
#5386 = VECTOR('',#5387,1.);
#5387 = DIRECTION('',(-1.,-0.,-0.));
#5388 = ORIENTED_EDGE('',*,*,#5389,.T.);
#5389 = EDGE_CURVE('',#5380,#5390,#5392,.T.);
#5390 = VERTEX_POINT('',#5391);
#5391 = CARTESIAN_POINT('',(-0.299125113365,4.E-02,-0.235015152374));
#5392 = LINE('',#5393,#5394);
#5393 = CARTESIAN_POINT('',(-0.299125113365,4.E-02,-0.3));
#5394 = VECTOR('',#5395,1.);
#5395 = DIRECTION('',(-0.,0.,-1.));
#5396 = ORIENTED_EDGE('',*,*,#5397,.F.);
#5397 = EDGE_CURVE('',#5398,#5390,#5400,.T.);
#5398 = VERTEX_POINT('',#5399);
#5399 = CARTESIAN_POINT('',(-0.321458773447,4.E-02,-0.235015152374));
#5400 = LINE('',#5401,#5402);
#5401 = CARTESIAN_POINT('',(-0.321458773447,4.E-02,-0.235015152374));
#5402 = VECTOR('',#5403,1.);
#5403 = DIRECTION('',(1.,0.,0.));
#5404 = ORIENTED_EDGE('',*,*,#5405,.T.);
#5405 = EDGE_CURVE('',#5398,#5406,#5408,.T.);
#5406 = VERTEX_POINT('',#5407);
#5407 = CARTESIAN_POINT('',(-0.31,4.E-02,-0.3));
#5408 = CIRCLE('',#5409,0.19);
#5409 = AXIS2_PLACEMENT_3D('',#5410,#5411,#5412);
#5410 = CARTESIAN_POINT('',(-0.5,4.E-02,-0.3));
#5411 = DIRECTION('',(0.,1.,0.));
#5412 = DIRECTION('',(0.,-0.,1.));
#5413 = ORIENTED_EDGE('',*,*,#5414,.T.);
#5414 = EDGE_CURVE('',#5406,#5415,#5417,.T.);
#5415 = VERTEX_POINT('',#5416);
#5416 = CARTESIAN_POINT('',(-0.35,4.E-02,-0.3));
#5417 = LINE('',#5418,#5419);
#5418 = CARTESIAN_POINT('',(-0.31,4.E-02,-0.3));
#5419 = VECTOR('',#5420,1.);
#5420 = DIRECTION('',(-1.,0.,0.));
#5421 = ORIENTED_EDGE('',*,*,#5422,.T.);
#5422 = EDGE_CURVE('',#5415,#5423,#5425,.T.);
#5423 = VERTEX_POINT('',#5424);
#5424 = CARTESIAN_POINT('',(-0.5,4.E-02,-0.15));
#5425 = CIRCLE('',#5426,0.15);
#5426 = AXIS2_PLACEMENT_3D('',#5427,#5428,#5429);
#5427 = CARTESIAN_POINT('',(-0.5,4.E-02,-0.3));
#5428 = DIRECTION('',(0.,-1.,0.));
#5429 = DIRECTION('',(0.,0.,1.));
#5430 = ORIENTED_EDGE('',*,*,#5431,.T.);
#5431 = EDGE_CURVE('',#5423,#5432,#5434,.T.);
#5432 = VERTEX_POINT('',#5433);
#5433 = CARTESIAN_POINT('',(-0.5,4.E-02,-0.11));
#5434 = LINE('',#5435,#5436);
#5435 = CARTESIAN_POINT('',(-0.5,4.E-02,-0.15));
#5436 = VECTOR('',#5437,1.);
#5437 = DIRECTION('',(0.,0.,1.));
#5438 = ORIENTED_EDGE('',*,*,#5439,.T.);
#5439 = EDGE_CURVE('',#5432,#5440,#5442,.T.);
#5440 = VERTEX_POINT('',#5441);
#5441 = CARTESIAN_POINT('',(-0.46,4.E-02,-0.11425824379));
#5442 = CIRCLE('',#5443,0.19);
#5443 = AXIS2_PLACEMENT_3D('',#5444,#5445,#5446);
#5444 = CARTESIAN_POINT('',(-0.5,4.E-02,-0.3));
#5445 = DIRECTION('',(0.,1.,0.));
#5446 = DIRECTION('',(0.,-0.,1.));
#5447 = ORIENTED_EDGE('',*,*,#5448,.T.);
#5448 = EDGE_CURVE('',#5440,#5449,#5451,.T.);
#5449 = VERTEX_POINT('',#5450);
#5450 = CARTESIAN_POINT('',(-0.46,4.E-02,0.11425824379));
#5451 = LINE('',#5452,#5453);
#5452 = CARTESIAN_POINT('',(-0.46,4.E-02,-0.11425824379));
#5453 = VECTOR('',#5454,1.);
#5454 = DIRECTION('',(4.74452493108E-16,0.,1.));
#5455 = ORIENTED_EDGE('',*,*,#5456,.T.);
#5456 = EDGE_CURVE('',#5449,#5457,#5459,.T.);
#5457 = VERTEX_POINT('',#5458);
#5458 = CARTESIAN_POINT('',(-0.5,4.E-02,0.11));
#5459 = CIRCLE('',#5460,0.19);
#5460 = AXIS2_PLACEMENT_3D('',#5461,#5462,#5463);
#5461 = CARTESIAN_POINT('',(-0.5,4.E-02,0.3));
#5462 = DIRECTION('',(0.,1.,0.));
#5463 = DIRECTION('',(0.,-0.,1.));
#5464 = ORIENTED_EDGE('',*,*,#5465,.T.);
#5465 = EDGE_CURVE('',#5457,#5466,#5468,.T.);
#5466 = VERTEX_POINT('',#5467);
#5467 = CARTESIAN_POINT('',(-0.5,4.E-02,0.15));
#5468 = LINE('',#5469,#5470);
#5469 = CARTESIAN_POINT('',(-0.5,4.E-02,0.11));
#5470 = VECTOR('',#5471,1.);
#5471 = DIRECTION('',(0.,0.,1.));
#5472 = ORIENTED_EDGE('',*,*,#5473,.T.);
#5473 = EDGE_CURVE('',#5466,#5474,#5476,.T.);
#5474 = VERTEX_POINT('',#5475);
#5475 = CARTESIAN_POINT('',(-0.35,4.E-02,0.3));
#5476 = CIRCLE('',#5477,0.15);
#5477 = AXIS2_PLACEMENT_3D('',#5478,#5479,#5480);
#5478 = CARTESIAN_POINT('',(-0.5,4.E-02,0.3));
#5479 = DIRECTION('',(0.,-1.,0.));
#5480 = DIRECTION('',(0.,0.,1.));
#5481 = ORIENTED_EDGE('',*,*,#5482,.T.);
#5482 = EDGE_CURVE('',#5474,#5483,#5485,.T.);
#5483 = VERTEX_POINT('',#5484);
#5484 = CARTESIAN_POINT('',(-0.31,4.E-02,0.3));
#5485 = LINE('',#5486,#5487);
#5486 = CARTESIAN_POINT('',(-0.35,4.E-02,0.3));
#5487 = VECTOR('',#5488,1.);
#5488 = DIRECTION('',(1.,0.,0.));
#5489 = ORIENTED_EDGE('',*,*,#5490,.T.);
#5490 = EDGE_CURVE('',#5483,#5491,#5493,.T.);
#5491 = VERTEX_POINT('',#5492);
#5492 = CARTESIAN_POINT('',(-0.340012776199,4.E-02,0.197510545808));
#5493 = CIRCLE('',#5494,0.19);
#5494 = AXIS2_PLACEMENT_3D('',#5495,#5496,#5497);
#5495 = CARTESIAN_POINT('',(-0.5,4.E-02,0.3));
#5496 = DIRECTION('',(0.,1.,0.));
#5497 = DIRECTION('',(0.,-0.,1.));
#5498 = ORIENTED_EDGE('',*,*,#5499,.F.);
#5499 = EDGE_CURVE('',#5382,#5491,#5500,.T.);
#5500 = LINE('',#5501,#5502);
#5501 = CARTESIAN_POINT('',(-0.340012776199,4.E-02,0.197510545808));
#5502 = VECTOR('',#5503,1.);
#5503 = DIRECTION('',(-0.,-0.,1.));
#5504 = PLANE('',#5505);
#5505 = AXIS2_PLACEMENT_3D('',#5506,#5507,#5508);
#5506 = CARTESIAN_POINT('',(-0.5,4.E-02,-0.3));
#5507 = DIRECTION('',(0.,1.,0.));
#5508 = DIRECTION('',(0.,-0.,1.));
#5509 = ADVANCED_FACE('',(#5510),#5542,.F.);
#5510 = FACE_BOUND('',#5511,.T.);
#5511 = EDGE_LOOP('',(#5512,#5520,#5521,#5529,#5535,#5536));
#5512 = ORIENTED_EDGE('',*,*,#5513,.F.);
#5513 = EDGE_CURVE('',#5380,#5514,#5516,.T.);
#5514 = VERTEX_POINT('',#5515);
#5515 = CARTESIAN_POINT('',(-0.3,3.E-02,-0.186457606376));
#5516 = LINE('',#5517,#5518);
#5517 = CARTESIAN_POINT('',(-0.301172182878,1.660188839972E-02,
    -0.186457606376));
#5518 = VECTOR('',#5519,1.);
#5519 = DIRECTION('',(-8.715574274766E-02,-0.996194698092,-0.));
#5520 = ORIENTED_EDGE('',*,*,#5379,.T.);
#5521 = ORIENTED_EDGE('',*,*,#5522,.F.);
#5522 = EDGE_CURVE('',#5523,#5382,#5525,.T.);
#5523 = VERTEX_POINT('',#5524);
#5524 = CARTESIAN_POINT('',(-0.340012776199,2.E-02,-0.186457606376));
#5525 = LINE('',#5526,#5527);
#5526 = CARTESIAN_POINT('',(-0.340012776199,2.E-02,-0.186457606376));
#5527 = VECTOR('',#5528,1.);
#5528 = DIRECTION('',(-0.,1.,-0.));
#5529 = ORIENTED_EDGE('',*,*,#5530,.F.);
#5530 = EDGE_CURVE('',#5318,#5523,#5531,.T.);
#5531 = LINE('',#5532,#5533);
#5532 = CARTESIAN_POINT('',(-0.340012776199,2.E-02,-0.186457606376));
#5533 = VECTOR('',#5534,1.);
#5534 = DIRECTION('',(-1.,-0.,-0.));
#5535 = ORIENTED_EDGE('',*,*,#5317,.T.);
#5536 = ORIENTED_EDGE('',*,*,#5537,.F.);
#5537 = EDGE_CURVE('',#5514,#5308,#5538,.T.);
#5538 = LINE('',#5539,#5540);
#5539 = CARTESIAN_POINT('',(-0.340012776199,3.E-02,-0.186457606376));
#5540 = VECTOR('',#5541,1.);
#5541 = DIRECTION('',(1.,-0.,0.));
#5542 = PLANE('',#5543);
#5543 = AXIS2_PLACEMENT_3D('',#5544,#5545,#5546);
#5544 = CARTESIAN_POINT('',(-0.340012776199,2.E-02,-0.186457606376));
#5545 = DIRECTION('',(0.,0.,-1.));
#5546 = DIRECTION('',(-1.,0.,-0.));
#5547 = ADVANCED_FACE('',(#5548),#5580,.F.);
#5548 = FACE_BOUND('',#5549,.T.);
#5549 = EDGE_LOOP('',(#5550,#5558,#5564,#5565,#5573,#5579));
#5550 = ORIENTED_EDGE('',*,*,#5551,.F.);
#5551 = EDGE_CURVE('',#5552,#5390,#5554,.T.);
#5552 = VERTEX_POINT('',#5553);
#5553 = CARTESIAN_POINT('',(-0.3,3.E-02,-0.235015152374));
#5554 = LINE('',#5555,#5556);
#5555 = CARTESIAN_POINT('',(-0.301031244381,1.82128227829E-02,
    -0.235015152374));
#5556 = VECTOR('',#5557,1.);
#5557 = DIRECTION('',(8.715574274766E-02,0.996194698092,-0.));
#5558 = ORIENTED_EDGE('',*,*,#5559,.F.);
#5559 = EDGE_CURVE('',#5310,#5552,#5560,.T.);
#5560 = LINE('',#5561,#5562);
#5561 = CARTESIAN_POINT('',(-0.321458773447,3.E-02,-0.235015152374));
#5562 = VECTOR('',#5563,1.);
#5563 = DIRECTION('',(-1.,0.,-0.));
#5564 = ORIENTED_EDGE('',*,*,#5365,.F.);
#5565 = ORIENTED_EDGE('',*,*,#5566,.F.);
#5566 = EDGE_CURVE('',#5567,#5358,#5569,.T.);
#5567 = VERTEX_POINT('',#5568);
#5568 = CARTESIAN_POINT('',(-0.321458773447,2.E-02,-0.235015152374));
#5569 = LINE('',#5570,#5571);
#5570 = CARTESIAN_POINT('',(-0.321458773447,2.E-02,-0.235015152374));
#5571 = VECTOR('',#5572,1.);
#5572 = DIRECTION('',(1.,0.,0.));
#5573 = ORIENTED_EDGE('',*,*,#5574,.T.);
#5574 = EDGE_CURVE('',#5567,#5398,#5575,.T.);
#5575 = LINE('',#5576,#5577);
#5576 = CARTESIAN_POINT('',(-0.321458773447,2.E-02,-0.235015152374));
#5577 = VECTOR('',#5578,1.);
#5578 = DIRECTION('',(-0.,1.,-0.));
#5579 = ORIENTED_EDGE('',*,*,#5397,.T.);
#5580 = PLANE('',#5581);
#5581 = AXIS2_PLACEMENT_3D('',#5582,#5583,#5584);
#5582 = CARTESIAN_POINT('',(-0.321458773447,2.E-02,-0.235015152374));
#5583 = DIRECTION('',(-0.,0.,1.));
#5584 = DIRECTION('',(1.,0.,0.));
#5585 = ADVANCED_FACE('',(#5586),#5611,.F.);
#5586 = FACE_BOUND('',#5587,.T.);
#5587 = EDGE_LOOP('',(#5588,#5596,#5604,#5610));
#5588 = ORIENTED_EDGE('',*,*,#5589,.F.);
#5589 = EDGE_CURVE('',#5590,#5326,#5592,.T.);
#5590 = VERTEX_POINT('',#5591);
#5591 = CARTESIAN_POINT('',(-0.31425824379,2.E-02,0.26));
#5592 = LINE('',#5593,#5594);
#5593 = CARTESIAN_POINT('',(-0.2,2.E-02,0.26));
#5594 = VECTOR('',#5595,1.);
#5595 = DIRECTION('',(1.,-0.,-0.));
#5596 = ORIENTED_EDGE('',*,*,#5597,.T.);
#5597 = EDGE_CURVE('',#5590,#5598,#5600,.T.);
#5598 = VERTEX_POINT('',#5599);
#5599 = CARTESIAN_POINT('',(-0.31425824379,-4.E-02,0.26));
#5600 = LINE('',#5601,#5602);
#5601 = CARTESIAN_POINT('',(-0.31425824379,4.E-02,0.26));
#5602 = VECTOR('',#5603,1.);
#5603 = DIRECTION('',(-0.,-1.,-0.));
#5604 = ORIENTED_EDGE('',*,*,#5605,.T.);
#5605 = EDGE_CURVE('',#5598,#5334,#5606,.T.);
#5606 = LINE('',#5607,#5608);
#5607 = CARTESIAN_POINT('',(-0.31425824379,-4.E-02,0.26));
#5608 = VECTOR('',#5609,1.);
#5609 = DIRECTION('',(1.,0.,0.));
#5610 = ORIENTED_EDGE('',*,*,#5333,.F.);
#5611 = PLANE('',#5612);
#5612 = AXIS2_PLACEMENT_3D('',#5613,#5614,#5615);
#5613 = CARTESIAN_POINT('',(-0.31425824379,4.E-02,0.26));
#5614 = DIRECTION('',(0.,0.,-1.));
#5615 = DIRECTION('',(-1.,0.,-0.));
#5616 = ADVANCED_FACE('',(#5617),#5642,.F.);
#5617 = FACE_BOUND('',#5618,.T.);
#5618 = EDGE_LOOP('',(#5619,#5629,#5635,#5636));
#5619 = ORIENTED_EDGE('',*,*,#5620,.F.);
#5620 = EDGE_CURVE('',#5621,#5623,#5625,.T.);
#5621 = VERTEX_POINT('',#5622);
#5622 = CARTESIAN_POINT('',(-0.31425824379,2.E-02,-0.26));
#5623 = VERTEX_POINT('',#5624);
#5624 = CARTESIAN_POINT('',(-0.31425824379,-4.E-02,-0.26));
#5625 = LINE('',#5626,#5627);
#5626 = CARTESIAN_POINT('',(-0.31425824379,4.E-02,-0.26));
#5627 = VECTOR('',#5628,1.);
#5628 = DIRECTION('',(-0.,-1.,-0.));
#5629 = ORIENTED_EDGE('',*,*,#5630,.F.);
#5630 = EDGE_CURVE('',#5350,#5621,#5631,.T.);
#5631 = LINE('',#5632,#5633);
#5632 = CARTESIAN_POINT('',(-0.2,2.E-02,-0.26));
#5633 = VECTOR('',#5634,1.);
#5634 = DIRECTION('',(-1.,0.,0.));
#5635 = ORIENTED_EDGE('',*,*,#5349,.T.);
#5636 = ORIENTED_EDGE('',*,*,#5637,.T.);
#5637 = EDGE_CURVE('',#5342,#5623,#5638,.T.);
#5638 = LINE('',#5639,#5640);
#5639 = CARTESIAN_POINT('',(-0.2,-4.E-02,-0.26));
#5640 = VECTOR('',#5641,1.);
#5641 = DIRECTION('',(-1.,0.,0.));
#5642 = PLANE('',#5643);
#5643 = AXIS2_PLACEMENT_3D('',#5644,#5645,#5646);
#5644 = CARTESIAN_POINT('',(-0.2,4.E-02,-0.26));
#5645 = DIRECTION('',(0.,-0.,1.));
#5646 = DIRECTION('',(1.,0.,0.));
#5647 = ADVANCED_FACE('',(#5648),#5675,.T.);
#5648 = FACE_BOUND('',#5649,.T.);
#5649 = EDGE_LOOP('',(#5650,#5659,#5665,#5666,#5667,#5674));
#5650 = ORIENTED_EDGE('',*,*,#5651,.T.);
#5651 = EDGE_CURVE('',#5623,#5652,#5654,.T.);
#5652 = VERTEX_POINT('',#5653);
#5653 = CARTESIAN_POINT('',(-0.31,-4.E-02,-0.3));
#5654 = CIRCLE('',#5655,0.19);
#5655 = AXIS2_PLACEMENT_3D('',#5656,#5657,#5658);
#5656 = CARTESIAN_POINT('',(-0.5,-4.E-02,-0.3));
#5657 = DIRECTION('',(0.,1.,0.));
#5658 = DIRECTION('',(0.,-0.,1.));
#5659 = ORIENTED_EDGE('',*,*,#5660,.F.);
#5660 = EDGE_CURVE('',#5406,#5652,#5661,.T.);
#5661 = LINE('',#5662,#5663);
#5662 = CARTESIAN_POINT('',(-0.31,4.E-02,-0.3));
#5663 = VECTOR('',#5664,1.);
#5664 = DIRECTION('',(-0.,-1.,-0.));
#5665 = ORIENTED_EDGE('',*,*,#5405,.F.);
#5666 = ORIENTED_EDGE('',*,*,#5574,.F.);
#5667 = ORIENTED_EDGE('',*,*,#5668,.F.);
#5668 = EDGE_CURVE('',#5621,#5567,#5669,.T.);
#5669 = CIRCLE('',#5670,0.19);
#5670 = AXIS2_PLACEMENT_3D('',#5671,#5672,#5673);
#5671 = CARTESIAN_POINT('',(-0.5,2.E-02,-0.3));
#5672 = DIRECTION('',(-0.,-1.,0.));
#5673 = DIRECTION('',(-0.,0.,-1.));
#5674 = ORIENTED_EDGE('',*,*,#5620,.T.);
#5675 = CYLINDRICAL_SURFACE('',#5676,0.19);
#5676 = AXIS2_PLACEMENT_3D('',#5677,#5678,#5679);
#5677 = CARTESIAN_POINT('',(-0.5,4.E-02,-0.3));
#5678 = DIRECTION('',(-0.,-1.,-0.));
#5679 = DIRECTION('',(0.,0.,-1.));
#5680 = ADVANCED_FACE('',(#5681),#5699,.F.);
#5681 = FACE_BOUND('',#5682,.T.);
#5682 = EDGE_LOOP('',(#5683,#5691,#5697,#5698));
#5683 = ORIENTED_EDGE('',*,*,#5684,.T.);
#5684 = EDGE_CURVE('',#5652,#5685,#5687,.T.);
#5685 = VERTEX_POINT('',#5686);
#5686 = CARTESIAN_POINT('',(-0.35,-4.E-02,-0.3));
#5687 = LINE('',#5688,#5689);
#5688 = CARTESIAN_POINT('',(-0.31,-4.E-02,-0.3));
#5689 = VECTOR('',#5690,1.);
#5690 = DIRECTION('',(-1.,0.,0.));
#5691 = ORIENTED_EDGE('',*,*,#5692,.F.);
#5692 = EDGE_CURVE('',#5415,#5685,#5693,.T.);
#5693 = LINE('',#5694,#5695);
#5694 = CARTESIAN_POINT('',(-0.35,4.E-02,-0.3));
#5695 = VECTOR('',#5696,1.);
#5696 = DIRECTION('',(-0.,-1.,-0.));
#5697 = ORIENTED_EDGE('',*,*,#5414,.F.);
#5698 = ORIENTED_EDGE('',*,*,#5660,.T.);
#5699 = PLANE('',#5700);
#5700 = AXIS2_PLACEMENT_3D('',#5701,#5702,#5703);
#5701 = CARTESIAN_POINT('',(-0.31,4.E-02,-0.3));
#5702 = DIRECTION('',(0.,-0.,1.));
#5703 = DIRECTION('',(1.,0.,0.));
#5704 = ADVANCED_FACE('',(#5705),#5724,.F.);
#5705 = FACE_BOUND('',#5706,.F.);
#5706 = EDGE_LOOP('',(#5707,#5708,#5709,#5717));
#5707 = ORIENTED_EDGE('',*,*,#5692,.F.);
#5708 = ORIENTED_EDGE('',*,*,#5422,.T.);
#5709 = ORIENTED_EDGE('',*,*,#5710,.T.);
#5710 = EDGE_CURVE('',#5423,#5711,#5713,.T.);
#5711 = VERTEX_POINT('',#5712);
#5712 = CARTESIAN_POINT('',(-0.5,-4.E-02,-0.15));
#5713 = LINE('',#5714,#5715);
#5714 = CARTESIAN_POINT('',(-0.5,4.E-02,-0.15));
#5715 = VECTOR('',#5716,1.);
#5716 = DIRECTION('',(-0.,-1.,-0.));
#5717 = ORIENTED_EDGE('',*,*,#5718,.F.);
#5718 = EDGE_CURVE('',#5685,#5711,#5719,.T.);
#5719 = CIRCLE('',#5720,0.15);
#5720 = AXIS2_PLACEMENT_3D('',#5721,#5722,#5723);
#5721 = CARTESIAN_POINT('',(-0.5,-4.E-02,-0.3));
#5722 = DIRECTION('',(0.,-1.,0.));
#5723 = DIRECTION('',(0.,0.,1.));
#5724 = CYLINDRICAL_SURFACE('',#5725,0.15);
#5725 = AXIS2_PLACEMENT_3D('',#5726,#5727,#5728);
#5726 = CARTESIAN_POINT('',(-0.5,4.E-02,-0.3));
#5727 = DIRECTION('',(-0.,-1.,-0.));
#5728 = DIRECTION('',(0.,0.,-1.));
#5729 = ADVANCED_FACE('',(#5730),#5748,.F.);
#5730 = FACE_BOUND('',#5731,.T.);
#5731 = EDGE_LOOP('',(#5732,#5740,#5746,#5747));
#5732 = ORIENTED_EDGE('',*,*,#5733,.T.);
#5733 = EDGE_CURVE('',#5711,#5734,#5736,.T.);
#5734 = VERTEX_POINT('',#5735);
#5735 = CARTESIAN_POINT('',(-0.5,-4.E-02,-0.11));
#5736 = LINE('',#5737,#5738);
#5737 = CARTESIAN_POINT('',(-0.5,-4.E-02,-0.15));
#5738 = VECTOR('',#5739,1.);
#5739 = DIRECTION('',(0.,0.,1.));
#5740 = ORIENTED_EDGE('',*,*,#5741,.F.);
#5741 = EDGE_CURVE('',#5432,#5734,#5742,.T.);
#5742 = LINE('',#5743,#5744);
#5743 = CARTESIAN_POINT('',(-0.5,4.E-02,-0.11));
#5744 = VECTOR('',#5745,1.);
#5745 = DIRECTION('',(-0.,-1.,-0.));
#5746 = ORIENTED_EDGE('',*,*,#5431,.F.);
#5747 = ORIENTED_EDGE('',*,*,#5710,.T.);
#5748 = PLANE('',#5749);
#5749 = AXIS2_PLACEMENT_3D('',#5750,#5751,#5752);
#5750 = CARTESIAN_POINT('',(-0.5,4.E-02,-0.15));
#5751 = DIRECTION('',(1.,0.,0.));
#5752 = DIRECTION('',(0.,0.,-1.));
#5753 = ADVANCED_FACE('',(#5754),#5773,.T.);
#5754 = FACE_BOUND('',#5755,.T.);
#5755 = EDGE_LOOP('',(#5756,#5765,#5771,#5772));
#5756 = ORIENTED_EDGE('',*,*,#5757,.T.);
#5757 = EDGE_CURVE('',#5734,#5758,#5760,.T.);
#5758 = VERTEX_POINT('',#5759);
#5759 = CARTESIAN_POINT('',(-0.46,-4.E-02,-0.11425824379));
#5760 = CIRCLE('',#5761,0.19);
#5761 = AXIS2_PLACEMENT_3D('',#5762,#5763,#5764);
#5762 = CARTESIAN_POINT('',(-0.5,-4.E-02,-0.3));
#5763 = DIRECTION('',(0.,1.,0.));
#5764 = DIRECTION('',(0.,-0.,1.));
#5765 = ORIENTED_EDGE('',*,*,#5766,.F.);
#5766 = EDGE_CURVE('',#5440,#5758,#5767,.T.);
#5767 = LINE('',#5768,#5769);
#5768 = CARTESIAN_POINT('',(-0.46,4.E-02,-0.11425824379));
#5769 = VECTOR('',#5770,1.);
#5770 = DIRECTION('',(-0.,-1.,-0.));
#5771 = ORIENTED_EDGE('',*,*,#5439,.F.);
#5772 = ORIENTED_EDGE('',*,*,#5741,.T.);
#5773 = CYLINDRICAL_SURFACE('',#5774,0.19);
#5774 = AXIS2_PLACEMENT_3D('',#5775,#5776,#5777);
#5775 = CARTESIAN_POINT('',(-0.5,4.E-02,-0.3));
#5776 = DIRECTION('',(-0.,-1.,-0.));
#5777 = DIRECTION('',(0.,0.,-1.));
#5778 = ADVANCED_FACE('',(#5779),#5797,.F.);
#5779 = FACE_BOUND('',#5780,.T.);
#5780 = EDGE_LOOP('',(#5781,#5789,#5795,#5796));
#5781 = ORIENTED_EDGE('',*,*,#5782,.T.);
#5782 = EDGE_CURVE('',#5758,#5783,#5785,.T.);
#5783 = VERTEX_POINT('',#5784);
#5784 = CARTESIAN_POINT('',(-0.46,-4.E-02,0.11425824379));
#5785 = LINE('',#5786,#5787);
#5786 = CARTESIAN_POINT('',(-0.46,-4.E-02,-0.11425824379));
#5787 = VECTOR('',#5788,1.);
#5788 = DIRECTION('',(4.74452493108E-16,0.,1.));
#5789 = ORIENTED_EDGE('',*,*,#5790,.F.);
#5790 = EDGE_CURVE('',#5449,#5783,#5791,.T.);
#5791 = LINE('',#5792,#5793);
#5792 = CARTESIAN_POINT('',(-0.46,4.E-02,0.11425824379));
#5793 = VECTOR('',#5794,1.);
#5794 = DIRECTION('',(-0.,-1.,-0.));
#5795 = ORIENTED_EDGE('',*,*,#5448,.F.);
#5796 = ORIENTED_EDGE('',*,*,#5766,.T.);
#5797 = PLANE('',#5798);
#5798 = AXIS2_PLACEMENT_3D('',#5799,#5800,#5801);
#5799 = CARTESIAN_POINT('',(-0.46,4.E-02,-0.11425824379));
#5800 = DIRECTION('',(1.,0.,-4.74452493108E-16));
#5801 = DIRECTION('',(-4.74452493108E-16,0.,-1.));
#5802 = ADVANCED_FACE('',(#5803),#5822,.T.);
#5803 = FACE_BOUND('',#5804,.T.);
#5804 = EDGE_LOOP('',(#5805,#5814,#5820,#5821));
#5805 = ORIENTED_EDGE('',*,*,#5806,.T.);
#5806 = EDGE_CURVE('',#5783,#5807,#5809,.T.);
#5807 = VERTEX_POINT('',#5808);
#5808 = CARTESIAN_POINT('',(-0.5,-4.E-02,0.11));
#5809 = CIRCLE('',#5810,0.19);
#5810 = AXIS2_PLACEMENT_3D('',#5811,#5812,#5813);
#5811 = CARTESIAN_POINT('',(-0.5,-4.E-02,0.3));
#5812 = DIRECTION('',(0.,1.,0.));
#5813 = DIRECTION('',(0.,-0.,1.));
#5814 = ORIENTED_EDGE('',*,*,#5815,.F.);
#5815 = EDGE_CURVE('',#5457,#5807,#5816,.T.);
#5816 = LINE('',#5817,#5818);
#5817 = CARTESIAN_POINT('',(-0.5,4.E-02,0.11));
#5818 = VECTOR('',#5819,1.);
#5819 = DIRECTION('',(-0.,-1.,-0.));
#5820 = ORIENTED_EDGE('',*,*,#5456,.F.);
#5821 = ORIENTED_EDGE('',*,*,#5790,.T.);
#5822 = CYLINDRICAL_SURFACE('',#5823,0.19);
#5823 = AXIS2_PLACEMENT_3D('',#5824,#5825,#5826);
#5824 = CARTESIAN_POINT('',(-0.5,4.E-02,0.3));
#5825 = DIRECTION('',(-0.,-1.,-0.));
#5826 = DIRECTION('',(0.,0.,-1.));
#5827 = ADVANCED_FACE('',(#5828),#5846,.F.);
#5828 = FACE_BOUND('',#5829,.T.);
#5829 = EDGE_LOOP('',(#5830,#5838,#5844,#5845));
#5830 = ORIENTED_EDGE('',*,*,#5831,.T.);
#5831 = EDGE_CURVE('',#5807,#5832,#5834,.T.);
#5832 = VERTEX_POINT('',#5833);
#5833 = CARTESIAN_POINT('',(-0.5,-4.E-02,0.15));
#5834 = LINE('',#5835,#5836);
#5835 = CARTESIAN_POINT('',(-0.5,-4.E-02,0.11));
#5836 = VECTOR('',#5837,1.);
#5837 = DIRECTION('',(0.,0.,1.));
#5838 = ORIENTED_EDGE('',*,*,#5839,.F.);
#5839 = EDGE_CURVE('',#5466,#5832,#5840,.T.);
#5840 = LINE('',#5841,#5842);
#5841 = CARTESIAN_POINT('',(-0.5,4.E-02,0.15));
#5842 = VECTOR('',#5843,1.);
#5843 = DIRECTION('',(-0.,-1.,-0.));
#5844 = ORIENTED_EDGE('',*,*,#5465,.F.);
#5845 = ORIENTED_EDGE('',*,*,#5815,.T.);
#5846 = PLANE('',#5847);
#5847 = AXIS2_PLACEMENT_3D('',#5848,#5849,#5850);
#5848 = CARTESIAN_POINT('',(-0.5,4.E-02,0.11));
#5849 = DIRECTION('',(1.,0.,0.));
#5850 = DIRECTION('',(0.,0.,-1.));
#5851 = ADVANCED_FACE('',(#5852),#5871,.F.);
#5852 = FACE_BOUND('',#5853,.F.);
#5853 = EDGE_LOOP('',(#5854,#5855,#5856,#5864));
#5854 = ORIENTED_EDGE('',*,*,#5839,.F.);
#5855 = ORIENTED_EDGE('',*,*,#5473,.T.);
#5856 = ORIENTED_EDGE('',*,*,#5857,.T.);
#5857 = EDGE_CURVE('',#5474,#5858,#5860,.T.);
#5858 = VERTEX_POINT('',#5859);
#5859 = CARTESIAN_POINT('',(-0.35,-4.E-02,0.3));
#5860 = LINE('',#5861,#5862);
#5861 = CARTESIAN_POINT('',(-0.35,4.E-02,0.3));
#5862 = VECTOR('',#5863,1.);
#5863 = DIRECTION('',(-0.,-1.,-0.));
#5864 = ORIENTED_EDGE('',*,*,#5865,.F.);
#5865 = EDGE_CURVE('',#5832,#5858,#5866,.T.);
#5866 = CIRCLE('',#5867,0.15);
#5867 = AXIS2_PLACEMENT_3D('',#5868,#5869,#5870);
#5868 = CARTESIAN_POINT('',(-0.5,-4.E-02,0.3));
#5869 = DIRECTION('',(0.,-1.,0.));
#5870 = DIRECTION('',(0.,0.,1.));
#5871 = CYLINDRICAL_SURFACE('',#5872,0.15);
#5872 = AXIS2_PLACEMENT_3D('',#5873,#5874,#5875);
#5873 = CARTESIAN_POINT('',(-0.5,4.E-02,0.3));
#5874 = DIRECTION('',(-0.,-1.,-0.));
#5875 = DIRECTION('',(0.,0.,-1.));
#5876 = ADVANCED_FACE('',(#5877),#5895,.F.);
#5877 = FACE_BOUND('',#5878,.T.);
#5878 = EDGE_LOOP('',(#5879,#5887,#5893,#5894));
#5879 = ORIENTED_EDGE('',*,*,#5880,.T.);
#5880 = EDGE_CURVE('',#5858,#5881,#5883,.T.);
#5881 = VERTEX_POINT('',#5882);
#5882 = CARTESIAN_POINT('',(-0.31,-4.E-02,0.3));
#5883 = LINE('',#5884,#5885);
#5884 = CARTESIAN_POINT('',(-0.35,-4.E-02,0.3));
#5885 = VECTOR('',#5886,1.);
#5886 = DIRECTION('',(1.,0.,0.));
#5887 = ORIENTED_EDGE('',*,*,#5888,.F.);
#5888 = EDGE_CURVE('',#5483,#5881,#5889,.T.);
#5889 = LINE('',#5890,#5891);
#5890 = CARTESIAN_POINT('',(-0.31,4.E-02,0.3));
#5891 = VECTOR('',#5892,1.);
#5892 = DIRECTION('',(-0.,-1.,-0.));
#5893 = ORIENTED_EDGE('',*,*,#5482,.F.);
#5894 = ORIENTED_EDGE('',*,*,#5857,.T.);
#5895 = PLANE('',#5896);
#5896 = AXIS2_PLACEMENT_3D('',#5897,#5898,#5899);
#5897 = CARTESIAN_POINT('',(-0.35,4.E-02,0.3));
#5898 = DIRECTION('',(0.,0.,-1.));
#5899 = DIRECTION('',(-1.,0.,-0.));
#5900 = ADVANCED_FACE('',(#5901),#5928,.T.);
#5901 = FACE_BOUND('',#5902,.T.);
#5902 = EDGE_LOOP('',(#5903,#5910,#5911,#5920,#5926,#5927));
#5903 = ORIENTED_EDGE('',*,*,#5904,.T.);
#5904 = EDGE_CURVE('',#5881,#5598,#5905,.T.);
#5905 = CIRCLE('',#5906,0.19);
#5906 = AXIS2_PLACEMENT_3D('',#5907,#5908,#5909);
#5907 = CARTESIAN_POINT('',(-0.5,-4.E-02,0.3));
#5908 = DIRECTION('',(0.,1.,0.));
#5909 = DIRECTION('',(0.,-0.,1.));
#5910 = ORIENTED_EDGE('',*,*,#5597,.F.);
#5911 = ORIENTED_EDGE('',*,*,#5912,.F.);
#5912 = EDGE_CURVE('',#5913,#5590,#5915,.T.);
#5913 = VERTEX_POINT('',#5914);
#5914 = CARTESIAN_POINT('',(-0.340012776199,2.E-02,0.197510545808));
#5915 = CIRCLE('',#5916,0.19);
#5916 = AXIS2_PLACEMENT_3D('',#5917,#5918,#5919);
#5917 = CARTESIAN_POINT('',(-0.5,2.E-02,0.3));
#5918 = DIRECTION('',(0.,-1.,0.));
#5919 = DIRECTION('',(0.,0.,1.));
#5920 = ORIENTED_EDGE('',*,*,#5921,.T.);
#5921 = EDGE_CURVE('',#5913,#5491,#5922,.T.);
#5922 = LINE('',#5923,#5924);
#5923 = CARTESIAN_POINT('',(-0.340012776199,2.E-02,0.197510545808));
#5924 = VECTOR('',#5925,1.);
#5925 = DIRECTION('',(-0.,1.,-0.));
#5926 = ORIENTED_EDGE('',*,*,#5490,.F.);
#5927 = ORIENTED_EDGE('',*,*,#5888,.T.);
#5928 = CYLINDRICAL_SURFACE('',#5929,0.19);
#5929 = AXIS2_PLACEMENT_3D('',#5930,#5931,#5932);
#5930 = CARTESIAN_POINT('',(-0.5,4.E-02,0.3));
#5931 = DIRECTION('',(-0.,-1.,-0.));
#5932 = DIRECTION('',(0.,0.,-1.));
#5933 = ADVANCED_FACE('',(#5934),#5950,.F.);
#5934 = FACE_BOUND('',#5935,.T.);
#5935 = EDGE_LOOP('',(#5936,#5937,#5938,#5939,#5940,#5941,#5942,#5943,
    #5944,#5945,#5946,#5947,#5948,#5949));
#5936 = ORIENTED_EDGE('',*,*,#5605,.F.);
#5937 = ORIENTED_EDGE('',*,*,#5904,.F.);
#5938 = ORIENTED_EDGE('',*,*,#5880,.F.);
#5939 = ORIENTED_EDGE('',*,*,#5865,.F.);
#5940 = ORIENTED_EDGE('',*,*,#5831,.F.);
#5941 = ORIENTED_EDGE('',*,*,#5806,.F.);
#5942 = ORIENTED_EDGE('',*,*,#5782,.F.);
#5943 = ORIENTED_EDGE('',*,*,#5757,.F.);
#5944 = ORIENTED_EDGE('',*,*,#5733,.F.);
#5945 = ORIENTED_EDGE('',*,*,#5718,.F.);
#5946 = ORIENTED_EDGE('',*,*,#5684,.F.);
#5947 = ORIENTED_EDGE('',*,*,#5651,.F.);
#5948 = ORIENTED_EDGE('',*,*,#5637,.F.);
#5949 = ORIENTED_EDGE('',*,*,#5341,.F.);
#5950 = PLANE('',#5951);
#5951 = AXIS2_PLACEMENT_3D('',#5952,#5953,#5954);
#5952 = CARTESIAN_POINT('',(-0.5,-4.E-02,-0.3));
#5953 = DIRECTION('',(0.,1.,0.));
#5954 = DIRECTION('',(0.,-0.,1.));
#5955 = ADVANCED_FACE('',(#5956),#5967,.F.);
#5956 = FACE_BOUND('',#5957,.T.);
#5957 = EDGE_LOOP('',(#5958,#5959,#5960,#5966));
#5958 = ORIENTED_EDGE('',*,*,#5499,.T.);
#5959 = ORIENTED_EDGE('',*,*,#5921,.F.);
#5960 = ORIENTED_EDGE('',*,*,#5961,.F.);
#5961 = EDGE_CURVE('',#5523,#5913,#5962,.T.);
#5962 = LINE('',#5963,#5964);
#5963 = CARTESIAN_POINT('',(-0.340012776199,2.E-02,0.197510545808));
#5964 = VECTOR('',#5965,1.);
#5965 = DIRECTION('',(-0.,-0.,1.));
#5966 = ORIENTED_EDGE('',*,*,#5522,.T.);
#5967 = PLANE('',#5968);
#5968 = AXIS2_PLACEMENT_3D('',#5969,#5970,#5971);
#5969 = CARTESIAN_POINT('',(-0.340012776199,2.E-02,0.197510545808));
#5970 = DIRECTION('',(-1.,0.,-0.));
#5971 = DIRECTION('',(0.,0.,1.));
#5972 = ADVANCED_FACE('',(#5973),#5980,.T.);
#5973 = FACE_BOUND('',#5974,.T.);
#5974 = EDGE_LOOP('',(#5975,#5976,#5977,#5978,#5979));
#5975 = ORIENTED_EDGE('',*,*,#5912,.T.);
#5976 = ORIENTED_EDGE('',*,*,#5589,.T.);
#5977 = ORIENTED_EDGE('',*,*,#5325,.T.);
#5978 = ORIENTED_EDGE('',*,*,#5530,.T.);
#5979 = ORIENTED_EDGE('',*,*,#5961,.T.);
#5980 = PLANE('',#5981);
#5981 = AXIS2_PLACEMENT_3D('',#5982,#5983,#5984);
#5982 = CARTESIAN_POINT('',(-0.5,2.E-02,0.3));
#5983 = DIRECTION('',(0.,1.,0.));
#5984 = DIRECTION('',(0.,-0.,1.));
#5985 = ADVANCED_FACE('',(#5986),#5992,.F.);
#5986 = FACE_BOUND('',#5987,.T.);
#5987 = EDGE_LOOP('',(#5988,#5989,#5990,#5991));
#5988 = ORIENTED_EDGE('',*,*,#5668,.T.);
#5989 = ORIENTED_EDGE('',*,*,#5566,.T.);
#5990 = ORIENTED_EDGE('',*,*,#5357,.T.);
#5991 = ORIENTED_EDGE('',*,*,#5630,.T.);
#5992 = PLANE('',#5993);
#5993 = AXIS2_PLACEMENT_3D('',#5994,#5995,#5996);
#5994 = CARTESIAN_POINT('',(-0.5,2.E-02,-0.3));
#5995 = DIRECTION('',(0.,-1.,0.));
#5996 = DIRECTION('',(0.,-0.,-1.));
#5997 = ADVANCED_FACE('',(#5998),#6009,.F.);
#5998 = FACE_BOUND('',#5999,.T.);
#5999 = EDGE_LOOP('',(#6000,#6001,#6007,#6008));
#6000 = ORIENTED_EDGE('',*,*,#5513,.T.);
#6001 = ORIENTED_EDGE('',*,*,#6002,.F.);
#6002 = EDGE_CURVE('',#5552,#5514,#6003,.T.);
#6003 = LINE('',#6004,#6005);
#6004 = CARTESIAN_POINT('',(-0.3,3.E-02,0.3));
#6005 = VECTOR('',#6006,1.);
#6006 = DIRECTION('',(-0.,-0.,1.));
#6007 = ORIENTED_EDGE('',*,*,#5551,.T.);
#6008 = ORIENTED_EDGE('',*,*,#5389,.F.);
#6009 = PLANE('',#6010);
#6010 = AXIS2_PLACEMENT_3D('',#6011,#6012,#6013);
#6011 = CARTESIAN_POINT('',(-0.3,3.E-02,0.3));
#6012 = DIRECTION('',(-0.996194698092,8.715574274766E-02,0.));
#6013 = DIRECTION('',(-8.715574274766E-02,-0.996194698092,0.));
#6014 = ADVANCED_FACE('',(#6015),#6021,.T.);
#6015 = FACE_BOUND('',#6016,.T.);
#6016 = EDGE_LOOP('',(#6017,#6018,#6019,#6020));
#6017 = ORIENTED_EDGE('',*,*,#5537,.T.);
#6018 = ORIENTED_EDGE('',*,*,#5307,.T.);
#6019 = ORIENTED_EDGE('',*,*,#5559,.T.);
#6020 = ORIENTED_EDGE('',*,*,#6002,.T.);
#6021 = PLANE('',#6022);
#6022 = AXIS2_PLACEMENT_3D('',#6023,#6024,#6025);
#6023 = CARTESIAN_POINT('',(0.,3.E-02,0.));
#6024 = DIRECTION('',(0.,1.,0.));
#6025 = DIRECTION('',(0.,-0.,1.));
#6026 = MANIFOLD_SOLID_BREP('',#6027);
#6027 = CLOSED_SHELL('',(#6028,#6068,#6099,#6130,#6152,#6164));
#6028 = ADVANCED_FACE('',(#6029),#6063,.T.);
#6029 = FACE_BOUND('',#6030,.T.);
#6030 = EDGE_LOOP('',(#6031,#6041,#6049,#6057));
#6031 = ORIENTED_EDGE('',*,*,#6032,.F.);
#6032 = EDGE_CURVE('',#6033,#6035,#6037,.T.);
#6033 = VERTEX_POINT('',#6034);
#6034 = CARTESIAN_POINT('',(0.284252040565,0.21,0.284252040565));
#6035 = VERTEX_POINT('',#6036);
#6036 = CARTESIAN_POINT('',(0.284252040565,0.21,-0.284252040565));
#6037 = LINE('',#6038,#6039);
#6038 = CARTESIAN_POINT('',(0.284252040565,0.21,0.3));
#6039 = VECTOR('',#6040,1.);
#6040 = DIRECTION('',(-0.,-0.,-1.));
#6041 = ORIENTED_EDGE('',*,*,#6042,.T.);
#6042 = EDGE_CURVE('',#6033,#6043,#6045,.T.);
#6043 = VERTEX_POINT('',#6044);
#6044 = CARTESIAN_POINT('',(0.3,3.E-02,0.3));
#6045 = LINE('',#6046,#6047);
#6046 = CARTESIAN_POINT('',(0.3,3.E-02,0.3));
#6047 = VECTOR('',#6048,1.);
#6048 = DIRECTION('',(8.682659386425E-02,-0.992432509139,
    8.682659386425E-02));
#6049 = ORIENTED_EDGE('',*,*,#6050,.T.);
#6050 = EDGE_CURVE('',#6043,#6051,#6053,.T.);
#6051 = VERTEX_POINT('',#6052);
#6052 = CARTESIAN_POINT('',(0.3,3.E-02,-0.3));
#6053 = LINE('',#6054,#6055);
#6054 = CARTESIAN_POINT('',(0.3,3.E-02,0.3));
#6055 = VECTOR('',#6056,1.);
#6056 = DIRECTION('',(0.,0.,-1.));
#6057 = ORIENTED_EDGE('',*,*,#6058,.F.);
#6058 = EDGE_CURVE('',#6035,#6051,#6059,.T.);
#6059 = LINE('',#6060,#6061);
#6060 = CARTESIAN_POINT('',(0.3,3.E-02,-0.3));
#6061 = VECTOR('',#6062,1.);
#6062 = DIRECTION('',(8.682659386425E-02,-0.992432509139,
    -8.682659386425E-02));
#6063 = PLANE('',#6064);
#6064 = AXIS2_PLACEMENT_3D('',#6065,#6066,#6067);
#6065 = CARTESIAN_POINT('',(0.3,3.E-02,0.3));
#6066 = DIRECTION('',(0.996194698092,8.715574274766E-02,0.));
#6067 = DIRECTION('',(-8.715574274766E-02,0.996194698092,0.));
#6068 = ADVANCED_FACE('',(#6069),#6094,.T.);
#6069 = FACE_BOUND('',#6070,.T.);
#6070 = EDGE_LOOP('',(#6071,#6079,#6080,#6088));
#6071 = ORIENTED_EDGE('',*,*,#6072,.F.);
#6072 = EDGE_CURVE('',#6035,#6073,#6075,.T.);
#6073 = VERTEX_POINT('',#6074);
#6074 = CARTESIAN_POINT('',(-0.284252040565,0.21,-0.284252040565));
#6075 = LINE('',#6076,#6077);
#6076 = CARTESIAN_POINT('',(0.3,0.21,-0.284252040565));
#6077 = VECTOR('',#6078,1.);
#6078 = DIRECTION('',(-1.,0.,-0.));
#6079 = ORIENTED_EDGE('',*,*,#6058,.T.);
#6080 = ORIENTED_EDGE('',*,*,#6081,.T.);
#6081 = EDGE_CURVE('',#6051,#6082,#6084,.T.);
#6082 = VERTEX_POINT('',#6083);
#6083 = CARTESIAN_POINT('',(-0.3,3.E-02,-0.3));
#6084 = LINE('',#6085,#6086);
#6085 = CARTESIAN_POINT('',(0.3,3.E-02,-0.3));
#6086 = VECTOR('',#6087,1.);
#6087 = DIRECTION('',(-1.,0.,0.));
#6088 = ORIENTED_EDGE('',*,*,#6089,.F.);
#6089 = EDGE_CURVE('',#6073,#6082,#6090,.T.);
#6090 = LINE('',#6091,#6092);
#6091 = CARTESIAN_POINT('',(-0.3,3.E-02,-0.3));
#6092 = VECTOR('',#6093,1.);
#6093 = DIRECTION('',(-8.682659386425E-02,-0.992432509139,
    -8.682659386425E-02));
#6094 = PLANE('',#6095);
#6095 = AXIS2_PLACEMENT_3D('',#6096,#6097,#6098);
#6096 = CARTESIAN_POINT('',(0.3,3.E-02,-0.3));
#6097 = DIRECTION('',(0.,8.715574274766E-02,-0.996194698092));
#6098 = DIRECTION('',(0.,0.996194698092,8.715574274766E-02));
#6099 = ADVANCED_FACE('',(#6100),#6125,.T.);
#6100 = FACE_BOUND('',#6101,.T.);
#6101 = EDGE_LOOP('',(#6102,#6110,#6111,#6119));
#6102 = ORIENTED_EDGE('',*,*,#6103,.F.);
#6103 = EDGE_CURVE('',#6073,#6104,#6106,.T.);
#6104 = VERTEX_POINT('',#6105);
#6105 = CARTESIAN_POINT('',(-0.284252040565,0.21,0.284252040565));
#6106 = LINE('',#6107,#6108);
#6107 = CARTESIAN_POINT('',(-0.284252040565,0.21,-0.3));
#6108 = VECTOR('',#6109,1.);
#6109 = DIRECTION('',(-0.,-0.,1.));
#6110 = ORIENTED_EDGE('',*,*,#6089,.T.);
#6111 = ORIENTED_EDGE('',*,*,#6112,.T.);
#6112 = EDGE_CURVE('',#6082,#6113,#6115,.T.);
#6113 = VERTEX_POINT('',#6114);
#6114 = CARTESIAN_POINT('',(-0.3,3.E-02,0.3));
#6115 = LINE('',#6116,#6117);
#6116 = CARTESIAN_POINT('',(-0.3,3.E-02,-0.3));
#6117 = VECTOR('',#6118,1.);
#6118 = DIRECTION('',(0.,0.,1.));
#6119 = ORIENTED_EDGE('',*,*,#6120,.F.);
#6120 = EDGE_CURVE('',#6104,#6113,#6121,.T.);
#6121 = LINE('',#6122,#6123);
#6122 = CARTESIAN_POINT('',(-0.3,3.E-02,0.3));
#6123 = VECTOR('',#6124,1.);
#6124 = DIRECTION('',(-8.682659386425E-02,-0.992432509139,
    8.682659386425E-02));
#6125 = PLANE('',#6126);
#6126 = AXIS2_PLACEMENT_3D('',#6127,#6128,#6129);
#6127 = CARTESIAN_POINT('',(-0.3,3.E-02,-0.3));
#6128 = DIRECTION('',(-0.996194698092,8.715574274766E-02,0.));
#6129 = DIRECTION('',(-8.715574274766E-02,-0.996194698092,0.));
#6130 = ADVANCED_FACE('',(#6131),#6147,.T.);
#6131 = FACE_BOUND('',#6132,.T.);
#6132 = EDGE_LOOP('',(#6133,#6139,#6140,#6146));
#6133 = ORIENTED_EDGE('',*,*,#6134,.F.);
#6134 = EDGE_CURVE('',#6104,#6033,#6135,.T.);
#6135 = LINE('',#6136,#6137);
#6136 = CARTESIAN_POINT('',(-0.3,0.21,0.284252040565));
#6137 = VECTOR('',#6138,1.);
#6138 = DIRECTION('',(1.,-0.,-0.));
#6139 = ORIENTED_EDGE('',*,*,#6120,.T.);
#6140 = ORIENTED_EDGE('',*,*,#6141,.T.);
#6141 = EDGE_CURVE('',#6113,#6043,#6142,.T.);
#6142 = LINE('',#6143,#6144);
#6143 = CARTESIAN_POINT('',(-0.3,3.E-02,0.3));
#6144 = VECTOR('',#6145,1.);
#6145 = DIRECTION('',(1.,0.,0.));
#6146 = ORIENTED_EDGE('',*,*,#6042,.F.);
#6147 = PLANE('',#6148);
#6148 = AXIS2_PLACEMENT_3D('',#6149,#6150,#6151);
#6149 = CARTESIAN_POINT('',(-0.3,3.E-02,0.3));
#6150 = DIRECTION('',(0.,8.715574274766E-02,0.996194698092));
#6151 = DIRECTION('',(0.,-0.996194698092,8.715574274766E-02));
#6152 = ADVANCED_FACE('',(#6153),#6159,.F.);
#6153 = FACE_BOUND('',#6154,.T.);
#6154 = EDGE_LOOP('',(#6155,#6156,#6157,#6158));
#6155 = ORIENTED_EDGE('',*,*,#6050,.F.);
#6156 = ORIENTED_EDGE('',*,*,#6141,.F.);
#6157 = ORIENTED_EDGE('',*,*,#6112,.F.);
#6158 = ORIENTED_EDGE('',*,*,#6081,.F.);
#6159 = PLANE('',#6160);
#6160 = AXIS2_PLACEMENT_3D('',#6161,#6162,#6163);
#6161 = CARTESIAN_POINT('',(0.,3.E-02,0.));
#6162 = DIRECTION('',(0.,1.,0.));
#6163 = DIRECTION('',(0.,-0.,1.));
#6164 = ADVANCED_FACE('',(#6165),#6171,.T.);
#6165 = FACE_BOUND('',#6166,.T.);
#6166 = EDGE_LOOP('',(#6167,#6168,#6169,#6170));
#6167 = ORIENTED_EDGE('',*,*,#6134,.T.);
#6168 = ORIENTED_EDGE('',*,*,#6032,.T.);
#6169 = ORIENTED_EDGE('',*,*,#6072,.T.);
#6170 = ORIENTED_EDGE('',*,*,#6103,.T.);
#6171 = PLANE('',#6172);
#6172 = AXIS2_PLACEMENT_3D('',#6173,#6174,#6175);
#6173 = CARTESIAN_POINT('',(-0.5,0.21,-0.3));
#6174 = DIRECTION('',(0.,1.,0.));
#6175 = DIRECTION('',(0.,-0.,1.));
#6176 = ( GEOMETRIC_REPRESENTATION_CONTEXT(3) 
GLOBAL_UNCERTAINTY_ASSIGNED_CONTEXT((#6180)) 
GLOBAL_UNIT_ASSIGNED_CONTEXT((#6177,#6178,#6179)) REPRESENTATION_CONTEXT
('Context #1','3D Context with UNIT and UNCERTAINTY') );
#6177 = ( LENGTH_UNIT() NAMED_UNIT(*) SI_UNIT(.MILLI.,.METRE.) );
#6178 = ( NAMED_UNIT(*) PLANE_ANGLE_UNIT() SI_UNIT($,.RADIAN.) );
#6179 = ( NAMED_UNIT(*) SI_UNIT($,.STERADIAN.) SOLID_ANGLE_UNIT() );
#6180 = UNCERTAINTY_MEASURE_WITH_UNIT(LENGTH_MEASURE(1.E-07),#6177,
  'distance_accuracy_value','confusion accuracy');
#6181 = CONTEXT_DEPENDENT_SHAPE_REPRESENTATION(#6182,#6184);
#6182 = ( REPRESENTATION_RELATIONSHIP('','',#3229,#3206) 
REPRESENTATION_RELATIONSHIP_WITH_TRANSFORMATION(#6183) 
SHAPE_REPRESENTATION_RELATIONSHIP() );
#6183 = ITEM_DEFINED_TRANSFORMATION('','',#11,#3207);
#6184 = PRODUCT_DEFINITION_SHAPE('Placement','Placement of an item',
  #6185);
#6185 = NEXT_ASSEMBLY_USAGE_OCCURRENCE('5','=>[0:1:1:7]','',#3201,#3224,
  $);
#6186 = PRODUCT_RELATED_PRODUCT_CATEGORY('part',$,(#3226));
#6187 = SHAPE_DEFINITION_REPRESENTATION(#6188,#6194);
#6188 = PRODUCT_DEFINITION_SHAPE('','',#6189);
#6189 = PRODUCT_DEFINITION('design','',#6190,#6193);
#6190 = PRODUCT_DEFINITION_FORMATION('','',#6191);
#6191 = PRODUCT('0603C','0603C','',(#6192));
#6192 = PRODUCT_CONTEXT('',#2,'mechanical');
#6193 = PRODUCT_DEFINITION_CONTEXT('part definition',#2,'design');
#6194 = SHAPE_REPRESENTATION('',(#11,#6195),#6199);
#6195 = AXIS2_PLACEMENT_3D('',#6196,#6197,#6198);
#6196 = CARTESIAN_POINT('',(0.,0.,0.));
#6197 = DIRECTION('',(0.,0.,1.));
#6198 = DIRECTION('',(1.,0.,-0.));
#6199 = ( GEOMETRIC_REPRESENTATION_CONTEXT(3) 
GLOBAL_UNCERTAINTY_ASSIGNED_CONTEXT((#6203)) 
GLOBAL_UNIT_ASSIGNED_CONTEXT((#6200,#6201,#6202)) REPRESENTATION_CONTEXT
('Context #1','3D Context with UNIT and UNCERTAINTY') );
#6200 = ( LENGTH_UNIT() NAMED_UNIT(*) SI_UNIT(.MILLI.,.METRE.) );
#6201 = ( NAMED_UNIT(*) PLANE_ANGLE_UNIT() SI_UNIT($,.RADIAN.) );
#6202 = ( NAMED_UNIT(*) SI_UNIT($,.STERADIAN.) SOLID_ANGLE_UNIT() );
#6203 = UNCERTAINTY_MEASURE_WITH_UNIT(LENGTH_MEASURE(1.E-07),#6200,
  'distance_accuracy_value','confusion accuracy');
#6204 = CONTEXT_DEPENDENT_SHAPE_REPRESENTATION(#6205,#6207);
#6205 = ( REPRESENTATION_RELATIONSHIP('','',#6194,#10) 
REPRESENTATION_RELATIONSHIP_WITH_TRANSFORMATION(#6206) 
SHAPE_REPRESENTATION_RELATIONSHIP() );
#6206 = ITEM_DEFINED_TRANSFORMATION('','',#11,#27);
#6207 = PRODUCT_DEFINITION_SHAPE('Placement','Placement of an item',
  #6208);
#6208 = NEXT_ASSEMBLY_USAGE_OCCURRENCE('8','C1','',#5,#6189,$);
#6209 = PRODUCT_RELATED_PRODUCT_CATEGORY('part',$,(#6191));
#6210 = SHAPE_DEFINITION_REPRESENTATION(#6211,#6217);
#6211 = PRODUCT_DEFINITION_SHAPE('','',#6212);
#6212 = PRODUCT_DEFINITION('design','',#6213,#6216);
#6213 = PRODUCT_DEFINITION_FORMATION('','',#6214);
#6214 = PRODUCT('06035A910JAT2A','06035A910JAT2A','',(#6215));
#6215 = PRODUCT_CONTEXT('',#2,'mechanical');
#6216 = PRODUCT_DEFINITION_CONTEXT('part definition',#2,'design');
#6217 = SHAPE_REPRESENTATION('',(#11,#6218,#6672,#7126),#7416);
#6218 = MANIFOLD_SOLID_BREP('',#6219);
#6219 = CLOSED_SHELL('',(#6220,#6260,#6300,#6367,#6398,#6429,#6460,#6478
    ,#6502,#6520,#6537,#6554,#6572,#6590,#6608,#6626,#6643,#6660));
#6220 = ADVANCED_FACE('',(#6221),#6255,.F.);
#6221 = FACE_BOUND('',#6222,.T.);
#6222 = EDGE_LOOP('',(#6223,#6233,#6241,#6249));
#6223 = ORIENTED_EDGE('',*,*,#6224,.T.);
#6224 = EDGE_CURVE('',#6225,#6227,#6229,.T.);
#6225 = VERTEX_POINT('',#6226);
#6226 = CARTESIAN_POINT('',(-0.8,0.4,0.355));
#6227 = VERTEX_POINT('',#6228);
#6228 = CARTESIAN_POINT('',(-0.8,0.4,-0.355));
#6229 = LINE('',#6230,#6231);
#6230 = CARTESIAN_POINT('',(-0.8,0.4,-0.405));
#6231 = VECTOR('',#6232,1.);
#6232 = DIRECTION('',(-1.338521200599E-16,-0.,-1.));
#6233 = ORIENTED_EDGE('',*,*,#6234,.T.);
#6234 = EDGE_CURVE('',#6227,#6235,#6237,.T.);
#6235 = VERTEX_POINT('',#6236);
#6236 = CARTESIAN_POINT('',(-0.8,-0.4,-0.355));
#6237 = LINE('',#6238,#6239);
#6238 = CARTESIAN_POINT('',(-0.8,0.45,-0.355));
#6239 = VECTOR('',#6240,1.);
#6240 = DIRECTION('',(0.,-1.,0.));
#6241 = ORIENTED_EDGE('',*,*,#6242,.T.);
#6242 = EDGE_CURVE('',#6235,#6243,#6245,.T.);
#6243 = VERTEX_POINT('',#6244);
#6244 = CARTESIAN_POINT('',(-0.8,-0.4,0.355));
#6245 = LINE('',#6246,#6247);
#6246 = CARTESIAN_POINT('',(-0.8,-0.4,-0.405));
#6247 = VECTOR('',#6248,1.);
#6248 = DIRECTION('',(1.338521200599E-16,-0.,1.));
#6249 = ORIENTED_EDGE('',*,*,#6250,.T.);
#6250 = EDGE_CURVE('',#6243,#6225,#6251,.T.);
#6251 = LINE('',#6252,#6253);
#6252 = CARTESIAN_POINT('',(-0.8,0.45,0.355));
#6253 = VECTOR('',#6254,1.);
#6254 = DIRECTION('',(-0.,1.,-0.));
#6255 = PLANE('',#6256);
#6256 = AXIS2_PLACEMENT_3D('',#6257,#6258,#6259);
#6257 = CARTESIAN_POINT('',(-0.8,0.45,-0.405));
#6258 = DIRECTION('',(1.,0.,-1.338521200599E-16));
#6259 = DIRECTION('',(-1.338521200599E-16,0.,-1.));
#6260 = ADVANCED_FACE('',(#6261),#6295,.F.);
#6261 = FACE_BOUND('',#6262,.T.);
#6262 = EDGE_LOOP('',(#6263,#6273,#6281,#6289));
#6263 = ORIENTED_EDGE('',*,*,#6264,.T.);
#6264 = EDGE_CURVE('',#6265,#6267,#6269,.T.);
#6265 = VERTEX_POINT('',#6266);
#6266 = CARTESIAN_POINT('',(-0.75,0.4,0.405));
#6267 = VERTEX_POINT('',#6268);
#6268 = CARTESIAN_POINT('',(-0.75,-0.4,0.405));
#6269 = LINE('',#6270,#6271);
#6270 = CARTESIAN_POINT('',(-0.75,0.45,0.405));
#6271 = VECTOR('',#6272,1.);
#6272 = DIRECTION('',(0.,-1.,0.));
#6273 = ORIENTED_EDGE('',*,*,#6274,.T.);
#6274 = EDGE_CURVE('',#6267,#6275,#6277,.T.);
#6275 = VERTEX_POINT('',#6276);
#6276 = CARTESIAN_POINT('',(-0.45,-0.4,0.405));
#6277 = LINE('',#6278,#6279);
#6278 = CARTESIAN_POINT('',(-0.8,-0.4,0.405));
#6279 = VECTOR('',#6280,1.);
#6280 = DIRECTION('',(1.,-0.,0.));
#6281 = ORIENTED_EDGE('',*,*,#6282,.F.);
#6282 = EDGE_CURVE('',#6283,#6275,#6285,.T.);
#6283 = VERTEX_POINT('',#6284);
#6284 = CARTESIAN_POINT('',(-0.45,0.4,0.405));
#6285 = LINE('',#6286,#6287);
#6286 = CARTESIAN_POINT('',(-0.45,0.45,0.405));
#6287 = VECTOR('',#6288,1.);
#6288 = DIRECTION('',(-0.,-1.,-0.));
#6289 = ORIENTED_EDGE('',*,*,#6290,.T.);
#6290 = EDGE_CURVE('',#6283,#6265,#6291,.T.);
#6291 = LINE('',#6292,#6293);
#6292 = CARTESIAN_POINT('',(-0.8,0.4,0.405));
#6293 = VECTOR('',#6294,1.);
#6294 = DIRECTION('',(-1.,-0.,-0.));
#6295 = PLANE('',#6296);
#6296 = AXIS2_PLACEMENT_3D('',#6297,#6298,#6299);
#6297 = CARTESIAN_POINT('',(-0.8,0.45,0.405));
#6298 = DIRECTION('',(0.,0.,-1.));
#6299 = DIRECTION('',(-1.,0.,-0.));
#6300 = ADVANCED_FACE('',(#6301),#6362,.F.);
#6301 = FACE_BOUND('',#6302,.T.);
#6302 = EDGE_LOOP('',(#6303,#6313,#6322,#6330,#6339,#6347,#6354,#6355));
#6303 = ORIENTED_EDGE('',*,*,#6304,.T.);
#6304 = EDGE_CURVE('',#6305,#6307,#6309,.T.);
#6305 = VERTEX_POINT('',#6306);
#6306 = CARTESIAN_POINT('',(-0.45,-0.45,0.355));
#6307 = VERTEX_POINT('',#6308);
#6308 = CARTESIAN_POINT('',(-0.45,-0.45,-0.355));
#6309 = LINE('',#6310,#6311);
#6310 = CARTESIAN_POINT('',(-0.45,-0.45,-0.405));
#6311 = VECTOR('',#6312,1.);
#6312 = DIRECTION('',(-6.692606002997E-17,-0.,-1.));
#6313 = ORIENTED_EDGE('',*,*,#6314,.T.);
#6314 = EDGE_CURVE('',#6307,#6315,#6317,.T.);
#6315 = VERTEX_POINT('',#6316);
#6316 = CARTESIAN_POINT('',(-0.45,-0.4,-0.405));
#6317 = CIRCLE('',#6318,5.E-02);
#6318 = AXIS2_PLACEMENT_3D('',#6319,#6320,#6321);
#6319 = CARTESIAN_POINT('',(-0.45,-0.4,-0.355));
#6320 = DIRECTION('',(1.,0.,-6.692606002997E-17));
#6321 = DIRECTION('',(6.692606002997E-17,0.,1.));
#6322 = ORIENTED_EDGE('',*,*,#6323,.F.);
#6323 = EDGE_CURVE('',#6324,#6315,#6326,.T.);
#6324 = VERTEX_POINT('',#6325);
#6325 = CARTESIAN_POINT('',(-0.45,0.4,-0.405));
#6326 = LINE('',#6327,#6328);
#6327 = CARTESIAN_POINT('',(-0.45,0.45,-0.405));
#6328 = VECTOR('',#6329,1.);
#6329 = DIRECTION('',(-0.,-1.,-0.));
#6330 = ORIENTED_EDGE('',*,*,#6331,.T.);
#6331 = EDGE_CURVE('',#6324,#6332,#6334,.T.);
#6332 = VERTEX_POINT('',#6333);
#6333 = CARTESIAN_POINT('',(-0.45,0.45,-0.355));
#6334 = CIRCLE('',#6335,5.E-02);
#6335 = AXIS2_PLACEMENT_3D('',#6336,#6337,#6338);
#6336 = CARTESIAN_POINT('',(-0.45,0.4,-0.355));
#6337 = DIRECTION('',(1.,0.,-6.692606002997E-17));
#6338 = DIRECTION('',(6.692606002997E-17,0.,1.));
#6339 = ORIENTED_EDGE('',*,*,#6340,.F.);
#6340 = EDGE_CURVE('',#6341,#6332,#6343,.T.);
#6341 = VERTEX_POINT('',#6342);
#6342 = CARTESIAN_POINT('',(-0.45,0.45,0.355));
#6343 = LINE('',#6344,#6345);
#6344 = CARTESIAN_POINT('',(-0.45,0.45,-0.405));
#6345 = VECTOR('',#6346,1.);
#6346 = DIRECTION('',(-6.692606002997E-17,-0.,-1.));
#6347 = ORIENTED_EDGE('',*,*,#6348,.T.);
#6348 = EDGE_CURVE('',#6341,#6283,#6349,.T.);
#6349 = CIRCLE('',#6350,5.E-02);
#6350 = AXIS2_PLACEMENT_3D('',#6351,#6352,#6353);
#6351 = CARTESIAN_POINT('',(-0.45,0.4,0.355));
#6352 = DIRECTION('',(1.,0.,-6.692606002997E-17));
#6353 = DIRECTION('',(6.692606002997E-17,0.,1.));
#6354 = ORIENTED_EDGE('',*,*,#6282,.T.);
#6355 = ORIENTED_EDGE('',*,*,#6356,.T.);
#6356 = EDGE_CURVE('',#6275,#6305,#6357,.T.);
#6357 = CIRCLE('',#6358,5.E-02);
#6358 = AXIS2_PLACEMENT_3D('',#6359,#6360,#6361);
#6359 = CARTESIAN_POINT('',(-0.45,-0.4,0.355));
#6360 = DIRECTION('',(1.,0.,-6.692606002997E-17));
#6361 = DIRECTION('',(6.692606002997E-17,0.,1.));
#6362 = PLANE('',#6363);
#6363 = AXIS2_PLACEMENT_3D('',#6364,#6365,#6366);
#6364 = CARTESIAN_POINT('',(-0.45,0.45,-0.405));
#6365 = DIRECTION('',(-1.,0.,6.692606002997E-17));
#6366 = DIRECTION('',(6.692606002997E-17,0.,1.));
#6367 = ADVANCED_FACE('',(#6368),#6393,.F.);
#6368 = FACE_BOUND('',#6369,.T.);
#6369 = EDGE_LOOP('',(#6370,#6371,#6379,#6387));
#6370 = ORIENTED_EDGE('',*,*,#6323,.T.);
#6371 = ORIENTED_EDGE('',*,*,#6372,.T.);
#6372 = EDGE_CURVE('',#6315,#6373,#6375,.T.);
#6373 = VERTEX_POINT('',#6374);
#6374 = CARTESIAN_POINT('',(-0.75,-0.4,-0.405));
#6375 = LINE('',#6376,#6377);
#6376 = CARTESIAN_POINT('',(-0.8,-0.4,-0.405));
#6377 = VECTOR('',#6378,1.);
#6378 = DIRECTION('',(-1.,0.,-6.195440985631E-16));
#6379 = ORIENTED_EDGE('',*,*,#6380,.T.);
#6380 = EDGE_CURVE('',#6373,#6381,#6383,.T.);
#6381 = VERTEX_POINT('',#6382);
#6382 = CARTESIAN_POINT('',(-0.75,0.4,-0.405));
#6383 = LINE('',#6384,#6385);
#6384 = CARTESIAN_POINT('',(-0.75,0.45,-0.405));
#6385 = VECTOR('',#6386,1.);
#6386 = DIRECTION('',(-0.,1.,-0.));
#6387 = ORIENTED_EDGE('',*,*,#6388,.T.);
#6388 = EDGE_CURVE('',#6381,#6324,#6389,.T.);
#6389 = LINE('',#6390,#6391);
#6390 = CARTESIAN_POINT('',(-0.45,0.4,-0.405));
#6391 = VECTOR('',#6392,1.);
#6392 = DIRECTION('',(1.,-0.,6.195440985631E-16));
#6393 = PLANE('',#6394);
#6394 = AXIS2_PLACEMENT_3D('',#6395,#6396,#6397);
#6395 = CARTESIAN_POINT('',(-0.8,0.45,-0.405));
#6396 = DIRECTION('',(-6.195440985631E-16,0.,1.));
#6397 = DIRECTION('',(1.,0.,6.195440985631E-16));
#6398 = ADVANCED_FACE('',(#6399),#6424,.T.);
#6399 = FACE_BOUND('',#6400,.T.);
#6400 = EDGE_LOOP('',(#6401,#6402,#6410,#6418));
#6401 = ORIENTED_EDGE('',*,*,#6340,.T.);
#6402 = ORIENTED_EDGE('',*,*,#6403,.T.);
#6403 = EDGE_CURVE('',#6332,#6404,#6406,.T.);
#6404 = VERTEX_POINT('',#6405);
#6405 = CARTESIAN_POINT('',(-0.75,0.45,-0.355));
#6406 = LINE('',#6407,#6408);
#6407 = CARTESIAN_POINT('',(-0.8,0.45,-0.355));
#6408 = VECTOR('',#6409,1.);
#6409 = DIRECTION('',(-1.,0.,-6.195440985631E-16));
#6410 = ORIENTED_EDGE('',*,*,#6411,.T.);
#6411 = EDGE_CURVE('',#6404,#6412,#6414,.T.);
#6412 = VERTEX_POINT('',#6413);
#6413 = CARTESIAN_POINT('',(-0.75,0.45,0.355));
#6414 = LINE('',#6415,#6416);
#6415 = CARTESIAN_POINT('',(-0.75,0.45,0.405));
#6416 = VECTOR('',#6417,1.);
#6417 = DIRECTION('',(1.338521200599E-16,-0.,1.));
#6418 = ORIENTED_EDGE('',*,*,#6419,.T.);
#6419 = EDGE_CURVE('',#6412,#6341,#6420,.T.);
#6420 = LINE('',#6421,#6422);
#6421 = CARTESIAN_POINT('',(-0.45,0.45,0.355));
#6422 = VECTOR('',#6423,1.);
#6423 = DIRECTION('',(1.,-0.,0.));
#6424 = PLANE('',#6425);
#6425 = AXIS2_PLACEMENT_3D('',#6426,#6427,#6428);
#6426 = CARTESIAN_POINT('',(0.,0.45,0.));
#6427 = DIRECTION('',(0.,1.,0.));
#6428 = DIRECTION('',(0.,-0.,1.));
#6429 = ADVANCED_FACE('',(#6430),#6455,.F.);
#6430 = FACE_BOUND('',#6431,.T.);
#6431 = EDGE_LOOP('',(#6432,#6442,#6448,#6449));
#6432 = ORIENTED_EDGE('',*,*,#6433,.T.);
#6433 = EDGE_CURVE('',#6434,#6436,#6438,.T.);
#6434 = VERTEX_POINT('',#6435);
#6435 = CARTESIAN_POINT('',(-0.75,-0.45,0.355));
#6436 = VERTEX_POINT('',#6437);
#6437 = CARTESIAN_POINT('',(-0.75,-0.45,-0.355));
#6438 = LINE('',#6439,#6440);
#6439 = CARTESIAN_POINT('',(-0.75,-0.45,1.00389090045E-16));
#6440 = VECTOR('',#6441,1.);
#6441 = DIRECTION('',(-1.338521200599E-16,0.,-1.));
#6442 = ORIENTED_EDGE('',*,*,#6443,.T.);
#6443 = EDGE_CURVE('',#6436,#6307,#6444,.T.);
#6444 = LINE('',#6445,#6446);
#6445 = CARTESIAN_POINT('',(2.199381549899E-16,-0.45,-0.355));
#6446 = VECTOR('',#6447,1.);
#6447 = DIRECTION('',(1.,-0.,6.195440985631E-16));
#6448 = ORIENTED_EDGE('',*,*,#6304,.F.);
#6449 = ORIENTED_EDGE('',*,*,#6450,.T.);
#6450 = EDGE_CURVE('',#6305,#6434,#6451,.T.);
#6451 = LINE('',#6452,#6453);
#6452 = CARTESIAN_POINT('',(0.,-0.45,0.355));
#6453 = VECTOR('',#6454,1.);
#6454 = DIRECTION('',(-1.,0.,-0.));
#6455 = PLANE('',#6456);
#6456 = AXIS2_PLACEMENT_3D('',#6457,#6458,#6459);
#6457 = CARTESIAN_POINT('',(0.,-0.45,0.));
#6458 = DIRECTION('',(0.,1.,0.));
#6459 = DIRECTION('',(0.,-0.,1.));
#6460 = ADVANCED_FACE('',(#6461),#6473,.T.);
#6461 = FACE_BOUND('',#6462,.T.);
#6462 = EDGE_LOOP('',(#6463,#6464,#6465,#6472));
#6463 = ORIENTED_EDGE('',*,*,#6348,.F.);
#6464 = ORIENTED_EDGE('',*,*,#6419,.F.);
#6465 = ORIENTED_EDGE('',*,*,#6466,.F.);
#6466 = EDGE_CURVE('',#6265,#6412,#6467,.T.);
#6467 = CIRCLE('',#6468,5.E-02);
#6468 = AXIS2_PLACEMENT_3D('',#6469,#6470,#6471);
#6469 = CARTESIAN_POINT('',(-0.75,0.4,0.355));
#6470 = DIRECTION('',(-1.,0.,0.));
#6471 = DIRECTION('',(0.,0.,1.));
#6472 = ORIENTED_EDGE('',*,*,#6290,.F.);
#6473 = CYLINDRICAL_SURFACE('',#6474,5.E-02);
#6474 = AXIS2_PLACEMENT_3D('',#6475,#6476,#6477);
#6475 = CARTESIAN_POINT('',(0.,0.4,0.355));
#6476 = DIRECTION('',(-1.,0.,0.));
#6477 = DIRECTION('',(0.,0.,1.));
#6478 = ADVANCED_FACE('',(#6479),#6497,.T.);
#6479 = FACE_BOUND('',#6480,.T.);
#6480 = EDGE_LOOP('',(#6481,#6488,#6489,#6496));
#6481 = ORIENTED_EDGE('',*,*,#6482,.F.);
#6482 = EDGE_CURVE('',#6267,#6243,#6483,.T.);
#6483 = CIRCLE('',#6484,5.E-02);
#6484 = AXIS2_PLACEMENT_3D('',#6485,#6486,#6487);
#6485 = CARTESIAN_POINT('',(-0.75,-0.4,0.355));
#6486 = DIRECTION('',(0.,-1.,0.));
#6487 = DIRECTION('',(0.,0.,-1.));
#6488 = ORIENTED_EDGE('',*,*,#6264,.F.);
#6489 = ORIENTED_EDGE('',*,*,#6490,.F.);
#6490 = EDGE_CURVE('',#6225,#6265,#6491,.T.);
#6491 = CIRCLE('',#6492,5.E-02);
#6492 = AXIS2_PLACEMENT_3D('',#6493,#6494,#6495);
#6493 = CARTESIAN_POINT('',(-0.75,0.4,0.355));
#6494 = DIRECTION('',(0.,1.,-0.));
#6495 = DIRECTION('',(0.,0.,1.));
#6496 = ORIENTED_EDGE('',*,*,#6250,.F.);
#6497 = CYLINDRICAL_SURFACE('',#6498,5.E-02);
#6498 = AXIS2_PLACEMENT_3D('',#6499,#6500,#6501);
#6499 = CARTESIAN_POINT('',(-0.75,0.45,0.355));
#6500 = DIRECTION('',(0.,-1.,0.));
#6501 = DIRECTION('',(0.,0.,-1.));
#6502 = ADVANCED_FACE('',(#6503),#6515,.T.);
#6503 = FACE_BOUND('',#6504,.T.);
#6504 = EDGE_LOOP('',(#6505,#6506,#6507,#6514));
#6505 = ORIENTED_EDGE('',*,*,#6356,.F.);
#6506 = ORIENTED_EDGE('',*,*,#6274,.F.);
#6507 = ORIENTED_EDGE('',*,*,#6508,.F.);
#6508 = EDGE_CURVE('',#6434,#6267,#6509,.T.);
#6509 = CIRCLE('',#6510,5.E-02);
#6510 = AXIS2_PLACEMENT_3D('',#6511,#6512,#6513);
#6511 = CARTESIAN_POINT('',(-0.75,-0.4,0.355));
#6512 = DIRECTION('',(-1.,0.,0.));
#6513 = DIRECTION('',(0.,0.,1.));
#6514 = ORIENTED_EDGE('',*,*,#6450,.F.);
#6515 = CYLINDRICAL_SURFACE('',#6516,5.E-02);
#6516 = AXIS2_PLACEMENT_3D('',#6517,#6518,#6519);
#6517 = CARTESIAN_POINT('',(-0.8,-0.4,0.355));
#6518 = DIRECTION('',(1.,-0.,0.));
#6519 = DIRECTION('',(0.,0.,-1.));
#6520 = ADVANCED_FACE('',(#6521),#6532,.T.);
#6521 = FACE_BOUND('',#6522,.T.);
#6522 = EDGE_LOOP('',(#6523,#6524,#6525));
#6523 = ORIENTED_EDGE('',*,*,#6490,.T.);
#6524 = ORIENTED_EDGE('',*,*,#6466,.T.);
#6525 = ORIENTED_EDGE('',*,*,#6526,.F.);
#6526 = EDGE_CURVE('',#6225,#6412,#6527,.T.);
#6527 = CIRCLE('',#6528,5.E-02);
#6528 = AXIS2_PLACEMENT_3D('',#6529,#6530,#6531);
#6529 = CARTESIAN_POINT('',(-0.75,0.4,0.355));
#6530 = DIRECTION('',(0.,0.,-1.));
#6531 = DIRECTION('',(1.,0.,0.));
#6532 = SPHERICAL_SURFACE('',#6533,5.E-02);
#6533 = AXIS2_PLACEMENT_3D('',#6534,#6535,#6536);
#6534 = CARTESIAN_POINT('',(-0.75,0.4,0.355));
#6535 = DIRECTION('',(0.,1.,0.));
#6536 = DIRECTION('',(1.,0.,0.));
#6537 = ADVANCED_FACE('',(#6538),#6549,.T.);
#6538 = FACE_BOUND('',#6539,.T.);
#6539 = EDGE_LOOP('',(#6540,#6541,#6542));
#6540 = ORIENTED_EDGE('',*,*,#6508,.T.);
#6541 = ORIENTED_EDGE('',*,*,#6482,.T.);
#6542 = ORIENTED_EDGE('',*,*,#6543,.F.);
#6543 = EDGE_CURVE('',#6434,#6243,#6544,.T.);
#6544 = CIRCLE('',#6545,5.E-02);
#6545 = AXIS2_PLACEMENT_3D('',#6546,#6547,#6548);
#6546 = CARTESIAN_POINT('',(-0.75,-0.4,0.355));
#6547 = DIRECTION('',(0.,0.,-1.));
#6548 = DIRECTION('',(1.,0.,0.));
#6549 = SPHERICAL_SURFACE('',#6550,5.E-02);
#6550 = AXIS2_PLACEMENT_3D('',#6551,#6552,#6553);
#6551 = CARTESIAN_POINT('',(-0.75,-0.4,0.355));
#6552 = DIRECTION('',(0.,1.,0.));
#6553 = DIRECTION('',(1.,0.,0.));
#6554 = ADVANCED_FACE('',(#6555),#6567,.T.);
#6555 = FACE_BOUND('',#6556,.T.);
#6556 = EDGE_LOOP('',(#6557,#6558,#6559,#6566));
#6557 = ORIENTED_EDGE('',*,*,#6331,.F.);
#6558 = ORIENTED_EDGE('',*,*,#6388,.F.);
#6559 = ORIENTED_EDGE('',*,*,#6560,.F.);
#6560 = EDGE_CURVE('',#6404,#6381,#6561,.T.);
#6561 = CIRCLE('',#6562,5.E-02);
#6562 = AXIS2_PLACEMENT_3D('',#6563,#6564,#6565);
#6563 = CARTESIAN_POINT('',(-0.75,0.4,-0.355));
#6564 = DIRECTION('',(-1.,0.,0.));
#6565 = DIRECTION('',(0.,0.,1.));
#6566 = ORIENTED_EDGE('',*,*,#6403,.F.);
#6567 = CYLINDRICAL_SURFACE('',#6568,5.E-02);
#6568 = AXIS2_PLACEMENT_3D('',#6569,#6570,#6571);
#6569 = CARTESIAN_POINT('',(2.199381549899E-16,0.4,-0.355));
#6570 = DIRECTION('',(1.,-0.,6.195440985631E-16));
#6571 = DIRECTION('',(6.195440985631E-16,0.,-1.));
#6572 = ADVANCED_FACE('',(#6573),#6585,.T.);
#6573 = FACE_BOUND('',#6574,.T.);
#6574 = EDGE_LOOP('',(#6575,#6576,#6577,#6584));
#6575 = ORIENTED_EDGE('',*,*,#6526,.T.);
#6576 = ORIENTED_EDGE('',*,*,#6411,.F.);
#6577 = ORIENTED_EDGE('',*,*,#6578,.F.);
#6578 = EDGE_CURVE('',#6227,#6404,#6579,.T.);
#6579 = CIRCLE('',#6580,5.E-02);
#6580 = AXIS2_PLACEMENT_3D('',#6581,#6582,#6583);
#6581 = CARTESIAN_POINT('',(-0.75,0.4,-0.355));
#6582 = DIRECTION('',(0.,0.,-1.));
#6583 = DIRECTION('',(-1.,0.,0.));
#6584 = ORIENTED_EDGE('',*,*,#6224,.F.);
#6585 = CYLINDRICAL_SURFACE('',#6586,5.E-02);
#6586 = AXIS2_PLACEMENT_3D('',#6587,#6588,#6589);
#6587 = CARTESIAN_POINT('',(-0.75,0.4,1.00389090045E-16));
#6588 = DIRECTION('',(-1.338521200599E-16,0.,-1.));
#6589 = DIRECTION('',(-1.,0.,1.338521200599E-16));
#6590 = ADVANCED_FACE('',(#6591),#6603,.T.);
#6591 = FACE_BOUND('',#6592,.T.);
#6592 = EDGE_LOOP('',(#6593,#6594,#6595,#6602));
#6593 = ORIENTED_EDGE('',*,*,#6543,.T.);
#6594 = ORIENTED_EDGE('',*,*,#6242,.F.);
#6595 = ORIENTED_EDGE('',*,*,#6596,.F.);
#6596 = EDGE_CURVE('',#6436,#6235,#6597,.T.);
#6597 = CIRCLE('',#6598,5.E-02);
#6598 = AXIS2_PLACEMENT_3D('',#6599,#6600,#6601);
#6599 = CARTESIAN_POINT('',(-0.75,-0.4,-0.355));
#6600 = DIRECTION('',(-0.,0.,-1.));
#6601 = DIRECTION('',(-1.,0.,0.));
#6602 = ORIENTED_EDGE('',*,*,#6433,.F.);
#6603 = CYLINDRICAL_SURFACE('',#6604,5.E-02);
#6604 = AXIS2_PLACEMENT_3D('',#6605,#6606,#6607);
#6605 = CARTESIAN_POINT('',(-0.75,-0.4,-0.405));
#6606 = DIRECTION('',(1.338521200599E-16,-0.,1.));
#6607 = DIRECTION('',(1.,0.,-1.338521200599E-16));
#6608 = ADVANCED_FACE('',(#6609),#6621,.T.);
#6609 = FACE_BOUND('',#6610,.T.);
#6610 = EDGE_LOOP('',(#6611,#6612,#6613,#6620));
#6611 = ORIENTED_EDGE('',*,*,#6314,.F.);
#6612 = ORIENTED_EDGE('',*,*,#6443,.F.);
#6613 = ORIENTED_EDGE('',*,*,#6614,.F.);
#6614 = EDGE_CURVE('',#6373,#6436,#6615,.T.);
#6615 = CIRCLE('',#6616,5.E-02);
#6616 = AXIS2_PLACEMENT_3D('',#6617,#6618,#6619);
#6617 = CARTESIAN_POINT('',(-0.75,-0.4,-0.355));
#6618 = DIRECTION('',(-1.,0.,-0.));
#6619 = DIRECTION('',(-0.,0.,1.));
#6620 = ORIENTED_EDGE('',*,*,#6372,.F.);
#6621 = CYLINDRICAL_SURFACE('',#6622,5.E-02);
#6622 = AXIS2_PLACEMENT_3D('',#6623,#6624,#6625);
#6623 = CARTESIAN_POINT('',(-0.8,-0.4,-0.355));
#6624 = DIRECTION('',(-1.,0.,-6.195440985631E-16));
#6625 = DIRECTION('',(-6.195440985631E-16,0.,1.));
#6626 = ADVANCED_FACE('',(#6627),#6638,.T.);
#6627 = FACE_BOUND('',#6628,.T.);
#6628 = EDGE_LOOP('',(#6629,#6630,#6631));
#6629 = ORIENTED_EDGE('',*,*,#6578,.T.);
#6630 = ORIENTED_EDGE('',*,*,#6560,.T.);
#6631 = ORIENTED_EDGE('',*,*,#6632,.F.);
#6632 = EDGE_CURVE('',#6227,#6381,#6633,.T.);
#6633 = CIRCLE('',#6634,5.E-02);
#6634 = AXIS2_PLACEMENT_3D('',#6635,#6636,#6637);
#6635 = CARTESIAN_POINT('',(-0.75,0.4,-0.355));
#6636 = DIRECTION('',(0.,-1.,0.));
#6637 = DIRECTION('',(0.,0.,1.));
#6638 = SPHERICAL_SURFACE('',#6639,5.E-02);
#6639 = AXIS2_PLACEMENT_3D('',#6640,#6641,#6642);
#6640 = CARTESIAN_POINT('',(-0.75,0.4,-0.355));
#6641 = DIRECTION('',(0.,1.,0.));
#6642 = DIRECTION('',(1.,0.,0.));
#6643 = ADVANCED_FACE('',(#6644),#6655,.T.);
#6644 = FACE_BOUND('',#6645,.T.);
#6645 = EDGE_LOOP('',(#6646,#6647,#6648));
#6646 = ORIENTED_EDGE('',*,*,#6614,.T.);
#6647 = ORIENTED_EDGE('',*,*,#6596,.T.);
#6648 = ORIENTED_EDGE('',*,*,#6649,.F.);
#6649 = EDGE_CURVE('',#6373,#6235,#6650,.T.);
#6650 = CIRCLE('',#6651,5.E-02);
#6651 = AXIS2_PLACEMENT_3D('',#6652,#6653,#6654);
#6652 = CARTESIAN_POINT('',(-0.75,-0.4,-0.355));
#6653 = DIRECTION('',(0.,1.,0.));
#6654 = DIRECTION('',(0.,0.,-1.));
#6655 = SPHERICAL_SURFACE('',#6656,5.E-02);
#6656 = AXIS2_PLACEMENT_3D('',#6657,#6658,#6659);
#6657 = CARTESIAN_POINT('',(-0.75,-0.4,-0.355));
#6658 = DIRECTION('',(0.,1.,0.));
#6659 = DIRECTION('',(1.,0.,0.));
#6660 = ADVANCED_FACE('',(#6661),#6667,.T.);
#6661 = FACE_BOUND('',#6662,.T.);
#6662 = EDGE_LOOP('',(#6663,#6664,#6665,#6666));
#6663 = ORIENTED_EDGE('',*,*,#6632,.T.);
#6664 = ORIENTED_EDGE('',*,*,#6380,.F.);
#6665 = ORIENTED_EDGE('',*,*,#6649,.T.);
#6666 = ORIENTED_EDGE('',*,*,#6234,.F.);
#6667 = CYLINDRICAL_SURFACE('',#6668,5.E-02);
#6668 = AXIS2_PLACEMENT_3D('',#6669,#6670,#6671);
#6669 = CARTESIAN_POINT('',(-0.75,0.45,-0.355));
#6670 = DIRECTION('',(0.,-1.,0.));
#6671 = DIRECTION('',(0.,0.,-1.));
#6672 = MANIFOLD_SOLID_BREP('',#6673);
#6673 = CLOSED_SHELL('',(#6674,#6714,#6754,#6821,#6852,#6883,#6914,#6932
    ,#6956,#6974,#6991,#7008,#7026,#7044,#7062,#7080,#7097,#7114));
#6674 = ADVANCED_FACE('',(#6675),#6709,.F.);
#6675 = FACE_BOUND('',#6676,.T.);
#6676 = EDGE_LOOP('',(#6677,#6687,#6695,#6703));
#6677 = ORIENTED_EDGE('',*,*,#6678,.F.);
#6678 = EDGE_CURVE('',#6679,#6681,#6683,.T.);
#6679 = VERTEX_POINT('',#6680);
#6680 = CARTESIAN_POINT('',(0.8,0.4,0.355));
#6681 = VERTEX_POINT('',#6682);
#6682 = CARTESIAN_POINT('',(0.8,0.4,-0.355));
#6683 = LINE('',#6684,#6685);
#6684 = CARTESIAN_POINT('',(0.8,0.4,-0.405));
#6685 = VECTOR('',#6686,1.);
#6686 = DIRECTION('',(1.338521200599E-16,-0.,-1.));
#6687 = ORIENTED_EDGE('',*,*,#6688,.F.);
#6688 = EDGE_CURVE('',#6689,#6679,#6691,.T.);
#6689 = VERTEX_POINT('',#6690);
#6690 = CARTESIAN_POINT('',(0.8,-0.4,0.355));
#6691 = LINE('',#6692,#6693);
#6692 = CARTESIAN_POINT('',(0.8,0.45,0.355));
#6693 = VECTOR('',#6694,1.);
#6694 = DIRECTION('',(-0.,1.,-0.));
#6695 = ORIENTED_EDGE('',*,*,#6696,.F.);
#6696 = EDGE_CURVE('',#6697,#6689,#6699,.T.);
#6697 = VERTEX_POINT('',#6698);
#6698 = CARTESIAN_POINT('',(0.8,-0.4,-0.355));
#6699 = LINE('',#6700,#6701);
#6700 = CARTESIAN_POINT('',(0.8,-0.4,-0.405));
#6701 = VECTOR('',#6702,1.);
#6702 = DIRECTION('',(-1.338521200599E-16,0.,1.));
#6703 = ORIENTED_EDGE('',*,*,#6704,.F.);
#6704 = EDGE_CURVE('',#6681,#6697,#6705,.T.);
#6705 = LINE('',#6706,#6707);
#6706 = CARTESIAN_POINT('',(0.8,0.45,-0.355));
#6707 = VECTOR('',#6708,1.);
#6708 = DIRECTION('',(0.,-1.,0.));
#6709 = PLANE('',#6710);
#6710 = AXIS2_PLACEMENT_3D('',#6711,#6712,#6713);
#6711 = CARTESIAN_POINT('',(0.8,0.45,-0.405));
#6712 = DIRECTION('',(-1.,0.,-1.338521200599E-16));
#6713 = DIRECTION('',(1.338521200599E-16,0.,-1.));
#6714 = ADVANCED_FACE('',(#6715),#6749,.F.);
#6715 = FACE_BOUND('',#6716,.T.);
#6716 = EDGE_LOOP('',(#6717,#6727,#6735,#6743));
#6717 = ORIENTED_EDGE('',*,*,#6718,.F.);
#6718 = EDGE_CURVE('',#6719,#6721,#6723,.T.);
#6719 = VERTEX_POINT('',#6720);
#6720 = CARTESIAN_POINT('',(0.75,0.4,0.405));
#6721 = VERTEX_POINT('',#6722);
#6722 = CARTESIAN_POINT('',(0.75,-0.4,0.405));
#6723 = LINE('',#6724,#6725);
#6724 = CARTESIAN_POINT('',(0.75,0.45,0.405));
#6725 = VECTOR('',#6726,1.);
#6726 = DIRECTION('',(0.,-1.,0.));
#6727 = ORIENTED_EDGE('',*,*,#6728,.F.);
#6728 = EDGE_CURVE('',#6729,#6719,#6731,.T.);
#6729 = VERTEX_POINT('',#6730);
#6730 = CARTESIAN_POINT('',(0.45,0.4,0.405));
#6731 = LINE('',#6732,#6733);
#6732 = CARTESIAN_POINT('',(0.8,0.4,0.405));
#6733 = VECTOR('',#6734,1.);
#6734 = DIRECTION('',(1.,-0.,-0.));
#6735 = ORIENTED_EDGE('',*,*,#6736,.T.);
#6736 = EDGE_CURVE('',#6729,#6737,#6739,.T.);
#6737 = VERTEX_POINT('',#6738);
#6738 = CARTESIAN_POINT('',(0.45,-0.4,0.405));
#6739 = LINE('',#6740,#6741);
#6740 = CARTESIAN_POINT('',(0.45,0.45,0.405));
#6741 = VECTOR('',#6742,1.);
#6742 = DIRECTION('',(0.,-1.,-0.));
#6743 = ORIENTED_EDGE('',*,*,#6744,.F.);
#6744 = EDGE_CURVE('',#6721,#6737,#6745,.T.);
#6745 = LINE('',#6746,#6747);
#6746 = CARTESIAN_POINT('',(0.8,-0.4,0.405));
#6747 = VECTOR('',#6748,1.);
#6748 = DIRECTION('',(-1.,0.,0.));
#6749 = PLANE('',#6750);
#6750 = AXIS2_PLACEMENT_3D('',#6751,#6752,#6753);
#6751 = CARTESIAN_POINT('',(0.8,0.45,0.405));
#6752 = DIRECTION('',(0.,0.,-1.));
#6753 = DIRECTION('',(1.,0.,0.));
#6754 = ADVANCED_FACE('',(#6755),#6816,.F.);
#6755 = FACE_BOUND('',#6756,.T.);
#6756 = EDGE_LOOP('',(#6757,#6767,#6774,#6775,#6784,#6792,#6801,#6809));
#6757 = ORIENTED_EDGE('',*,*,#6758,.F.);
#6758 = EDGE_CURVE('',#6759,#6761,#6763,.T.);
#6759 = VERTEX_POINT('',#6760);
#6760 = CARTESIAN_POINT('',(0.45,-0.45,0.355));
#6761 = VERTEX_POINT('',#6762);
#6762 = CARTESIAN_POINT('',(0.45,-0.45,-0.355));
#6763 = LINE('',#6764,#6765);
#6764 = CARTESIAN_POINT('',(0.45,-0.45,-0.405));
#6765 = VECTOR('',#6766,1.);
#6766 = DIRECTION('',(6.692606002997E-17,-0.,-1.));
#6767 = ORIENTED_EDGE('',*,*,#6768,.F.);
#6768 = EDGE_CURVE('',#6737,#6759,#6769,.T.);
#6769 = CIRCLE('',#6770,5.E-02);
#6770 = AXIS2_PLACEMENT_3D('',#6771,#6772,#6773);
#6771 = CARTESIAN_POINT('',(0.45,-0.4,0.355));
#6772 = DIRECTION('',(1.,0.,6.692606002997E-17));
#6773 = DIRECTION('',(-6.692606002997E-17,0.,1.));
#6774 = ORIENTED_EDGE('',*,*,#6736,.F.);
#6775 = ORIENTED_EDGE('',*,*,#6776,.F.);
#6776 = EDGE_CURVE('',#6777,#6729,#6779,.T.);
#6777 = VERTEX_POINT('',#6778);
#6778 = CARTESIAN_POINT('',(0.45,0.45,0.355));
#6779 = CIRCLE('',#6780,5.E-02);
#6780 = AXIS2_PLACEMENT_3D('',#6781,#6782,#6783);
#6781 = CARTESIAN_POINT('',(0.45,0.4,0.355));
#6782 = DIRECTION('',(1.,0.,6.692606002997E-17));
#6783 = DIRECTION('',(-6.692606002997E-17,0.,1.));
#6784 = ORIENTED_EDGE('',*,*,#6785,.T.);
#6785 = EDGE_CURVE('',#6777,#6786,#6788,.T.);
#6786 = VERTEX_POINT('',#6787);
#6787 = CARTESIAN_POINT('',(0.45,0.45,-0.355));
#6788 = LINE('',#6789,#6790);
#6789 = CARTESIAN_POINT('',(0.45,0.45,-0.405));
#6790 = VECTOR('',#6791,1.);
#6791 = DIRECTION('',(6.692606002997E-17,-0.,-1.));
#6792 = ORIENTED_EDGE('',*,*,#6793,.F.);
#6793 = EDGE_CURVE('',#6794,#6786,#6796,.T.);
#6794 = VERTEX_POINT('',#6795);
#6795 = CARTESIAN_POINT('',(0.45,0.4,-0.405));
#6796 = CIRCLE('',#6797,5.E-02);
#6797 = AXIS2_PLACEMENT_3D('',#6798,#6799,#6800);
#6798 = CARTESIAN_POINT('',(0.45,0.4,-0.355));
#6799 = DIRECTION('',(1.,0.,6.692606002997E-17));
#6800 = DIRECTION('',(-6.692606002997E-17,0.,1.));
#6801 = ORIENTED_EDGE('',*,*,#6802,.T.);
#6802 = EDGE_CURVE('',#6794,#6803,#6805,.T.);
#6803 = VERTEX_POINT('',#6804);
#6804 = CARTESIAN_POINT('',(0.45,-0.4,-0.405));
#6805 = LINE('',#6806,#6807);
#6806 = CARTESIAN_POINT('',(0.45,0.45,-0.405));
#6807 = VECTOR('',#6808,1.);
#6808 = DIRECTION('',(0.,-1.,-0.));
#6809 = ORIENTED_EDGE('',*,*,#6810,.F.);
#6810 = EDGE_CURVE('',#6761,#6803,#6811,.T.);
#6811 = CIRCLE('',#6812,5.E-02);
#6812 = AXIS2_PLACEMENT_3D('',#6813,#6814,#6815);
#6813 = CARTESIAN_POINT('',(0.45,-0.4,-0.355));
#6814 = DIRECTION('',(1.,0.,6.692606002997E-17));
#6815 = DIRECTION('',(-6.692606002997E-17,0.,1.));
#6816 = PLANE('',#6817);
#6817 = AXIS2_PLACEMENT_3D('',#6818,#6819,#6820);
#6818 = CARTESIAN_POINT('',(0.45,0.45,-0.405));
#6819 = DIRECTION('',(1.,0.,6.692606002997E-17));
#6820 = DIRECTION('',(-6.692606002997E-17,0.,1.));
#6821 = ADVANCED_FACE('',(#6822),#6847,.F.);
#6822 = FACE_BOUND('',#6823,.T.);
#6823 = EDGE_LOOP('',(#6824,#6825,#6833,#6841));
#6824 = ORIENTED_EDGE('',*,*,#6802,.F.);
#6825 = ORIENTED_EDGE('',*,*,#6826,.F.);
#6826 = EDGE_CURVE('',#6827,#6794,#6829,.T.);
#6827 = VERTEX_POINT('',#6828);
#6828 = CARTESIAN_POINT('',(0.75,0.4,-0.405));
#6829 = LINE('',#6830,#6831);
#6830 = CARTESIAN_POINT('',(0.45,0.4,-0.405));
#6831 = VECTOR('',#6832,1.);
#6832 = DIRECTION('',(-1.,-0.,6.195440985631E-16));
#6833 = ORIENTED_EDGE('',*,*,#6834,.F.);
#6834 = EDGE_CURVE('',#6835,#6827,#6837,.T.);
#6835 = VERTEX_POINT('',#6836);
#6836 = CARTESIAN_POINT('',(0.75,-0.4,-0.405));
#6837 = LINE('',#6838,#6839);
#6838 = CARTESIAN_POINT('',(0.75,0.45,-0.405));
#6839 = VECTOR('',#6840,1.);
#6840 = DIRECTION('',(-0.,1.,-0.));
#6841 = ORIENTED_EDGE('',*,*,#6842,.F.);
#6842 = EDGE_CURVE('',#6803,#6835,#6843,.T.);
#6843 = LINE('',#6844,#6845);
#6844 = CARTESIAN_POINT('',(0.8,-0.4,-0.405));
#6845 = VECTOR('',#6846,1.);
#6846 = DIRECTION('',(1.,0.,-6.195440985631E-16));
#6847 = PLANE('',#6848);
#6848 = AXIS2_PLACEMENT_3D('',#6849,#6850,#6851);
#6849 = CARTESIAN_POINT('',(0.8,0.45,-0.405));
#6850 = DIRECTION('',(6.195440985631E-16,0.,1.));
#6851 = DIRECTION('',(-1.,0.,6.195440985631E-16));
#6852 = ADVANCED_FACE('',(#6853),#6878,.T.);
#6853 = FACE_BOUND('',#6854,.T.);
#6854 = EDGE_LOOP('',(#6855,#6856,#6864,#6872));
#6855 = ORIENTED_EDGE('',*,*,#6785,.F.);
#6856 = ORIENTED_EDGE('',*,*,#6857,.F.);
#6857 = EDGE_CURVE('',#6858,#6777,#6860,.T.);
#6858 = VERTEX_POINT('',#6859);
#6859 = CARTESIAN_POINT('',(0.75,0.45,0.355));
#6860 = LINE('',#6861,#6862);
#6861 = CARTESIAN_POINT('',(0.45,0.45,0.355));
#6862 = VECTOR('',#6863,1.);
#6863 = DIRECTION('',(-1.,0.,0.));
#6864 = ORIENTED_EDGE('',*,*,#6865,.F.);
#6865 = EDGE_CURVE('',#6866,#6858,#6868,.T.);
#6866 = VERTEX_POINT('',#6867);
#6867 = CARTESIAN_POINT('',(0.75,0.45,-0.355));
#6868 = LINE('',#6869,#6870);
#6869 = CARTESIAN_POINT('',(0.75,0.45,0.405));
#6870 = VECTOR('',#6871,1.);
#6871 = DIRECTION('',(-1.338521200599E-16,0.,1.));
#6872 = ORIENTED_EDGE('',*,*,#6873,.F.);
#6873 = EDGE_CURVE('',#6786,#6866,#6874,.T.);
#6874 = LINE('',#6875,#6876);
#6875 = CARTESIAN_POINT('',(0.8,0.45,-0.355));
#6876 = VECTOR('',#6877,1.);
#6877 = DIRECTION('',(1.,0.,-6.195440985631E-16));
#6878 = PLANE('',#6879);
#6879 = AXIS2_PLACEMENT_3D('',#6880,#6881,#6882);
#6880 = CARTESIAN_POINT('',(0.,0.45,0.));
#6881 = DIRECTION('',(0.,1.,0.));
#6882 = DIRECTION('',(0.,-0.,1.));
#6883 = ADVANCED_FACE('',(#6884),#6909,.F.);
#6884 = FACE_BOUND('',#6885,.T.);
#6885 = EDGE_LOOP('',(#6886,#6896,#6902,#6903));
#6886 = ORIENTED_EDGE('',*,*,#6887,.F.);
#6887 = EDGE_CURVE('',#6888,#6890,#6892,.T.);
#6888 = VERTEX_POINT('',#6889);
#6889 = CARTESIAN_POINT('',(0.75,-0.45,0.355));
#6890 = VERTEX_POINT('',#6891);
#6891 = CARTESIAN_POINT('',(0.75,-0.45,-0.355));
#6892 = LINE('',#6893,#6894);
#6893 = CARTESIAN_POINT('',(0.75,-0.45,1.00389090045E-16));
#6894 = VECTOR('',#6895,1.);
#6895 = DIRECTION('',(1.338521200599E-16,-0.,-1.));
#6896 = ORIENTED_EDGE('',*,*,#6897,.F.);
#6897 = EDGE_CURVE('',#6759,#6888,#6898,.T.);
#6898 = LINE('',#6899,#6900);
#6899 = CARTESIAN_POINT('',(0.,-0.45,0.355));
#6900 = VECTOR('',#6901,1.);
#6901 = DIRECTION('',(1.,-0.,-0.));
#6902 = ORIENTED_EDGE('',*,*,#6758,.T.);
#6903 = ORIENTED_EDGE('',*,*,#6904,.F.);
#6904 = EDGE_CURVE('',#6890,#6761,#6905,.T.);
#6905 = LINE('',#6906,#6907);
#6906 = CARTESIAN_POINT('',(-2.199381549899E-16,-0.45,-0.355));
#6907 = VECTOR('',#6908,1.);
#6908 = DIRECTION('',(-1.,-0.,6.195440985631E-16));
#6909 = PLANE('',#6910);
#6910 = AXIS2_PLACEMENT_3D('',#6911,#6912,#6913);
#6911 = CARTESIAN_POINT('',(0.,-0.45,0.));
#6912 = DIRECTION('',(0.,1.,0.));
#6913 = DIRECTION('',(0.,-0.,1.));
#6914 = ADVANCED_FACE('',(#6915),#6927,.T.);
#6915 = FACE_BOUND('',#6916,.T.);
#6916 = EDGE_LOOP('',(#6917,#6918,#6919,#6926));
#6917 = ORIENTED_EDGE('',*,*,#6776,.T.);
#6918 = ORIENTED_EDGE('',*,*,#6728,.T.);
#6919 = ORIENTED_EDGE('',*,*,#6920,.T.);
#6920 = EDGE_CURVE('',#6719,#6858,#6921,.T.);
#6921 = CIRCLE('',#6922,5.E-02);
#6922 = AXIS2_PLACEMENT_3D('',#6923,#6924,#6925);
#6923 = CARTESIAN_POINT('',(0.75,0.4,0.355));
#6924 = DIRECTION('',(-1.,0.,-0.));
#6925 = DIRECTION('',(-0.,0.,1.));
#6926 = ORIENTED_EDGE('',*,*,#6857,.T.);
#6927 = CYLINDRICAL_SURFACE('',#6928,5.E-02);
#6928 = AXIS2_PLACEMENT_3D('',#6929,#6930,#6931);
#6929 = CARTESIAN_POINT('',(0.,0.4,0.355));
#6930 = DIRECTION('',(1.,0.,0.));
#6931 = DIRECTION('',(0.,0.,1.));
#6932 = ADVANCED_FACE('',(#6933),#6951,.T.);
#6933 = FACE_BOUND('',#6934,.T.);
#6934 = EDGE_LOOP('',(#6935,#6942,#6943,#6950));
#6935 = ORIENTED_EDGE('',*,*,#6936,.T.);
#6936 = EDGE_CURVE('',#6721,#6689,#6937,.T.);
#6937 = CIRCLE('',#6938,5.E-02);
#6938 = AXIS2_PLACEMENT_3D('',#6939,#6940,#6941);
#6939 = CARTESIAN_POINT('',(0.75,-0.4,0.355));
#6940 = DIRECTION('',(-0.,1.,0.));
#6941 = DIRECTION('',(0.,0.,-1.));
#6942 = ORIENTED_EDGE('',*,*,#6688,.T.);
#6943 = ORIENTED_EDGE('',*,*,#6944,.T.);
#6944 = EDGE_CURVE('',#6679,#6719,#6945,.T.);
#6945 = CIRCLE('',#6946,5.E-02);
#6946 = AXIS2_PLACEMENT_3D('',#6947,#6948,#6949);
#6947 = CARTESIAN_POINT('',(0.75,0.4,0.355));
#6948 = DIRECTION('',(0.,-1.,0.));
#6949 = DIRECTION('',(0.,0.,1.));
#6950 = ORIENTED_EDGE('',*,*,#6718,.T.);
#6951 = CYLINDRICAL_SURFACE('',#6952,5.E-02);
#6952 = AXIS2_PLACEMENT_3D('',#6953,#6954,#6955);
#6953 = CARTESIAN_POINT('',(0.75,0.45,0.355));
#6954 = DIRECTION('',(0.,-1.,0.));
#6955 = DIRECTION('',(0.,0.,-1.));
#6956 = ADVANCED_FACE('',(#6957),#6969,.T.);
#6957 = FACE_BOUND('',#6958,.T.);
#6958 = EDGE_LOOP('',(#6959,#6960,#6961,#6968));
#6959 = ORIENTED_EDGE('',*,*,#6768,.T.);
#6960 = ORIENTED_EDGE('',*,*,#6897,.T.);
#6961 = ORIENTED_EDGE('',*,*,#6962,.T.);
#6962 = EDGE_CURVE('',#6888,#6721,#6963,.T.);
#6963 = CIRCLE('',#6964,5.E-02);
#6964 = AXIS2_PLACEMENT_3D('',#6965,#6966,#6967);
#6965 = CARTESIAN_POINT('',(0.75,-0.4,0.355));
#6966 = DIRECTION('',(-1.,0.,-0.));
#6967 = DIRECTION('',(-0.,0.,1.));
#6968 = ORIENTED_EDGE('',*,*,#6744,.T.);
#6969 = CYLINDRICAL_SURFACE('',#6970,5.E-02);
#6970 = AXIS2_PLACEMENT_3D('',#6971,#6972,#6973);
#6971 = CARTESIAN_POINT('',(0.8,-0.4,0.355));
#6972 = DIRECTION('',(-1.,0.,0.));
#6973 = DIRECTION('',(0.,0.,-1.));
#6974 = ADVANCED_FACE('',(#6975),#6986,.T.);
#6975 = FACE_BOUND('',#6976,.T.);
#6976 = EDGE_LOOP('',(#6977,#6978,#6985));
#6977 = ORIENTED_EDGE('',*,*,#6944,.F.);
#6978 = ORIENTED_EDGE('',*,*,#6979,.T.);
#6979 = EDGE_CURVE('',#6679,#6858,#6980,.T.);
#6980 = CIRCLE('',#6981,5.E-02);
#6981 = AXIS2_PLACEMENT_3D('',#6982,#6983,#6984);
#6982 = CARTESIAN_POINT('',(0.75,0.4,0.355));
#6983 = DIRECTION('',(0.,0.,1.));
#6984 = DIRECTION('',(-1.,0.,0.));
#6985 = ORIENTED_EDGE('',*,*,#6920,.F.);
#6986 = SPHERICAL_SURFACE('',#6987,5.E-02);
#6987 = AXIS2_PLACEMENT_3D('',#6988,#6989,#6990);
#6988 = CARTESIAN_POINT('',(0.75,0.4,0.355));
#6989 = DIRECTION('',(0.,-1.,0.));
#6990 = DIRECTION('',(-1.,0.,0.));
#6991 = ADVANCED_FACE('',(#6992),#7003,.T.);
#6992 = FACE_BOUND('',#6993,.T.);
#6993 = EDGE_LOOP('',(#6994,#6995,#7002));
#6994 = ORIENTED_EDGE('',*,*,#6962,.F.);
#6995 = ORIENTED_EDGE('',*,*,#6996,.T.);
#6996 = EDGE_CURVE('',#6888,#6689,#6997,.T.);
#6997 = CIRCLE('',#6998,5.E-02);
#6998 = AXIS2_PLACEMENT_3D('',#6999,#7000,#7001);
#6999 = CARTESIAN_POINT('',(0.75,-0.4,0.355));
#7000 = DIRECTION('',(0.,0.,1.));
#7001 = DIRECTION('',(-1.,0.,0.));
#7002 = ORIENTED_EDGE('',*,*,#6936,.F.);
#7003 = SPHERICAL_SURFACE('',#7004,5.E-02);
#7004 = AXIS2_PLACEMENT_3D('',#7005,#7006,#7007);
#7005 = CARTESIAN_POINT('',(0.75,-0.4,0.355));
#7006 = DIRECTION('',(0.,-1.,0.));
#7007 = DIRECTION('',(-1.,0.,0.));
#7008 = ADVANCED_FACE('',(#7009),#7021,.T.);
#7009 = FACE_BOUND('',#7010,.T.);
#7010 = EDGE_LOOP('',(#7011,#7012,#7013,#7020));
#7011 = ORIENTED_EDGE('',*,*,#6793,.T.);
#7012 = ORIENTED_EDGE('',*,*,#6873,.T.);
#7013 = ORIENTED_EDGE('',*,*,#7014,.T.);
#7014 = EDGE_CURVE('',#6866,#6827,#7015,.T.);
#7015 = CIRCLE('',#7016,5.E-02);
#7016 = AXIS2_PLACEMENT_3D('',#7017,#7018,#7019);
#7017 = CARTESIAN_POINT('',(0.75,0.4,-0.355));
#7018 = DIRECTION('',(-1.,0.,-0.));
#7019 = DIRECTION('',(-0.,0.,1.));
#7020 = ORIENTED_EDGE('',*,*,#6826,.T.);
#7021 = CYLINDRICAL_SURFACE('',#7022,5.E-02);
#7022 = AXIS2_PLACEMENT_3D('',#7023,#7024,#7025);
#7023 = CARTESIAN_POINT('',(-2.199381549899E-16,0.4,-0.355));
#7024 = DIRECTION('',(-1.,0.,6.195440985631E-16));
#7025 = DIRECTION('',(-6.195440985631E-16,0.,-1.));
#7026 = ADVANCED_FACE('',(#7027),#7039,.T.);
#7027 = FACE_BOUND('',#7028,.T.);
#7028 = EDGE_LOOP('',(#7029,#7030,#7031,#7038));
#7029 = ORIENTED_EDGE('',*,*,#6979,.F.);
#7030 = ORIENTED_EDGE('',*,*,#6678,.T.);
#7031 = ORIENTED_EDGE('',*,*,#7032,.T.);
#7032 = EDGE_CURVE('',#6681,#6866,#7033,.T.);
#7033 = CIRCLE('',#7034,5.E-02);
#7034 = AXIS2_PLACEMENT_3D('',#7035,#7036,#7037);
#7035 = CARTESIAN_POINT('',(0.75,0.4,-0.355));
#7036 = DIRECTION('',(0.,-0.,1.));
#7037 = DIRECTION('',(1.,0.,0.));
#7038 = ORIENTED_EDGE('',*,*,#6865,.T.);
#7039 = CYLINDRICAL_SURFACE('',#7040,5.E-02);
#7040 = AXIS2_PLACEMENT_3D('',#7041,#7042,#7043);
#7041 = CARTESIAN_POINT('',(0.75,0.4,1.00389090045E-16));
#7042 = DIRECTION('',(1.338521200599E-16,0.,-1.));
#7043 = DIRECTION('',(1.,0.,1.338521200599E-16));
#7044 = ADVANCED_FACE('',(#7045),#7057,.T.);
#7045 = FACE_BOUND('',#7046,.T.);
#7046 = EDGE_LOOP('',(#7047,#7048,#7049,#7056));
#7047 = ORIENTED_EDGE('',*,*,#6996,.F.);
#7048 = ORIENTED_EDGE('',*,*,#6887,.T.);
#7049 = ORIENTED_EDGE('',*,*,#7050,.T.);
#7050 = EDGE_CURVE('',#6890,#6697,#7051,.T.);
#7051 = CIRCLE('',#7052,5.E-02);
#7052 = AXIS2_PLACEMENT_3D('',#7053,#7054,#7055);
#7053 = CARTESIAN_POINT('',(0.75,-0.4,-0.355));
#7054 = DIRECTION('',(-0.,0.,1.));
#7055 = DIRECTION('',(1.,0.,0.));
#7056 = ORIENTED_EDGE('',*,*,#6696,.T.);
#7057 = CYLINDRICAL_SURFACE('',#7058,5.E-02);
#7058 = AXIS2_PLACEMENT_3D('',#7059,#7060,#7061);
#7059 = CARTESIAN_POINT('',(0.75,-0.4,-0.405));
#7060 = DIRECTION('',(-1.338521200599E-16,0.,1.));
#7061 = DIRECTION('',(-1.,0.,-1.338521200599E-16));
#7062 = ADVANCED_FACE('',(#7063),#7075,.T.);
#7063 = FACE_BOUND('',#7064,.T.);
#7064 = EDGE_LOOP('',(#7065,#7066,#7067,#7074));
#7065 = ORIENTED_EDGE('',*,*,#6810,.T.);
#7066 = ORIENTED_EDGE('',*,*,#6842,.T.);
#7067 = ORIENTED_EDGE('',*,*,#7068,.T.);
#7068 = EDGE_CURVE('',#6835,#6890,#7069,.T.);
#7069 = CIRCLE('',#7070,5.E-02);
#7070 = AXIS2_PLACEMENT_3D('',#7071,#7072,#7073);
#7071 = CARTESIAN_POINT('',(0.75,-0.4,-0.355));
#7072 = DIRECTION('',(-1.,0.,0.));
#7073 = DIRECTION('',(0.,0.,1.));
#7074 = ORIENTED_EDGE('',*,*,#6904,.T.);
#7075 = CYLINDRICAL_SURFACE('',#7076,5.E-02);
#7076 = AXIS2_PLACEMENT_3D('',#7077,#7078,#7079);
#7077 = CARTESIAN_POINT('',(0.8,-0.4,-0.355));
#7078 = DIRECTION('',(1.,0.,-6.195440985631E-16));
#7079 = DIRECTION('',(6.195440985631E-16,0.,1.));
#7080 = ADVANCED_FACE('',(#7081),#7092,.T.);
#7081 = FACE_BOUND('',#7082,.T.);
#7082 = EDGE_LOOP('',(#7083,#7084,#7091));
#7083 = ORIENTED_EDGE('',*,*,#7032,.F.);
#7084 = ORIENTED_EDGE('',*,*,#7085,.T.);
#7085 = EDGE_CURVE('',#6681,#6827,#7086,.T.);
#7086 = CIRCLE('',#7087,5.E-02);
#7087 = AXIS2_PLACEMENT_3D('',#7088,#7089,#7090);
#7088 = CARTESIAN_POINT('',(0.75,0.4,-0.355));
#7089 = DIRECTION('',(0.,1.,0.));
#7090 = DIRECTION('',(0.,-0.,1.));
#7091 = ORIENTED_EDGE('',*,*,#7014,.F.);
#7092 = SPHERICAL_SURFACE('',#7093,5.E-02);
#7093 = AXIS2_PLACEMENT_3D('',#7094,#7095,#7096);
#7094 = CARTESIAN_POINT('',(0.75,0.4,-0.355));
#7095 = DIRECTION('',(0.,-1.,0.));
#7096 = DIRECTION('',(-1.,0.,0.));
#7097 = ADVANCED_FACE('',(#7098),#7109,.T.);
#7098 = FACE_BOUND('',#7099,.T.);
#7099 = EDGE_LOOP('',(#7100,#7101,#7108));
#7100 = ORIENTED_EDGE('',*,*,#7068,.F.);
#7101 = ORIENTED_EDGE('',*,*,#7102,.T.);
#7102 = EDGE_CURVE('',#6835,#6697,#7103,.T.);
#7103 = CIRCLE('',#7104,5.E-02);
#7104 = AXIS2_PLACEMENT_3D('',#7105,#7106,#7107);
#7105 = CARTESIAN_POINT('',(0.75,-0.4,-0.355));
#7106 = DIRECTION('',(0.,-1.,0.));
#7107 = DIRECTION('',(0.,0.,-1.));
#7108 = ORIENTED_EDGE('',*,*,#7050,.F.);
#7109 = SPHERICAL_SURFACE('',#7110,5.E-02);
#7110 = AXIS2_PLACEMENT_3D('',#7111,#7112,#7113);
#7111 = CARTESIAN_POINT('',(0.75,-0.4,-0.355));
#7112 = DIRECTION('',(0.,-1.,0.));
#7113 = DIRECTION('',(-1.,0.,0.));
#7114 = ADVANCED_FACE('',(#7115),#7121,.T.);
#7115 = FACE_BOUND('',#7116,.T.);
#7116 = EDGE_LOOP('',(#7117,#7118,#7119,#7120));
#7117 = ORIENTED_EDGE('',*,*,#7085,.F.);
#7118 = ORIENTED_EDGE('',*,*,#6704,.T.);
#7119 = ORIENTED_EDGE('',*,*,#7102,.F.);
#7120 = ORIENTED_EDGE('',*,*,#6834,.T.);
#7121 = CYLINDRICAL_SURFACE('',#7122,5.E-02);
#7122 = AXIS2_PLACEMENT_3D('',#7123,#7124,#7125);
#7123 = CARTESIAN_POINT('',(0.75,0.45,-0.355));
#7124 = DIRECTION('',(0.,-1.,0.));
#7125 = DIRECTION('',(0.,0.,-1.));
#7126 = MANIFOLD_SOLID_BREP('',#7127);
#7127 = CLOSED_SHELL('',(#7128,#7204,#7280,#7302,#7319,#7336,#7353,#7370
    ,#7387,#7404));
#7128 = ADVANCED_FACE('',(#7129),#7199,.T.);
#7129 = FACE_BOUND('',#7130,.T.);
#7130 = EDGE_LOOP('',(#7131,#7142,#7150,#7159,#7167,#7176,#7184,#7193));
#7131 = ORIENTED_EDGE('',*,*,#7132,.T.);
#7132 = EDGE_CURVE('',#7133,#7135,#7137,.T.);
#7133 = VERTEX_POINT('',#7134);
#7134 = CARTESIAN_POINT('',(0.450000000001,0.4,-0.38));
#7135 = VERTEX_POINT('',#7136);
#7136 = CARTESIAN_POINT('',(0.450000000001,0.425,-0.355));
#7137 = CIRCLE('',#7138,2.5E-02);
#7138 = AXIS2_PLACEMENT_3D('',#7139,#7140,#7141);
#7139 = CARTESIAN_POINT('',(0.450000000001,0.4,-0.355));
#7140 = DIRECTION('',(1.,0.,6.692606002997E-17));
#7141 = DIRECTION('',(6.692606002997E-17,0.,-1.));
#7142 = ORIENTED_EDGE('',*,*,#7143,.T.);
#7143 = EDGE_CURVE('',#7135,#7144,#7146,.T.);
#7144 = VERTEX_POINT('',#7145);
#7145 = CARTESIAN_POINT('',(0.450000000001,0.425,0.355));
#7146 = LINE('',#7147,#7148);
#7147 = CARTESIAN_POINT('',(0.450000000001,0.425,-0.355000000077));
#7148 = VECTOR('',#7149,1.);
#7149 = DIRECTION('',(-6.692606002997E-17,0.,1.));
#7150 = ORIENTED_EDGE('',*,*,#7151,.T.);
#7151 = EDGE_CURVE('',#7144,#7152,#7154,.T.);
#7152 = VERTEX_POINT('',#7153);
#7153 = CARTESIAN_POINT('',(0.450000000001,0.4,0.38));
#7154 = CIRCLE('',#7155,2.5E-02);
#7155 = AXIS2_PLACEMENT_3D('',#7156,#7157,#7158);
#7156 = CARTESIAN_POINT('',(0.450000000001,0.4,0.355));
#7157 = DIRECTION('',(1.,0.,6.692606002997E-17));
#7158 = DIRECTION('',(6.692606002997E-17,0.,-1.));
#7159 = ORIENTED_EDGE('',*,*,#7160,.T.);
#7160 = EDGE_CURVE('',#7152,#7161,#7163,.T.);
#7161 = VERTEX_POINT('',#7162);
#7162 = CARTESIAN_POINT('',(0.450000000001,-0.4,0.38));
#7163 = LINE('',#7164,#7165);
#7164 = CARTESIAN_POINT('',(0.450000000001,0.4,0.38));
#7165 = VECTOR('',#7166,1.);
#7166 = DIRECTION('',(0.,-1.,0.));
#7167 = ORIENTED_EDGE('',*,*,#7168,.T.);
#7168 = EDGE_CURVE('',#7161,#7169,#7171,.T.);
#7169 = VERTEX_POINT('',#7170);
#7170 = CARTESIAN_POINT('',(0.450000000001,-0.425,0.355));
#7171 = CIRCLE('',#7172,2.5E-02);
#7172 = AXIS2_PLACEMENT_3D('',#7173,#7174,#7175);
#7173 = CARTESIAN_POINT('',(0.450000000001,-0.4,0.355));
#7174 = DIRECTION('',(1.,0.,6.692606002997E-17));
#7175 = DIRECTION('',(6.692606002997E-17,0.,-1.));
#7176 = ORIENTED_EDGE('',*,*,#7177,.T.);
#7177 = EDGE_CURVE('',#7169,#7178,#7180,.T.);
#7178 = VERTEX_POINT('',#7179);
#7179 = CARTESIAN_POINT('',(0.450000000001,-0.425,-0.355));
#7180 = LINE('',#7181,#7182);
#7181 = CARTESIAN_POINT('',(0.450000000001,-0.425,0.354999999923));
#7182 = VECTOR('',#7183,1.);
#7183 = DIRECTION('',(6.692606002997E-17,0.,-1.));
#7184 = ORIENTED_EDGE('',*,*,#7185,.T.);
#7185 = EDGE_CURVE('',#7178,#7186,#7188,.T.);
#7186 = VERTEX_POINT('',#7187);
#7187 = CARTESIAN_POINT('',(0.450000000001,-0.4,-0.38));
#7188 = CIRCLE('',#7189,2.5E-02);
#7189 = AXIS2_PLACEMENT_3D('',#7190,#7191,#7192);
#7190 = CARTESIAN_POINT('',(0.450000000001,-0.4,-0.355));
#7191 = DIRECTION('',(1.,0.,6.692606002997E-17));
#7192 = DIRECTION('',(6.692606002997E-17,0.,-1.));
#7193 = ORIENTED_EDGE('',*,*,#7194,.T.);
#7194 = EDGE_CURVE('',#7186,#7133,#7195,.T.);
#7195 = LINE('',#7196,#7197);
#7196 = CARTESIAN_POINT('',(0.450000000001,-0.4,-0.38));
#7197 = VECTOR('',#7198,1.);
#7198 = DIRECTION('',(-0.,1.,0.));
#7199 = PLANE('',#7200);
#7200 = AXIS2_PLACEMENT_3D('',#7201,#7202,#7203);
#7201 = CARTESIAN_POINT('',(0.45,0.45,-0.405));
#7202 = DIRECTION('',(1.,0.,6.692606002997E-17));
#7203 = DIRECTION('',(-6.692606002997E-17,0.,1.));
#7204 = ADVANCED_FACE('',(#7205),#7275,.F.);
#7205 = FACE_BOUND('',#7206,.T.);
#7206 = EDGE_LOOP('',(#7207,#7218,#7226,#7235,#7243,#7252,#7260,#7269));
#7207 = ORIENTED_EDGE('',*,*,#7208,.F.);
#7208 = EDGE_CURVE('',#7209,#7211,#7213,.T.);
#7209 = VERTEX_POINT('',#7210);
#7210 = CARTESIAN_POINT('',(-0.45,0.4,-0.38));
#7211 = VERTEX_POINT('',#7212);
#7212 = CARTESIAN_POINT('',(-0.45,0.425,-0.355));
#7213 = CIRCLE('',#7214,2.5E-02);
#7214 = AXIS2_PLACEMENT_3D('',#7215,#7216,#7217);
#7215 = CARTESIAN_POINT('',(-0.45,0.4,-0.355));
#7216 = DIRECTION('',(1.,0.,-8.673617379884E-17));
#7217 = DIRECTION('',(-8.673617379884E-17,-0.,-1.));
#7218 = ORIENTED_EDGE('',*,*,#7219,.F.);
#7219 = EDGE_CURVE('',#7220,#7209,#7222,.T.);
#7220 = VERTEX_POINT('',#7221);
#7221 = CARTESIAN_POINT('',(-0.45,-0.4,-0.38));
#7222 = LINE('',#7223,#7224);
#7223 = CARTESIAN_POINT('',(-0.45,-0.4,-0.38));
#7224 = VECTOR('',#7225,1.);
#7225 = DIRECTION('',(0.,1.,0.));
#7226 = ORIENTED_EDGE('',*,*,#7227,.F.);
#7227 = EDGE_CURVE('',#7228,#7220,#7230,.T.);
#7228 = VERTEX_POINT('',#7229);
#7229 = CARTESIAN_POINT('',(-0.45,-0.425,-0.355));
#7230 = CIRCLE('',#7231,2.5E-02);
#7231 = AXIS2_PLACEMENT_3D('',#7232,#7233,#7234);
#7232 = CARTESIAN_POINT('',(-0.45,-0.4,-0.355));
#7233 = DIRECTION('',(1.,0.,-8.673617379884E-17));
#7234 = DIRECTION('',(-8.673617379884E-17,-0.,-1.));
#7235 = ORIENTED_EDGE('',*,*,#7236,.F.);
#7236 = EDGE_CURVE('',#7237,#7228,#7239,.T.);
#7237 = VERTEX_POINT('',#7238);
#7238 = CARTESIAN_POINT('',(-0.45,-0.425,0.355));
#7239 = LINE('',#7240,#7241);
#7240 = CARTESIAN_POINT('',(-0.45,-0.425,0.355));
#7241 = VECTOR('',#7242,1.);
#7242 = DIRECTION('',(-1.52704531336E-16,0.,-1.));
#7243 = ORIENTED_EDGE('',*,*,#7244,.F.);
#7244 = EDGE_CURVE('',#7245,#7237,#7247,.T.);
#7245 = VERTEX_POINT('',#7246);
#7246 = CARTESIAN_POINT('',(-0.45,-0.4,0.38));
#7247 = CIRCLE('',#7248,2.5E-02);
#7248 = AXIS2_PLACEMENT_3D('',#7249,#7250,#7251);
#7249 = CARTESIAN_POINT('',(-0.45,-0.4,0.355));
#7250 = DIRECTION('',(1.,0.,-8.673617379884E-17));
#7251 = DIRECTION('',(-8.673617379884E-17,-0.,-1.));
#7252 = ORIENTED_EDGE('',*,*,#7253,.F.);
#7253 = EDGE_CURVE('',#7254,#7245,#7256,.T.);
#7254 = VERTEX_POINT('',#7255);
#7255 = CARTESIAN_POINT('',(-0.45,0.4,0.38));
#7256 = LINE('',#7257,#7258);
#7257 = CARTESIAN_POINT('',(-0.45,0.4,0.38));
#7258 = VECTOR('',#7259,1.);
#7259 = DIRECTION('',(0.,-1.,0.));
#7260 = ORIENTED_EDGE('',*,*,#7261,.F.);
#7261 = EDGE_CURVE('',#7262,#7254,#7264,.T.);
#7262 = VERTEX_POINT('',#7263);
#7263 = CARTESIAN_POINT('',(-0.45,0.425,0.355));
#7264 = CIRCLE('',#7265,2.5E-02);
#7265 = AXIS2_PLACEMENT_3D('',#7266,#7267,#7268);
#7266 = CARTESIAN_POINT('',(-0.45,0.4,0.355));
#7267 = DIRECTION('',(1.,0.,-8.673617379884E-17));
#7268 = DIRECTION('',(-8.673617379884E-17,-0.,-1.));
#7269 = ORIENTED_EDGE('',*,*,#7270,.F.);
#7270 = EDGE_CURVE('',#7211,#7262,#7271,.T.);
#7271 = LINE('',#7272,#7273);
#7272 = CARTESIAN_POINT('',(-0.45,0.425,-0.355));
#7273 = VECTOR('',#7274,1.);
#7274 = DIRECTION('',(1.52704531336E-16,0.,1.));
#7275 = PLANE('',#7276);
#7276 = AXIS2_PLACEMENT_3D('',#7277,#7278,#7279);
#7277 = CARTESIAN_POINT('',(-0.45,0.4,-0.355));
#7278 = DIRECTION('',(1.,0.,-8.673617379884E-17));
#7279 = DIRECTION('',(-8.673617379884E-17,0.,-1.));
#7280 = ADVANCED_FACE('',(#7281),#7297,.F.);
#7281 = FACE_BOUND('',#7282,.T.);
#7282 = EDGE_LOOP('',(#7283,#7284,#7290,#7291));
#7283 = ORIENTED_EDGE('',*,*,#7194,.F.);
#7284 = ORIENTED_EDGE('',*,*,#7285,.T.);
#7285 = EDGE_CURVE('',#7186,#7220,#7286,.T.);
#7286 = LINE('',#7287,#7288);
#7287 = CARTESIAN_POINT('',(5.E+05,-0.4,-0.380000000043));
#7288 = VECTOR('',#7289,1.);
#7289 = DIRECTION('',(-1.,-0.,8.673617379884E-17));
#7290 = ORIENTED_EDGE('',*,*,#7219,.T.);
#7291 = ORIENTED_EDGE('',*,*,#7292,.F.);
#7292 = EDGE_CURVE('',#7133,#7209,#7293,.T.);
#7293 = LINE('',#7294,#7295);
#7294 = CARTESIAN_POINT('',(5.E+05,0.4,-0.380000000043));
#7295 = VECTOR('',#7296,1.);
#7296 = DIRECTION('',(-1.,-0.,8.673617379884E-17));
#7297 = PLANE('',#7298);
#7298 = AXIS2_PLACEMENT_3D('',#7299,#7300,#7301);
#7299 = CARTESIAN_POINT('',(5.E+05,-0.4,-0.380000000043));
#7300 = DIRECTION('',(8.673617379884E-17,-0.,1.));
#7301 = DIRECTION('',(1.,0.,-8.673617379884E-17));
#7302 = ADVANCED_FACE('',(#7303),#7314,.T.);
#7303 = FACE_BOUND('',#7304,.T.);
#7304 = EDGE_LOOP('',(#7305,#7306,#7312,#7313));
#7305 = ORIENTED_EDGE('',*,*,#7185,.F.);
#7306 = ORIENTED_EDGE('',*,*,#7307,.T.);
#7307 = EDGE_CURVE('',#7178,#7228,#7308,.T.);
#7308 = LINE('',#7309,#7310);
#7309 = CARTESIAN_POINT('',(5.E+05,-0.425,-0.355000000043));
#7310 = VECTOR('',#7311,1.);
#7311 = DIRECTION('',(-1.,-0.,8.673617379884E-17));
#7312 = ORIENTED_EDGE('',*,*,#7227,.T.);
#7313 = ORIENTED_EDGE('',*,*,#7285,.F.);
#7314 = CYLINDRICAL_SURFACE('',#7315,2.5E-02);
#7315 = AXIS2_PLACEMENT_3D('',#7316,#7317,#7318);
#7316 = CARTESIAN_POINT('',(5.E+05,-0.4,-0.355000000043));
#7317 = DIRECTION('',(-1.,-0.,8.673617379884E-17));
#7318 = DIRECTION('',(8.673617379884E-17,0.,1.));
#7319 = ADVANCED_FACE('',(#7320),#7331,.F.);
#7320 = FACE_BOUND('',#7321,.T.);
#7321 = EDGE_LOOP('',(#7322,#7323,#7329,#7330));
#7322 = ORIENTED_EDGE('',*,*,#7177,.F.);
#7323 = ORIENTED_EDGE('',*,*,#7324,.T.);
#7324 = EDGE_CURVE('',#7169,#7237,#7325,.T.);
#7325 = LINE('',#7326,#7327);
#7326 = CARTESIAN_POINT('',(5.E+05,-0.425,0.354999999957));
#7327 = VECTOR('',#7328,1.);
#7328 = DIRECTION('',(-1.,-0.,8.673617379884E-17));
#7329 = ORIENTED_EDGE('',*,*,#7236,.T.);
#7330 = ORIENTED_EDGE('',*,*,#7307,.F.);
#7331 = PLANE('',#7332);
#7332 = AXIS2_PLACEMENT_3D('',#7333,#7334,#7335);
#7333 = CARTESIAN_POINT('',(5.E+05,-0.425,0.354999999957));
#7334 = DIRECTION('',(0.,1.,0.));
#7335 = DIRECTION('',(0.,-0.,1.));
#7336 = ADVANCED_FACE('',(#7337),#7348,.T.);
#7337 = FACE_BOUND('',#7338,.T.);
#7338 = EDGE_LOOP('',(#7339,#7340,#7346,#7347));
#7339 = ORIENTED_EDGE('',*,*,#7168,.F.);
#7340 = ORIENTED_EDGE('',*,*,#7341,.T.);
#7341 = EDGE_CURVE('',#7161,#7245,#7342,.T.);
#7342 = LINE('',#7343,#7344);
#7343 = CARTESIAN_POINT('',(5.E+05,-0.4,0.379999999957));
#7344 = VECTOR('',#7345,1.);
#7345 = DIRECTION('',(-1.,-0.,8.673617379884E-17));
#7346 = ORIENTED_EDGE('',*,*,#7244,.T.);
#7347 = ORIENTED_EDGE('',*,*,#7324,.F.);
#7348 = CYLINDRICAL_SURFACE('',#7349,2.5E-02);
#7349 = AXIS2_PLACEMENT_3D('',#7350,#7351,#7352);
#7350 = CARTESIAN_POINT('',(5.E+05,-0.4,0.354999999957));
#7351 = DIRECTION('',(-1.,-0.,8.673617379884E-17));
#7352 = DIRECTION('',(8.673617379884E-17,0.,1.));
#7353 = ADVANCED_FACE('',(#7354),#7365,.F.);
#7354 = FACE_BOUND('',#7355,.T.);
#7355 = EDGE_LOOP('',(#7356,#7357,#7363,#7364));
#7356 = ORIENTED_EDGE('',*,*,#7160,.F.);
#7357 = ORIENTED_EDGE('',*,*,#7358,.T.);
#7358 = EDGE_CURVE('',#7152,#7254,#7359,.T.);
#7359 = LINE('',#7360,#7361);
#7360 = CARTESIAN_POINT('',(5.E+05,0.4,0.379999999957));
#7361 = VECTOR('',#7362,1.);
#7362 = DIRECTION('',(-1.,-0.,8.673617379884E-17));
#7363 = ORIENTED_EDGE('',*,*,#7253,.T.);
#7364 = ORIENTED_EDGE('',*,*,#7341,.F.);
#7365 = PLANE('',#7366);
#7366 = AXIS2_PLACEMENT_3D('',#7367,#7368,#7369);
#7367 = CARTESIAN_POINT('',(5.E+05,0.4,0.379999999957));
#7368 = DIRECTION('',(-8.673617379884E-17,0.,-1.));
#7369 = DIRECTION('',(-1.,0.,8.673617379884E-17));
#7370 = ADVANCED_FACE('',(#7371),#7382,.T.);
#7371 = FACE_BOUND('',#7372,.T.);
#7372 = EDGE_LOOP('',(#7373,#7374,#7380,#7381));
#7373 = ORIENTED_EDGE('',*,*,#7151,.F.);
#7374 = ORIENTED_EDGE('',*,*,#7375,.T.);
#7375 = EDGE_CURVE('',#7144,#7262,#7376,.T.);
#7376 = LINE('',#7377,#7378);
#7377 = CARTESIAN_POINT('',(5.E+05,0.425,0.354999999957));
#7378 = VECTOR('',#7379,1.);
#7379 = DIRECTION('',(-1.,-0.,8.673617379884E-17));
#7380 = ORIENTED_EDGE('',*,*,#7261,.T.);
#7381 = ORIENTED_EDGE('',*,*,#7358,.F.);
#7382 = CYLINDRICAL_SURFACE('',#7383,2.5E-02);
#7383 = AXIS2_PLACEMENT_3D('',#7384,#7385,#7386);
#7384 = CARTESIAN_POINT('',(5.E+05,0.4,0.354999999957));
#7385 = DIRECTION('',(-1.,-0.,8.673617379884E-17));
#7386 = DIRECTION('',(8.673617379884E-17,0.,1.));
#7387 = ADVANCED_FACE('',(#7388),#7399,.F.);
#7388 = FACE_BOUND('',#7389,.T.);
#7389 = EDGE_LOOP('',(#7390,#7391,#7397,#7398));
#7390 = ORIENTED_EDGE('',*,*,#7143,.F.);
#7391 = ORIENTED_EDGE('',*,*,#7392,.T.);
#7392 = EDGE_CURVE('',#7135,#7211,#7393,.T.);
#7393 = LINE('',#7394,#7395);
#7394 = CARTESIAN_POINT('',(5.E+05,0.425,-0.355000000043));
#7395 = VECTOR('',#7396,1.);
#7396 = DIRECTION('',(-1.,-0.,8.673617379884E-17));
#7397 = ORIENTED_EDGE('',*,*,#7270,.T.);
#7398 = ORIENTED_EDGE('',*,*,#7375,.F.);
#7399 = PLANE('',#7400);
#7400 = AXIS2_PLACEMENT_3D('',#7401,#7402,#7403);
#7401 = CARTESIAN_POINT('',(5.E+05,0.425,-0.355000000043));
#7402 = DIRECTION('',(0.,-1.,0.));
#7403 = DIRECTION('',(0.,-0.,-1.));
#7404 = ADVANCED_FACE('',(#7405),#7411,.T.);
#7405 = FACE_BOUND('',#7406,.T.);
#7406 = EDGE_LOOP('',(#7407,#7408,#7409,#7410));
#7407 = ORIENTED_EDGE('',*,*,#7132,.F.);
#7408 = ORIENTED_EDGE('',*,*,#7292,.T.);
#7409 = ORIENTED_EDGE('',*,*,#7208,.T.);
#7410 = ORIENTED_EDGE('',*,*,#7392,.F.);
#7411 = CYLINDRICAL_SURFACE('',#7412,2.5E-02);
#7412 = AXIS2_PLACEMENT_3D('',#7413,#7414,#7415);
#7413 = CARTESIAN_POINT('',(5.E+05,0.4,-0.355000000043));
#7414 = DIRECTION('',(-1.,-0.,8.673617379884E-17));
#7415 = DIRECTION('',(8.673617379884E-17,0.,1.));
#7416 = ( GEOMETRIC_REPRESENTATION_CONTEXT(3) 
GLOBAL_UNCERTAINTY_ASSIGNED_CONTEXT((#7420)) 
GLOBAL_UNIT_ASSIGNED_CONTEXT((#7417,#7418,#7419)) REPRESENTATION_CONTEXT
('Context #1','3D Context with UNIT and UNCERTAINTY') );
#7417 = ( LENGTH_UNIT() NAMED_UNIT(*) SI_UNIT(.MILLI.,.METRE.) );
#7418 = ( NAMED_UNIT(*) PLANE_ANGLE_UNIT() SI_UNIT($,.RADIAN.) );
#7419 = ( NAMED_UNIT(*) SI_UNIT($,.STERADIAN.) SOLID_ANGLE_UNIT() );
#7420 = UNCERTAINTY_MEASURE_WITH_UNIT(LENGTH_MEASURE(1.E-07),#7417,
  'distance_accuracy_value','confusion accuracy');
#7421 = CONTEXT_DEPENDENT_SHAPE_REPRESENTATION(#7422,#7424);
#7422 = ( REPRESENTATION_RELATIONSHIP('','',#6217,#6194) 
REPRESENTATION_RELATIONSHIP_WITH_TRANSFORMATION(#7423) 
SHAPE_REPRESENTATION_RELATIONSHIP() );
#7423 = ITEM_DEFINED_TRANSFORMATION('','',#11,#6195);
#7424 = PRODUCT_DEFINITION_SHAPE('Placement','Placement of an item',
  #7425);
#7425 = NEXT_ASSEMBLY_USAGE_OCCURRENCE('7','=>[0:1:1:9]','',#6189,#6212,
  $);
#7426 = PRODUCT_RELATED_PRODUCT_CATEGORY('part',$,(#6214));
#7427 = SHAPE_DEFINITION_REPRESENTATION(#7428,#7434);
#7428 = PRODUCT_DEFINITION_SHAPE('','',#7429);
#7429 = PRODUCT_DEFINITION('design','',#7430,#7433);
#7430 = PRODUCT_DEFINITION_FORMATION('','',#7431);
#7431 = PRODUCT('User Library-TC-33X-2','User Library-TC-33X-2','',(
    #7432));
#7432 = PRODUCT_CONTEXT('',#2,'mechanical');
#7433 = PRODUCT_DEFINITION_CONTEXT('part definition',#2,'design');
#7434 = SHAPE_REPRESENTATION('',(#11,#7435),#7439);
#7435 = AXIS2_PLACEMENT_3D('',#7436,#7437,#7438);
#7436 = CARTESIAN_POINT('',(0.,0.,0.));
#7437 = DIRECTION('',(0.,0.,1.));
#7438 = DIRECTION('',(1.,0.,-0.));
#7439 = ( GEOMETRIC_REPRESENTATION_CONTEXT(3) 
GLOBAL_UNCERTAINTY_ASSIGNED_CONTEXT((#7443)) 
GLOBAL_UNIT_ASSIGNED_CONTEXT((#7440,#7441,#7442)) REPRESENTATION_CONTEXT
('Context #1','3D Context with UNIT and UNCERTAINTY') );
#7440 = ( LENGTH_UNIT() NAMED_UNIT(*) SI_UNIT(.MILLI.,.METRE.) );
#7441 = ( NAMED_UNIT(*) PLANE_ANGLE_UNIT() SI_UNIT($,.RADIAN.) );
#7442 = ( NAMED_UNIT(*) SI_UNIT($,.STERADIAN.) SOLID_ANGLE_UNIT() );
#7443 = UNCERTAINTY_MEASURE_WITH_UNIT(LENGTH_MEASURE(2.E-05),#7440,
  'distance_accuracy_value','confusion accuracy');
#7444 = CONTEXT_DEPENDENT_SHAPE_REPRESENTATION(#7445,#7447);
#7445 = ( REPRESENTATION_RELATIONSHIP('','',#7434,#10) 
REPRESENTATION_RELATIONSHIP_WITH_TRANSFORMATION(#7446) 
SHAPE_REPRESENTATION_RELATIONSHIP() );
#7446 = ITEM_DEFINED_TRANSFORMATION('','',#11,#31);
#7447 = PRODUCT_DEFINITION_SHAPE('Placement','Placement of an item',
  #7448);
#7448 = NEXT_ASSEMBLY_USAGE_OCCURRENCE('10','R2','',#5,#7429,$);
#7449 = PRODUCT_RELATED_PRODUCT_CATEGORY('part',$,(#7431));
#7450 = SHAPE_DEFINITION_REPRESENTATION(#7451,#7457);
#7451 = PRODUCT_DEFINITION_SHAPE('','',#7452);
#7452 = PRODUCT_DEFINITION('design','',#7453,#7456);
#7453 = PRODUCT_DEFINITION_FORMATION('','',#7454);
#7454 = PRODUCT('User Library-TC-33X-2','User Library-TC-33X-2','',(
    #7455));
#7455 = PRODUCT_CONTEXT('',#2,'mechanical');
#7456 = PRODUCT_DEFINITION_CONTEXT('part definition',#2,'design');
#7457 = ADVANCED_BREP_SHAPE_REPRESENTATION('',(#11,#7458),#12126);
#7458 = MANIFOLD_SOLID_BREP('',#7459);
#7459 = CLOSED_SHELL('',(#7460,#7542,#7598,#7680,#7736,#7778,#7884,#7990
    ,#8012,#8054,#8142,#8207,#8248,#8272,#8296,#8336,#8354,#8394,#8418,
    #8442,#8476,#8507,#8538,#8562,#8586,#8617,#8763,#8803,#8856,#8963,
    #9070,#9095,#9194,#9301,#9318,#9342,#9354,#9378,#9396,#9421,#9438,
    #9455,#9472,#9489,#9506,#9569,#9593,#9649,#9667,#9679,#9704,#9728,
    #9751,#9768,#9785,#9802,#9815,#9833,#9850,#9867,#9884,#9909,#9933,
    #9951,#9963,#9975,#9987,#10073,#10159,#10183,#10241,#10258,#10285,
    #10374,#10426,#10495,#10520,#10602,#10654,#10723,#10748,#10823,
    #10875,#10935,#10952,#11027,#11079,#11139,#11159,#11196,#11220,
    #11250,#11267,#11279,#11291,#11308,#11320,#11337,#11367,#11495,
    #11512,#11667,#11697,#11723,#11735,#11759,#11771,#11795,#11807,
    #11831,#11843,#11861,#11883,#11900,#11917,#11934,#11951,#11968,
    #11985,#12002,#12014,#12026,#12082,#12112));
#7460 = ADVANCED_FACE('',(#7461),#7525,.T.);
#7461 = FACE_BOUND('',#7462,.T.);
#7462 = EDGE_LOOP('',(#7463,#7500,#7509,#7518));
#7463 = ORIENTED_EDGE('',*,*,#7464,.F.);
#7464 = EDGE_CURVE('',#7465,#7467,#7469,.T.);
#7465 = VERTEX_POINT('',#7466);
#7466 = CARTESIAN_POINT('',(4.942313006939E-17,0.635,0.6));
#7467 = VERTEX_POINT('',#7468);
#7468 = CARTESIAN_POINT('',(-1.01758028228E-13,0.635,-0.8));
#7469 = B_SPLINE_CURVE_WITH_KNOTS('',3,(#7470,#7471,#7472,#7473,#7474,
    #7475,#7476,#7477,#7478,#7479,#7480,#7481,#7482,#7483,#7484,#7485,
    #7486,#7487,#7488,#7489,#7490,#7491,#7492,#7493,#7494,#7495,#7496,
    #7497,#7498,#7499),.UNSPECIFIED.,.F.,.F.,(4,1,2,2,2,1,2,2,2,1,2,2,2,
    1,2,2,4),(0.,3.125E-02,4.6875E-02,6.25E-02,0.125,0.15625,0.171875,
    0.1875,0.25,0.28125,0.296875,0.3125,0.375,0.40625,0.421875,0.4375,
    0.5),.UNSPECIFIED.);
#7470 = CARTESIAN_POINT('',(4.942313006939E-17,0.635,0.6));
#7471 = CARTESIAN_POINT('',(-4.441749411036E-02,0.635,0.6));
#7472 = CARTESIAN_POINT('',(-0.10993890178,0.635,0.593856476343));
#7473 = CARTESIAN_POINT('',(-0.173803059205,0.635,0.5784976672));
#7474 = CARTESIAN_POINT('',(-0.216010886323,0.635,0.566210619886));
#7475 = CARTESIAN_POINT('',(-0.235275606073,0.635,0.559696985259));
#7476 = CARTESIAN_POINT('',(-0.347229059176,0.635,0.515471112681));
#7477 = CARTESIAN_POINT('',(-0.426829051439,0.635,0.463015680146));
#7478 = CARTESIAN_POINT('',(-0.529047594526,0.635,0.360954280173));
#7479 = CARTESIAN_POINT('',(-0.574086863288,0.635,0.305775373912));
#7480 = CARTESIAN_POINT('',(-0.610021127874,0.635,0.244374158241));
#7481 = CARTESIAN_POINT('',(-0.631953970005,0.635,0.202057279036));
#7482 = CARTESIAN_POINT('',(-0.642677376747,0.635,0.178270071598));
#7483 = CARTESIAN_POINT('',(-0.68354954673,0.635,7.52511970764E-02));
#7484 = CARTESIAN_POINT('',(-0.699932805114,0.635,-1.133510903315E-02));
#7485 = CARTESIAN_POINT('',(-0.700033597443,0.635,-0.144332445483));
#7486 = CARTESIAN_POINT('',(-0.693915271868,0.635,-0.209790066683));
#7487 = CARTESIAN_POINT('',(-0.678543863684,0.635,-0.273686117343));
#7488 = CARTESIAN_POINT('',(-0.666240017649,0.635,-0.315936468775));
#7489 = CARTESIAN_POINT('',(-0.659696985259,0.635,-0.335275606073));
#7490 = CARTESIAN_POINT('',(-0.615471112681,0.635,-0.447229059176));
#7491 = CARTESIAN_POINT('',(-0.563015680146,0.635,-0.526829051439));
#7492 = CARTESIAN_POINT('',(-0.460954280173,0.635,-0.629047594526));
#7493 = CARTESIAN_POINT('',(-0.405775373912,0.635,-0.674086863287));
#7494 = CARTESIAN_POINT('',(-0.344374158241,0.635,-0.710021127874));
#7495 = CARTESIAN_POINT('',(-0.302057279036,0.635,-0.731953970005));
#7496 = CARTESIAN_POINT('',(-0.278270071598,0.635,-0.742677376747));
#7497 = CARTESIAN_POINT('',(-0.175251197077,0.635,-0.78354954673));
#7498 = CARTESIAN_POINT('',(-8.866489096681E-02,0.635,-0.799932805114));
#7499 = CARTESIAN_POINT('',(-1.01758028228E-13,0.635,-0.8));
#7500 = ORIENTED_EDGE('',*,*,#7501,.T.);
#7501 = EDGE_CURVE('',#7465,#7502,#7504,.T.);
#7502 = VERTEX_POINT('',#7503);
#7503 = CARTESIAN_POINT('',(1.803704353675E-13,0.735,0.7));
#7504 = CIRCLE('',#7505,0.1);
#7505 = AXIS2_PLACEMENT_3D('',#7506,#7507,#7508);
#7506 = CARTESIAN_POINT('',(-1.035119607094E-13,0.735,0.6));
#7507 = DIRECTION('',(-1.,-1.958786834859E-14,1.224646799149E-16));
#7508 = DIRECTION('',(1.224646799147E-16,1.084202172482E-14,1.));
#7509 = ORIENTED_EDGE('',*,*,#7510,.T.);
#7510 = EDGE_CURVE('',#7502,#7511,#7513,.T.);
#7511 = VERTEX_POINT('',#7512);
#7512 = CARTESIAN_POINT('',(1.802724636235E-13,0.735,-0.9));
#7513 = CIRCLE('',#7514,0.8);
#7514 = AXIS2_PLACEMENT_3D('',#7515,#7516,#7517);
#7515 = CARTESIAN_POINT('',(-1.035976859853E-13,0.735,-0.1));
#7516 = DIRECTION('',(1.958786834859E-14,-1.,1.021931115896E-14));
#7517 = DIRECTION('',(1.075683302239E-30,-1.021931115896E-14,-1.));
#7518 = ORIENTED_EDGE('',*,*,#7519,.F.);
#7519 = EDGE_CURVE('',#7467,#7511,#7520,.T.);
#7520 = CIRCLE('',#7521,0.1);
#7521 = AXIS2_PLACEMENT_3D('',#7522,#7523,#7524);
#7522 = CARTESIAN_POINT('',(-1.035976859853E-13,0.735,-0.8));
#7523 = DIRECTION('',(1.,1.958786834859E-14,-2.006661443479E-28));
#7524 = DIRECTION('',(-9.531259587321E-30,-9.757819552341E-15,-1.));
#7525 = ( BOUNDED_SURFACE() B_SPLINE_SURFACE(3,3,(
    (#7526,#7527,#7528,#7529)
    ,(#7530,#7531,#7532,#7533)
    ,(#7534,#7535,#7536,#7537)
    ,(#7538,#7539,#7540,#7541
)),.UNSPECIFIED.,.F.,.F.,.F.) B_SPLINE_SURFACE_WITH_KNOTS((4,4),(4,4),(
    0.,1.),(0.,1.),.PIECEWISE_BEZIER_KNOTS.) 
GEOMETRIC_REPRESENTATION_ITEM() RATIONAL_B_SPLINE_SURFACE((
    (1.,0.333333333333,0.333333333333,1.)
    ,(0.804737854125,0.268245951375,0.268245951375,0.804737854125)
    ,(0.804737854125,0.268245951375,0.268245951375,0.804737854125)
,(1.,0.333333333333,0.333333333333,1.
))) REPRESENTATION_ITEM('') SURFACE() );
#7526 = CARTESIAN_POINT('',(1.468259211946E-13,0.635,0.6));
#7527 = CARTESIAN_POINT('',(-1.400000000001,0.635,0.6));
#7528 = CARTESIAN_POINT('',(-1.400000000001,0.635,-0.8));
#7529 = CARTESIAN_POINT('',(1.468796078137E-13,0.635,-0.8));
#7530 = CARTESIAN_POINT('',(1.67618395764E-13,0.635,0.658578643763));
#7531 = CARTESIAN_POINT('',(-1.517157287526,0.635,0.658578643763));
#7532 = CARTESIAN_POINT('',(-1.517157287526,0.635,-0.858578643763));
#7533 = CARTESIAN_POINT('',(1.676765750821E-13,0.635,-0.858578643763));
#7534 = CARTESIAN_POINT('',(1.815095394568E-13,0.676421356238,0.7));
#7535 = CARTESIAN_POINT('',(-1.600000000001,0.676421356238,
    0.700000000001));
#7536 = CARTESIAN_POINT('',(-1.600000000001,0.676421356238,
    -0.900000000001));
#7537 = CARTESIAN_POINT('',(1.815708955929E-13,0.676421356238,-0.9));
#7538 = CARTESIAN_POINT('',(1.803621086948E-13,0.735,0.7));
#7539 = CARTESIAN_POINT('',(-1.600000000001,0.735,0.700000000001));
#7540 = CARTESIAN_POINT('',(-1.600000000001,0.735,-0.900000000001));
#7541 = CARTESIAN_POINT('',(1.804234648308E-13,0.735,-0.9));
#7542 = ADVANCED_FACE('',(#7543),#7581,.T.);
#7543 = FACE_BOUND('',#7544,.T.);
#7544 = EDGE_LOOP('',(#7545,#7556,#7565,#7574));
#7545 = ORIENTED_EDGE('',*,*,#7546,.T.);
#7546 = EDGE_CURVE('',#7547,#7549,#7551,.T.);
#7547 = VERTEX_POINT('',#7548);
#7548 = CARTESIAN_POINT('',(1.142508123341E-13,9.999999999999E-02,
    0.445495049384));
#7549 = VERTEX_POINT('',#7550);
#7550 = CARTESIAN_POINT('',(1.143176162107E-13,0.1,-0.645495049384));
#7551 = CIRCLE('',#7552,0.545495049384);
#7552 = AXIS2_PLACEMENT_3D('',#7553,#7554,#7555);
#7553 = CARTESIAN_POINT('',(1.142508123341E-13,0.1,-9.999999999962E-02)
  );
#7554 = DIRECTION('',(-7.023694330456E-14,-1.,-9.517565357333E-14));
#7555 = DIRECTION('',(2.425403154548E-31,-9.517565357333E-14,1.));
#7556 = ORIENTED_EDGE('',*,*,#7557,.T.);
#7557 = EDGE_CURVE('',#7549,#7558,#7560,.T.);
#7558 = VERTEX_POINT('',#7559);
#7559 = CARTESIAN_POINT('',(1.190567245048E-16,0.177,-0.4175));
#7560 = CIRCLE('',#7561,0.127);
#7561 = AXIS2_PLACEMENT_3D('',#7562,#7563,#7564);
#7562 = CARTESIAN_POINT('',(1.197134925188E-13,0.177,-0.5445));
#7563 = DIRECTION('',(-1.,7.023694330456E-14,-1.224646799081E-16));
#7564 = DIRECTION('',(1.224646799147E-16,9.51878285293E-14,-1.));
#7565 = ORIENTED_EDGE('',*,*,#7566,.T.);
#7566 = EDGE_CURVE('',#7558,#7567,#7569,.T.);
#7567 = VERTEX_POINT('',#7568);
#7568 = CARTESIAN_POINT('',(8.017418831292E-17,0.177,0.217500000001));
#7569 = CIRCLE('',#7570,0.3175);
#7570 = AXIS2_PLACEMENT_3D('',#7571,#7572,#7573);
#7571 = CARTESIAN_POINT('',(1.196590569685E-13,0.177,-9.999999999961E-02
    ));
#7572 = DIRECTION('',(7.023694330456E-14,1.,9.517565357333E-14));
#7573 = DIRECTION('',(8.551316800262E-31,-9.517565357333E-14,1.));
#7574 = ORIENTED_EDGE('',*,*,#7575,.F.);
#7575 = EDGE_CURVE('',#7547,#7567,#7576,.T.);
#7576 = CIRCLE('',#7577,0.127);
#7577 = AXIS2_PLACEMENT_3D('',#7578,#7579,#7580);
#7578 = CARTESIAN_POINT('',(1.196590569685E-13,0.177,0.344500000001));
#7579 = DIRECTION('',(1.,-7.023694330456E-14,-6.685046537127E-27));
#7580 = DIRECTION('',(-6.555785699819E-31,-9.51878285293E-14,1.));
#7581 = ( BOUNDED_SURFACE() B_SPLINE_SURFACE(3,3,(
    (#7582,#7583,#7584,#7585)
    ,(#7586,#7587,#7588,#7589)
    ,(#7590,#7591,#7592,#7593)
    ,(#7594,#7595,#7596,#7597
)),.UNSPECIFIED.,.F.,.F.,.F.) B_SPLINE_SURFACE_WITH_KNOTS((4,4),(4,4),(
    0.,1.),(0.,1.),.PIECEWISE_BEZIER_KNOTS.) 
GEOMETRIC_REPRESENTATION_ITEM() RATIONAL_B_SPLINE_SURFACE((
    (1.,0.333333333333,0.333333333333,1.)
    ,(0.54664759846,0.182215866153,0.182215866153,0.54664759846)
    ,(0.54664759846,0.182215866153,0.182215866153,0.54664759846)
,(1.,0.333333333333,0.333333333333,1.
))) REPRESENTATION_ITEM('') SURFACE() );
#7582 = CARTESIAN_POINT('',(1.143176162107E-13,0.1,-0.645495049384));
#7583 = CARTESIAN_POINT('',(-1.090990098768,0.1,-0.645495049384));
#7584 = CARTESIAN_POINT('',(-1.090990098768,0.1,0.445495049384));
#7585 = CARTESIAN_POINT('',(1.141172045809E-13,9.999999999999E-02,
    0.445495049384));
#7586 = CARTESIAN_POINT('',(1.061105152345E-13,-1.669365225007E-02,
    -0.55652622093));
#7587 = CARTESIAN_POINT('',(-0.913052441861,-1.669365225001E-02,
    -0.55652622093));
#7588 = CARTESIAN_POINT('',(-0.913052441861,-1.66936522501E-02,
    0.356526220931));
#7589 = CARTESIAN_POINT('',(1.05942790222E-13,-1.669365225016E-02,
    0.356526220931));
#7590 = CARTESIAN_POINT('',(1.093913146068E-13,3.025920501842E-02,
    -0.4175));
#7591 = CARTESIAN_POINT('',(-0.635,3.025920501847E-02,-0.4175));
#7592 = CARTESIAN_POINT('',(-0.635,3.025920501841E-02,0.217500000001));
#7593 = CARTESIAN_POINT('',(1.092746669992E-13,3.025920501836E-02,
    0.217500000001));
#7594 = CARTESIAN_POINT('',(1.196979395044E-13,0.177,-0.4175));
#7595 = CARTESIAN_POINT('',(-0.635000000001,0.177,-0.4175));
#7596 = CARTESIAN_POINT('',(-0.635000000001,0.177,0.217500000001));
#7597 = CARTESIAN_POINT('',(1.195812918968E-13,0.177,0.217500000001));
#7598 = ADVANCED_FACE('',(#7599),#7663,.F.);
#7599 = FACE_BOUND('',#7600,.F.);
#7600 = EDGE_LOOP('',(#7601,#7612,#7621,#7630));
#7601 = ORIENTED_EDGE('',*,*,#7602,.T.);
#7602 = EDGE_CURVE('',#7603,#7605,#7607,.T.);
#7603 = VERTEX_POINT('',#7604);
#7604 = CARTESIAN_POINT('',(-4.454641719253E-14,0.685,-0.8));
#7605 = VERTEX_POINT('',#7606);
#7606 = CARTESIAN_POINT('',(2.229831922879E-14,0.735,-0.85));
#7607 = CIRCLE('',#7608,4.999999999976E-02);
#7608 = AXIS2_PLACEMENT_3D('',#7609,#7610,#7611);
#7609 = CARTESIAN_POINT('',(-1.020711293265E-13,0.735,-0.8));
#7610 = DIRECTION('',(1.,2.595658988296E-13,-2.345344694139E-26));
#7611 = DIRECTION('',(1.859936175162E-28,-9.107298248923E-14,-1.));
#7612 = ORIENTED_EDGE('',*,*,#7613,.F.);
#7613 = EDGE_CURVE('',#7614,#7605,#7616,.T.);
#7614 = VERTEX_POINT('',#7615);
#7615 = CARTESIAN_POINT('',(2.25738647586E-14,0.735,0.65));
#7616 = CIRCLE('',#7617,0.75);
#7617 = AXIS2_PLACEMENT_3D('',#7618,#7619,#7620);
#7618 = CARTESIAN_POINT('',(2.248201624866E-14,0.735,-0.1));
#7619 = DIRECTION('',(-0.,1.,0.));
#7620 = DIRECTION('',(0.,0.,-1.));
#7621 = ORIENTED_EDGE('',*,*,#7622,.F.);
#7622 = EDGE_CURVE('',#7623,#7614,#7625,.T.);
#7623 = VERTEX_POINT('',#7624);
#7624 = CARTESIAN_POINT('',(-4.461197477181E-14,0.685,0.6));
#7625 = CIRCLE('',#7626,4.999999999976E-02);
#7626 = AXIS2_PLACEMENT_3D('',#7627,#7628,#7629);
#7627 = CARTESIAN_POINT('',(-1.019854040505E-13,0.735,0.6));
#7628 = DIRECTION('',(-1.,-2.595658988296E-13,1.224646799382E-16));
#7629 = DIRECTION('',(1.224646799151E-16,8.890457814425E-14,1.));
#7630 = ORIENTED_EDGE('',*,*,#7631,.T.);
#7631 = EDGE_CURVE('',#7623,#7603,#7632,.T.);
#7632 = B_SPLINE_CURVE_WITH_KNOTS('',3,(#7633,#7634,#7635,#7636,#7637,
    #7638,#7639,#7640,#7641,#7642,#7643,#7644,#7645,#7646,#7647,#7648,
    #7649,#7650,#7651,#7652,#7653,#7654,#7655,#7656,#7657,#7658,#7659,
    #7660,#7661,#7662),.UNSPECIFIED.,.F.,.F.,(4,1,2,2,2,1,2,2,2,1,2,2,2,
    1,2,2,4),(0.5,0.53125,0.546875,0.5625,0.625,0.65625,0.671875,0.6875,
    0.75,0.78125,0.796875,0.8125,0.875,0.90625,0.921875,0.9375,1.),
  .UNSPECIFIED.);
#7633 = CARTESIAN_POINT('',(-4.461197477181E-14,0.685,0.6));
#7634 = CARTESIAN_POINT('',(4.433244548344E-02,0.685,0.600033597443));
#7635 = CARTESIAN_POINT('',(0.109790066683,0.685,0.593915271868));
#7636 = CARTESIAN_POINT('',(0.173686117343,0.685,0.578543863684));
#7637 = CARTESIAN_POINT('',(0.215936468775,0.685,0.566240017649));
#7638 = CARTESIAN_POINT('',(0.235275606073,0.685,0.559696985259));
#7639 = CARTESIAN_POINT('',(0.347229059176,0.685,0.515471112681));
#7640 = CARTESIAN_POINT('',(0.426829051439,0.685,0.463015680146));
#7641 = CARTESIAN_POINT('',(0.529047594526,0.685,0.360954280173));
#7642 = CARTESIAN_POINT('',(0.574086863288,0.685,0.305775373912));
#7643 = CARTESIAN_POINT('',(0.610021127874,0.685,0.244374158241));
#7644 = CARTESIAN_POINT('',(0.631953970005,0.685,0.202057279036));
#7645 = CARTESIAN_POINT('',(0.642677376747,0.685,0.178270071598));
#7646 = CARTESIAN_POINT('',(0.68354954673,0.685,7.525119707636E-02));
#7647 = CARTESIAN_POINT('',(0.699932805114,0.685,-1.133510903309E-02));
#7648 = CARTESIAN_POINT('',(0.700033597443,0.685,-0.144332445483));
#7649 = CARTESIAN_POINT('',(0.693915271868,0.685,-0.209790066683));
#7650 = CARTESIAN_POINT('',(0.678543863684,0.685,-0.273686117343));
#7651 = CARTESIAN_POINT('',(0.666240017649,0.685,-0.315936468775));
#7652 = CARTESIAN_POINT('',(0.659696985259,0.685,-0.335275606073));
#7653 = CARTESIAN_POINT('',(0.615471112681,0.685,-0.447229059176));
#7654 = CARTESIAN_POINT('',(0.563015680146,0.685,-0.526829051439));
#7655 = CARTESIAN_POINT('',(0.460954280173,0.685,-0.629047594527));
#7656 = CARTESIAN_POINT('',(0.405775373912,0.685,-0.674086863288));
#7657 = CARTESIAN_POINT('',(0.344374158241,0.685,-0.710021127874));
#7658 = CARTESIAN_POINT('',(0.302057279036,0.685,-0.731953970005));
#7659 = CARTESIAN_POINT('',(0.278312746116,0.685,-0.742660445868));
#7660 = CARTESIAN_POINT('',(0.175080499004,0.685,-0.783617270248));
#7661 = CARTESIAN_POINT('',(8.919173343951E-02,0.685,-0.8));
#7662 = CARTESIAN_POINT('',(-4.454641719253E-14,0.685,-0.8));
#7663 = ( BOUNDED_SURFACE() B_SPLINE_SURFACE(3,3,(
    (#7664,#7665,#7666,#7667)
    ,(#7668,#7669,#7670,#7671)
    ,(#7672,#7673,#7674,#7675)
    ,(#7676,#7677,#7678,#7679
)),.UNSPECIFIED.,.F.,.F.,.F.) B_SPLINE_SURFACE_WITH_KNOTS((4,4),(4,4),(
    0.,1.),(0.,1.),.PIECEWISE_BEZIER_KNOTS.) 
GEOMETRIC_REPRESENTATION_ITEM() RATIONAL_B_SPLINE_SURFACE((
    (1.,0.333333333333,0.333333333333,1.)
    ,(0.804737854123,0.268245951374,0.268245951374,0.804737854123)
    ,(0.804737854123,0.268245951374,0.268245951374,0.804737854123)
,(1.,0.333333333333,0.333333333333,1.
))) REPRESENTATION_ITEM('') SURFACE() );
#7664 = CARTESIAN_POINT('',(-8.909283438506E-14,0.685,-0.8));
#7665 = CARTESIAN_POINT('',(1.4,0.685,-0.8));
#7666 = CARTESIAN_POINT('',(1.4,0.685,0.6));
#7667 = CARTESIAN_POINT('',(-8.900710910912E-14,0.685,0.6));
#7668 = CARTESIAN_POINT('',(-8.909283438503E-14,0.685,-0.829289321881));
#7669 = CARTESIAN_POINT('',(1.458578643763,0.685,-0.829289321881));
#7670 = CARTESIAN_POINT('',(1.458578643763,0.685,0.629289321881));
#7671 = CARTESIAN_POINT('',(-8.900352220166E-14,0.685,0.629289321881));
#7672 = CARTESIAN_POINT('',(-9.446862016625E-14,0.705710678118,-0.85));
#7673 = CARTESIAN_POINT('',(1.5,0.705710678119,-0.85));
#7674 = CARTESIAN_POINT('',(1.5,0.705710678119,0.65));
#7675 = CARTESIAN_POINT('',(-9.437677165631E-14,0.705710678119,0.65));
#7676 = CARTESIAN_POINT('',(-1.020711293265E-13,0.735,-0.85));
#7677 = CARTESIAN_POINT('',(1.5,0.735,-0.85));
#7678 = CARTESIAN_POINT('',(1.5,0.735,0.65));
#7679 = CARTESIAN_POINT('',(-1.019792808165E-13,0.735,0.65));
#7680 = ADVANCED_FACE('',(#7681),#7719,.T.);
#7681 = FACE_BOUND('',#7682,.T.);
#7682 = EDGE_LOOP('',(#7683,#7694,#7703,#7712));
#7683 = ORIENTED_EDGE('',*,*,#7684,.T.);
#7684 = EDGE_CURVE('',#7685,#7687,#7689,.T.);
#7685 = VERTEX_POINT('',#7686);
#7686 = CARTESIAN_POINT('',(8.017418860344E-17,0.685,0.2175));
#7687 = VERTEX_POINT('',#7688);
#7688 = CARTESIAN_POINT('',(1.190567244764E-16,0.685,-0.4175));
#7689 = CIRCLE('',#7690,0.3175);
#7690 = AXIS2_PLACEMENT_3D('',#7691,#7692,#7693);
#7691 = CARTESIAN_POINT('',(8.017418860344E-17,0.685,-0.1));
#7692 = DIRECTION('',(0.,-1.,0.));
#7693 = DIRECTION('',(0.,0.,1.));
#7694 = ORIENTED_EDGE('',*,*,#7695,.T.);
#7695 = EDGE_CURVE('',#7687,#7696,#7698,.T.);
#7696 = VERTEX_POINT('',#7697);
#7697 = CARTESIAN_POINT('',(-7.287947040893E-14,0.685,-0.6715));
#7698 = CIRCLE('',#7699,0.127);
#7699 = AXIS2_PLACEMENT_3D('',#7700,#7701,#7702);
#7700 = CARTESIAN_POINT('',(-7.289502342329E-14,0.685,-0.5445));
#7701 = DIRECTION('',(-1.,1.216158997102E-13,-1.224646799007E-16));
#7702 = DIRECTION('',(1.224646799147E-16,1.143961347346E-13,-1.));
#7703 = ORIENTED_EDGE('',*,*,#7704,.T.);
#7704 = EDGE_CURVE('',#7696,#7705,#7707,.T.);
#7705 = VERTEX_POINT('',#7706);
#7706 = CARTESIAN_POINT('',(-7.29494589735E-14,0.685,0.4715));
#7707 = CIRCLE('',#7708,0.5715);
#7708 = AXIS2_PLACEMENT_3D('',#7709,#7710,#7711);
#7709 = CARTESIAN_POINT('',(-7.29494589735E-14,0.685,-0.1));
#7710 = DIRECTION('',(1.216158997102E-13,1.,1.149288118807E-13));
#7711 = DIRECTION('',(-1.,1.216158997102E-13,1.232227525295E-30));
#7712 = ORIENTED_EDGE('',*,*,#7713,.F.);
#7713 = EDGE_CURVE('',#7685,#7705,#7714,.T.);
#7714 = CIRCLE('',#7715,0.127);
#7715 = AXIS2_PLACEMENT_3D('',#7716,#7717,#7718);
#7716 = CARTESIAN_POINT('',(-7.294945897351E-14,0.685,0.3445));
#7717 = DIRECTION('',(1.,-1.216158997102E-13,-1.398965221194E-26));
#7718 = DIRECTION('',(-2.656043456417E-29,-1.152498372327E-13,1.));
#7719 = ( BOUNDED_SURFACE() B_SPLINE_SURFACE(3,3,(
    (#7720,#7721,#7722,#7723)
    ,(#7724,#7725,#7726,#7727)
    ,(#7728,#7729,#7730,#7731)
    ,(#7732,#7733,#7734,#7735
)),.UNSPECIFIED.,.F.,.F.,.F.) B_SPLINE_SURFACE_WITH_KNOTS((4,4),(4,4),(
    0.,1.),(0.,1.),.PIECEWISE_BEZIER_KNOTS.) 
GEOMETRIC_REPRESENTATION_ITEM() RATIONAL_B_SPLINE_SURFACE((
    (1.,0.333333333333,0.333333333333,1.)
    ,(0.333333333334,0.111111111111,0.111111111111,0.333333333334)
    ,(0.333333333334,0.111111111111,0.111111111111,0.333333333334)
,(1.,0.333333333333,0.333333333333,1.
))) REPRESENTATION_ITEM('') SURFACE() );
#7720 = CARTESIAN_POINT('',(6.894475018491E-15,0.685,-0.4175));
#7721 = CARTESIAN_POINT('',(-0.635,0.685,-0.4175));
#7722 = CARTESIAN_POINT('',(-0.635000000001,0.685,0.2175));
#7723 = CARTESIAN_POINT('',(9.907852754873E-18,0.685,0.2175));
#7724 = CARTESIAN_POINT('',(3.778491354487E-14,0.939,-0.4175));
#7725 = CARTESIAN_POINT('',(-0.635000000001,0.939,-0.4175));
#7726 = CARTESIAN_POINT('',(-0.635000000001,0.939,0.2175));
#7727 = CARTESIAN_POINT('',(3.090034637914E-14,0.939,0.2175));
#7728 = CARTESIAN_POINT('',(1.016600607384E-13,0.939,-0.6715));
#7729 = CARTESIAN_POINT('',(-1.143,0.939,-0.6715));
#7730 = CARTESIAN_POINT('',(-1.143,0.939,0.4715));
#7731 = CARTESIAN_POINT('',(8.926783984011E-14,0.939,0.4715));
#7732 = CARTESIAN_POINT('',(7.076962221212E-14,0.685,-0.6715));
#7733 = CARTESIAN_POINT('',(-1.143000000001,0.685,-0.671500000001));
#7734 = CARTESIAN_POINT('',(-1.143000000001,0.685,0.4715));
#7735 = CARTESIAN_POINT('',(5.837740131379E-14,0.685,0.4715));
#7736 = ADVANCED_FACE('',(#7737),#7773,.F.);
#7737 = FACE_BOUND('',#7738,.F.);
#7738 = EDGE_LOOP('',(#7739,#7749,#7758,#7766));
#7739 = ORIENTED_EDGE('',*,*,#7740,.T.);
#7740 = EDGE_CURVE('',#7741,#7743,#7745,.T.);
#7741 = VERTEX_POINT('',#7742);
#7742 = CARTESIAN_POINT('',(0.75,0.,-7.07679086772E-13));
#7743 = VERTEX_POINT('',#7744);
#7744 = CARTESIAN_POINT('',(0.75,0.2,-7.07679086772E-13));
#7745 = LINE('',#7746,#7747);
#7746 = CARTESIAN_POINT('',(0.75,0.206572749543,-2.43403387723E-14));
#7747 = VECTOR('',#7748,1.);
#7748 = DIRECTION('',(0.,1.,0.));
#7749 = ORIENTED_EDGE('',*,*,#7750,.T.);
#7750 = EDGE_CURVE('',#7743,#7751,#7753,.T.);
#7751 = VERTEX_POINT('',#7752);
#7752 = CARTESIAN_POINT('',(2.775557561563E-16,0.2,0.656637297521));
#7753 = CIRCLE('',#7754,0.756637297521);
#7754 = AXIS2_PLACEMENT_3D('',#7755,#7756,#7757);
#7755 = CARTESIAN_POINT('',(2.775557561563E-16,0.2,-9.999999999977E-02)
  );
#7756 = DIRECTION('',(-0.,-1.,0.));
#7757 = DIRECTION('',(-1.7763568394E-15,0.,1.));
#7758 = ORIENTED_EDGE('',*,*,#7759,.F.);
#7759 = EDGE_CURVE('',#7760,#7751,#7762,.T.);
#7760 = VERTEX_POINT('',#7761);
#7761 = CARTESIAN_POINT('',(2.775557561563E-16,0.,0.656637297521));
#7762 = LINE('',#7763,#7764);
#7763 = CARTESIAN_POINT('',(2.775557561563E-16,0.206572749543,
    0.656637297521));
#7764 = VECTOR('',#7765,1.);
#7765 = DIRECTION('',(0.,1.,0.));
#7766 = ORIENTED_EDGE('',*,*,#7767,.F.);
#7767 = EDGE_CURVE('',#7741,#7760,#7768,.T.);
#7768 = CIRCLE('',#7769,0.756637297521);
#7769 = AXIS2_PLACEMENT_3D('',#7770,#7771,#7772);
#7770 = CARTESIAN_POINT('',(2.775557561563E-16,0.,-9.999999999977E-02));
#7771 = DIRECTION('',(-0.,-1.,0.));
#7772 = DIRECTION('',(-1.7763568394E-15,0.,1.));
#7773 = CYLINDRICAL_SURFACE('',#7774,0.756637297521);
#7774 = AXIS2_PLACEMENT_3D('',#7775,#7776,#7777);
#7775 = CARTESIAN_POINT('',(2.775557561563E-16,0.206572749543,
    -9.999999999977E-02));
#7776 = DIRECTION('',(0.,1.,0.));
#7777 = DIRECTION('',(0.,-0.,1.));
#7778 = ADVANCED_FACE('',(#7779),#7879,.T.);
#7779 = FACE_BOUND('',#7780,.T.);
#7780 = EDGE_LOOP('',(#7781,#7792,#7798,#7805,#7813,#7822,#7830,#7839,
    #7847,#7856,#7864,#7873));
#7781 = ORIENTED_EDGE('',*,*,#7782,.T.);
#7782 = EDGE_CURVE('',#7783,#7785,#7787,.T.);
#7783 = VERTEX_POINT('',#7784);
#7784 = CARTESIAN_POINT('',(0.275,0.885,0.651248960066));
#7785 = VERTEX_POINT('',#7786);
#7786 = CARTESIAN_POINT('',(1.803704353674E-13,0.885,0.7));
#7787 = CIRCLE('',#7788,0.8);
#7788 = AXIS2_PLACEMENT_3D('',#7789,#7790,#7791);
#7789 = CARTESIAN_POINT('',(1.802724636235E-13,0.885,-0.1));
#7790 = DIRECTION('',(0.,-1.,0.));
#7791 = DIRECTION('',(0.,0.,-1.));
#7792 = ORIENTED_EDGE('',*,*,#7793,.T.);
#7793 = EDGE_CURVE('',#7785,#7502,#7794,.T.);
#7794 = LINE('',#7795,#7796);
#7795 = CARTESIAN_POINT('',(1.803704353674E-13,0.728427250457,0.7));
#7796 = VECTOR('',#7797,1.);
#7797 = DIRECTION('',(0.,-1.,0.));
#7798 = ORIENTED_EDGE('',*,*,#7799,.F.);
#7799 = EDGE_CURVE('',#7511,#7502,#7800,.T.);
#7800 = CIRCLE('',#7801,0.8);
#7801 = AXIS2_PLACEMENT_3D('',#7802,#7803,#7804);
#7802 = CARTESIAN_POINT('',(-1.035976859853E-13,0.735,-0.1));
#7803 = DIRECTION('',(1.958786834859E-14,-1.,1.021931115896E-14));
#7804 = DIRECTION('',(1.075683302239E-30,-1.021931115896E-14,-1.));
#7805 = ORIENTED_EDGE('',*,*,#7806,.F.);
#7806 = EDGE_CURVE('',#7807,#7511,#7809,.T.);
#7807 = VERTEX_POINT('',#7808);
#7808 = CARTESIAN_POINT('',(1.802724636235E-13,0.885,-0.9));
#7809 = LINE('',#7810,#7811);
#7810 = CARTESIAN_POINT('',(1.802724636235E-13,0.728427250457,-0.9));
#7811 = VECTOR('',#7812,1.);
#7812 = DIRECTION('',(0.,-1.,0.));
#7813 = ORIENTED_EDGE('',*,*,#7814,.T.);
#7814 = EDGE_CURVE('',#7807,#7815,#7817,.T.);
#7815 = VERTEX_POINT('',#7816);
#7816 = CARTESIAN_POINT('',(0.275,0.885,-0.851248960066));
#7817 = CIRCLE('',#7818,0.8);
#7818 = AXIS2_PLACEMENT_3D('',#7819,#7820,#7821);
#7819 = CARTESIAN_POINT('',(1.802724636235E-13,0.885,-0.1));
#7820 = DIRECTION('',(0.,-1.,0.));
#7821 = DIRECTION('',(0.,0.,-1.));
#7822 = ORIENTED_EDGE('',*,*,#7823,.T.);
#7823 = EDGE_CURVE('',#7815,#7824,#7826,.T.);
#7824 = VERTEX_POINT('',#7825);
#7825 = CARTESIAN_POINT('',(0.275,1.035,-0.851248960066));
#7826 = LINE('',#7827,#7828);
#7827 = CARTESIAN_POINT('',(0.275,0.728427250457,-0.851248960066));
#7828 = VECTOR('',#7829,1.);
#7829 = DIRECTION('',(-0.,1.,-0.));
#7830 = ORIENTED_EDGE('',*,*,#7831,.T.);
#7831 = EDGE_CURVE('',#7824,#7832,#7834,.T.);
#7832 = VERTEX_POINT('',#7833);
#7833 = CARTESIAN_POINT('',(0.751248960066,1.035,-0.375));
#7834 = CIRCLE('',#7835,0.8);
#7835 = AXIS2_PLACEMENT_3D('',#7836,#7837,#7838);
#7836 = CARTESIAN_POINT('',(1.802724636235E-13,1.035,-0.1));
#7837 = DIRECTION('',(0.,-1.,0.));
#7838 = DIRECTION('',(0.,0.,-1.));
#7839 = ORIENTED_EDGE('',*,*,#7840,.T.);
#7840 = EDGE_CURVE('',#7832,#7841,#7843,.T.);
#7841 = VERTEX_POINT('',#7842);
#7842 = CARTESIAN_POINT('',(0.751248960066,0.885,-0.375));
#7843 = LINE('',#7844,#7845);
#7844 = CARTESIAN_POINT('',(0.751248960066,0.728427250457,-0.375));
#7845 = VECTOR('',#7846,1.);
#7846 = DIRECTION('',(0.,-1.,0.));
#7847 = ORIENTED_EDGE('',*,*,#7848,.T.);
#7848 = EDGE_CURVE('',#7841,#7849,#7851,.T.);
#7849 = VERTEX_POINT('',#7850);
#7850 = CARTESIAN_POINT('',(0.751248960066,0.885,0.175));
#7851 = CIRCLE('',#7852,0.8);
#7852 = AXIS2_PLACEMENT_3D('',#7853,#7854,#7855);
#7853 = CARTESIAN_POINT('',(1.802724636235E-13,0.885,-0.1));
#7854 = DIRECTION('',(0.,-1.,0.));
#7855 = DIRECTION('',(0.,0.,-1.));
#7856 = ORIENTED_EDGE('',*,*,#7857,.T.);
#7857 = EDGE_CURVE('',#7849,#7858,#7860,.T.);
#7858 = VERTEX_POINT('',#7859);
#7859 = CARTESIAN_POINT('',(0.751248960066,1.035,0.175));
#7860 = LINE('',#7861,#7862);
#7861 = CARTESIAN_POINT('',(0.751248960066,0.728427250457,0.175));
#7862 = VECTOR('',#7863,1.);
#7863 = DIRECTION('',(-0.,1.,-0.));
#7864 = ORIENTED_EDGE('',*,*,#7865,.T.);
#7865 = EDGE_CURVE('',#7858,#7866,#7868,.T.);
#7866 = VERTEX_POINT('',#7867);
#7867 = CARTESIAN_POINT('',(0.275,1.035,0.651248960066));
#7868 = CIRCLE('',#7869,0.8);
#7869 = AXIS2_PLACEMENT_3D('',#7870,#7871,#7872);
#7870 = CARTESIAN_POINT('',(1.802724636235E-13,1.035,-0.1));
#7871 = DIRECTION('',(0.,-1.,0.));
#7872 = DIRECTION('',(0.,0.,-1.));
#7873 = ORIENTED_EDGE('',*,*,#7874,.T.);
#7874 = EDGE_CURVE('',#7866,#7783,#7875,.T.);
#7875 = LINE('',#7876,#7877);
#7876 = CARTESIAN_POINT('',(0.275,0.728427250457,0.651248960066));
#7877 = VECTOR('',#7878,1.);
#7878 = DIRECTION('',(0.,-1.,0.));
#7879 = CYLINDRICAL_SURFACE('',#7880,0.8);
#7880 = AXIS2_PLACEMENT_3D('',#7881,#7882,#7883);
#7881 = CARTESIAN_POINT('',(1.802724636235E-13,0.728427250457,-0.1));
#7882 = DIRECTION('',(0.,-1.,0.));
#7883 = DIRECTION('',(0.,0.,-1.));
#7884 = ADVANCED_FACE('',(#7885),#7985,.F.);
#7885 = FACE_BOUND('',#7886,.F.);
#7886 = EDGE_LOOP('',(#7887,#7897,#7906,#7914,#7923,#7931,#7940,#7948,
    #7957,#7963,#7970,#7978));
#7887 = ORIENTED_EDGE('',*,*,#7888,.F.);
#7888 = EDGE_CURVE('',#7889,#7891,#7893,.T.);
#7889 = VERTEX_POINT('',#7890);
#7890 = CARTESIAN_POINT('',(-0.275,1.035,0.597764286848));
#7891 = VERTEX_POINT('',#7892);
#7892 = CARTESIAN_POINT('',(-0.275,0.885,0.597764286848));
#7893 = LINE('',#7894,#7895);
#7894 = CARTESIAN_POINT('',(-0.275,0.878427250457,0.597764286848));
#7895 = VECTOR('',#7896,1.);
#7896 = DIRECTION('',(-0.,-1.,0.));
#7897 = ORIENTED_EDGE('',*,*,#7898,.T.);
#7898 = EDGE_CURVE('',#7889,#7899,#7901,.T.);
#7899 = VERTEX_POINT('',#7900);
#7900 = CARTESIAN_POINT('',(-0.697764286848,1.035,0.175));
#7901 = CIRCLE('',#7902,0.75);
#7902 = AXIS2_PLACEMENT_3D('',#7903,#7904,#7905);
#7903 = CARTESIAN_POINT('',(2.248201624866E-14,1.035,-0.1));
#7904 = DIRECTION('',(0.,-1.,0.));
#7905 = DIRECTION('',(0.,0.,-1.));
#7906 = ORIENTED_EDGE('',*,*,#7907,.F.);
#7907 = EDGE_CURVE('',#7908,#7899,#7910,.T.);
#7908 = VERTEX_POINT('',#7909);
#7909 = CARTESIAN_POINT('',(-0.697764286848,0.885,0.175));
#7910 = LINE('',#7911,#7912);
#7911 = CARTESIAN_POINT('',(-0.697764286848,0.878427250457,0.175));
#7912 = VECTOR('',#7913,1.);
#7913 = DIRECTION('',(-0.,1.,0.));
#7914 = ORIENTED_EDGE('',*,*,#7915,.T.);
#7915 = EDGE_CURVE('',#7908,#7916,#7918,.T.);
#7916 = VERTEX_POINT('',#7917);
#7917 = CARTESIAN_POINT('',(-0.697764286848,0.885,-0.375));
#7918 = CIRCLE('',#7919,0.75);
#7919 = AXIS2_PLACEMENT_3D('',#7920,#7921,#7922);
#7920 = CARTESIAN_POINT('',(2.248201624866E-14,0.885,-0.1));
#7921 = DIRECTION('',(0.,-1.,0.));
#7922 = DIRECTION('',(0.,0.,-1.));
#7923 = ORIENTED_EDGE('',*,*,#7924,.F.);
#7924 = EDGE_CURVE('',#7925,#7916,#7927,.T.);
#7925 = VERTEX_POINT('',#7926);
#7926 = CARTESIAN_POINT('',(-0.697764286848,1.035,-0.375));
#7927 = LINE('',#7928,#7929);
#7928 = CARTESIAN_POINT('',(-0.697764286848,0.878427250457,-0.375));
#7929 = VECTOR('',#7930,1.);
#7930 = DIRECTION('',(-0.,-1.,-0.));
#7931 = ORIENTED_EDGE('',*,*,#7932,.T.);
#7932 = EDGE_CURVE('',#7925,#7933,#7935,.T.);
#7933 = VERTEX_POINT('',#7934);
#7934 = CARTESIAN_POINT('',(-0.275,1.035,-0.797764286848));
#7935 = CIRCLE('',#7936,0.75);
#7936 = AXIS2_PLACEMENT_3D('',#7937,#7938,#7939);
#7937 = CARTESIAN_POINT('',(2.248201624866E-14,1.035,-0.1));
#7938 = DIRECTION('',(0.,-1.,0.));
#7939 = DIRECTION('',(0.,0.,-1.));
#7940 = ORIENTED_EDGE('',*,*,#7941,.F.);
#7941 = EDGE_CURVE('',#7942,#7933,#7944,.T.);
#7942 = VERTEX_POINT('',#7943);
#7943 = CARTESIAN_POINT('',(-0.275,0.885,-0.797764286848));
#7944 = LINE('',#7945,#7946);
#7945 = CARTESIAN_POINT('',(-0.275,0.878427250457,-0.797764286848));
#7946 = VECTOR('',#7947,1.);
#7947 = DIRECTION('',(0.,1.,-0.));
#7948 = ORIENTED_EDGE('',*,*,#7949,.T.);
#7949 = EDGE_CURVE('',#7942,#7950,#7952,.T.);
#7950 = VERTEX_POINT('',#7951);
#7951 = CARTESIAN_POINT('',(2.248201624866E-14,0.885,-0.85));
#7952 = CIRCLE('',#7953,0.75);
#7953 = AXIS2_PLACEMENT_3D('',#7954,#7955,#7956);
#7954 = CARTESIAN_POINT('',(2.248201624866E-14,0.885,-0.1));
#7955 = DIRECTION('',(0.,-1.,0.));
#7956 = DIRECTION('',(0.,0.,-1.));
#7957 = ORIENTED_EDGE('',*,*,#7958,.T.);
#7958 = EDGE_CURVE('',#7950,#7605,#7959,.T.);
#7959 = LINE('',#7960,#7961);
#7960 = CARTESIAN_POINT('',(2.248201624866E-14,0.728427250457,-0.85));
#7961 = VECTOR('',#7962,1.);
#7962 = DIRECTION('',(0.,-1.,0.));
#7963 = ORIENTED_EDGE('',*,*,#7964,.T.);
#7964 = EDGE_CURVE('',#7605,#7614,#7965,.T.);
#7965 = CIRCLE('',#7966,0.75);
#7966 = AXIS2_PLACEMENT_3D('',#7967,#7968,#7969);
#7967 = CARTESIAN_POINT('',(2.248201624866E-14,0.735,-0.1));
#7968 = DIRECTION('',(-0.,1.,0.));
#7969 = DIRECTION('',(0.,0.,-1.));
#7970 = ORIENTED_EDGE('',*,*,#7971,.F.);
#7971 = EDGE_CURVE('',#7972,#7614,#7974,.T.);
#7972 = VERTEX_POINT('',#7973);
#7973 = CARTESIAN_POINT('',(2.25738647586E-14,0.885,0.65));
#7974 = LINE('',#7975,#7976);
#7975 = CARTESIAN_POINT('',(2.25738647586E-14,0.728427250457,0.65));
#7976 = VECTOR('',#7977,1.);
#7977 = DIRECTION('',(0.,-1.,0.));
#7978 = ORIENTED_EDGE('',*,*,#7979,.T.);
#7979 = EDGE_CURVE('',#7972,#7891,#7980,.T.);
#7980 = CIRCLE('',#7981,0.75);
#7981 = AXIS2_PLACEMENT_3D('',#7982,#7983,#7984);
#7982 = CARTESIAN_POINT('',(2.248201624866E-14,0.885,-0.1));
#7983 = DIRECTION('',(0.,-1.,0.));
#7984 = DIRECTION('',(0.,0.,-1.));
#7985 = CYLINDRICAL_SURFACE('',#7986,0.75);
#7986 = AXIS2_PLACEMENT_3D('',#7987,#7988,#7989);
#7987 = CARTESIAN_POINT('',(2.248201624866E-14,0.728427250457,-0.1));
#7988 = DIRECTION('',(0.,-1.,0.));
#7989 = DIRECTION('',(0.,0.,-1.));
#7990 = ADVANCED_FACE('',(#7991),#8007,.F.);
#7991 = FACE_BOUND('',#7992,.F.);
#7992 = EDGE_LOOP('',(#7993,#7999,#8000,#8006));
#7993 = ORIENTED_EDGE('',*,*,#7994,.T.);
#7994 = EDGE_CURVE('',#7567,#7685,#7995,.T.);
#7995 = LINE('',#7996,#7997);
#7996 = CARTESIAN_POINT('',(8.017418860344E-17,0.69516,0.2175));
#7997 = VECTOR('',#7998,1.);
#7998 = DIRECTION('',(0.,1.,0.));
#7999 = ORIENTED_EDGE('',*,*,#7684,.T.);
#8000 = ORIENTED_EDGE('',*,*,#8001,.F.);
#8001 = EDGE_CURVE('',#7558,#7687,#8002,.T.);
#8002 = LINE('',#8003,#8004);
#8003 = CARTESIAN_POINT('',(1.190567244764E-16,0.69516,-0.4175));
#8004 = VECTOR('',#8005,1.);
#8005 = DIRECTION('',(0.,1.,0.));
#8006 = ORIENTED_EDGE('',*,*,#7566,.T.);
#8007 = CYLINDRICAL_SURFACE('',#8008,0.3175);
#8008 = AXIS2_PLACEMENT_3D('',#8009,#8010,#8011);
#8009 = CARTESIAN_POINT('',(8.017418860344E-17,0.69516,-0.1));
#8010 = DIRECTION('',(0.,1.,0.));
#8011 = DIRECTION('',(0.,-0.,1.));
#8012 = ADVANCED_FACE('',(#8013),#8049,.T.);
#8013 = FACE_BOUND('',#8014,.T.);
#8014 = EDGE_LOOP('',(#8015,#8026,#8034,#8043));
#8015 = ORIENTED_EDGE('',*,*,#8016,.F.);
#8016 = EDGE_CURVE('',#8017,#8019,#8021,.T.);
#8017 = VERTEX_POINT('',#8018);
#8018 = CARTESIAN_POINT('',(0.,1.135,-1.76));
#8019 = VERTEX_POINT('',#8020);
#8020 = CARTESIAN_POINT('',(-0.352293851019,1.135,-1.614808458938));
#8021 = CIRCLE('',#8022,0.5);
#8022 = AXIS2_PLACEMENT_3D('',#8023,#8024,#8025);
#8023 = CARTESIAN_POINT('',(0.,1.135,-1.26));
#8024 = DIRECTION('',(-0.,1.,0.));
#8025 = DIRECTION('',(0.,0.,-1.));
#8026 = ORIENTED_EDGE('',*,*,#8027,.T.);
#8027 = EDGE_CURVE('',#8017,#8028,#8030,.T.);
#8028 = VERTEX_POINT('',#8029);
#8029 = CARTESIAN_POINT('',(0.,1.085,-1.76));
#8030 = LINE('',#8031,#8032);
#8031 = CARTESIAN_POINT('',(0.,1.078427250457,-1.76));
#8032 = VECTOR('',#8033,1.);
#8033 = DIRECTION('',(0.,-1.,0.));
#8034 = ORIENTED_EDGE('',*,*,#8035,.T.);
#8035 = EDGE_CURVE('',#8028,#8036,#8038,.T.);
#8036 = VERTEX_POINT('',#8037);
#8037 = CARTESIAN_POINT('',(-0.352293851019,1.085,-1.614808458938));
#8038 = CIRCLE('',#8039,0.5);
#8039 = AXIS2_PLACEMENT_3D('',#8040,#8041,#8042);
#8040 = CARTESIAN_POINT('',(0.,1.085,-1.26));
#8041 = DIRECTION('',(-0.,1.,0.));
#8042 = DIRECTION('',(0.,0.,-1.));
#8043 = ORIENTED_EDGE('',*,*,#8044,.T.);
#8044 = EDGE_CURVE('',#8036,#8019,#8045,.T.);
#8045 = LINE('',#8046,#8047);
#8046 = CARTESIAN_POINT('',(-0.352293851019,1.078427250457,
    -1.614808458938));
#8047 = VECTOR('',#8048,1.);
#8048 = DIRECTION('',(-0.,1.,0.));
#8049 = CYLINDRICAL_SURFACE('',#8050,0.5);
#8050 = AXIS2_PLACEMENT_3D('',#8051,#8052,#8053);
#8051 = CARTESIAN_POINT('',(0.,1.078427250457,-1.26));
#8052 = DIRECTION('',(0.,-1.,0.));
#8053 = DIRECTION('',(0.,0.,-1.));
#8054 = ADVANCED_FACE('',(#8055),#8137,.F.);
#8055 = FACE_BOUND('',#8056,.T.);
#8056 = EDGE_LOOP('',(#8057,#8067,#8075,#8083,#8091,#8098,#8099,#8107,
    #8115,#8123,#8131));
#8057 = ORIENTED_EDGE('',*,*,#8058,.F.);
#8058 = EDGE_CURVE('',#8059,#8061,#8063,.T.);
#8059 = VERTEX_POINT('',#8060);
#8060 = CARTESIAN_POINT('',(-1.8,0.,-1.6));
#8061 = VERTEX_POINT('',#8062);
#8062 = CARTESIAN_POINT('',(-1.8,0.,1.85));
#8063 = LINE('',#8064,#8065);
#8064 = CARTESIAN_POINT('',(-1.8,0.,1.925));
#8065 = VECTOR('',#8066,1.);
#8066 = DIRECTION('',(0.,-0.,1.));
#8067 = ORIENTED_EDGE('',*,*,#8068,.F.);
#8068 = EDGE_CURVE('',#8069,#8059,#8071,.T.);
#8069 = VERTEX_POINT('',#8070);
#8070 = CARTESIAN_POINT('',(-1.5,0.,-1.9));
#8071 = LINE('',#8072,#8073);
#8072 = CARTESIAN_POINT('',(-1.5,0.,-1.9));
#8073 = VECTOR('',#8074,1.);
#8074 = DIRECTION('',(-0.707106781186,0.,0.707106781187));
#8075 = ORIENTED_EDGE('',*,*,#8076,.F.);
#8076 = EDGE_CURVE('',#8077,#8069,#8079,.T.);
#8077 = VERTEX_POINT('',#8078);
#8078 = CARTESIAN_POINT('',(-0.75,0.,-1.9));
#8079 = LINE('',#8080,#8081);
#8080 = CARTESIAN_POINT('',(0.,0.,-1.9));
#8081 = VECTOR('',#8082,1.);
#8082 = DIRECTION('',(-1.,-0.,0.));
#8083 = ORIENTED_EDGE('',*,*,#8084,.F.);
#8084 = EDGE_CURVE('',#8085,#8077,#8087,.T.);
#8085 = VERTEX_POINT('',#8086);
#8086 = CARTESIAN_POINT('',(-0.75,0.,-6.981584364449E-13));
#8087 = LINE('',#8088,#8089);
#8088 = CARTESIAN_POINT('',(-0.75,0.,1.925));
#8089 = VECTOR('',#8090,1.);
#8090 = DIRECTION('',(-0.,0.,-1.));
#8091 = ORIENTED_EDGE('',*,*,#8092,.F.);
#8092 = EDGE_CURVE('',#7760,#8085,#8093,.T.);
#8093 = CIRCLE('',#8094,0.756637297521);
#8094 = AXIS2_PLACEMENT_3D('',#8095,#8096,#8097);
#8095 = CARTESIAN_POINT('',(2.775557561563E-16,0.,-9.999999999977E-02));
#8096 = DIRECTION('',(0.,-1.,0.));
#8097 = DIRECTION('',(0.,0.,1.));
#8098 = ORIENTED_EDGE('',*,*,#7767,.F.);
#8099 = ORIENTED_EDGE('',*,*,#8100,.F.);
#8100 = EDGE_CURVE('',#8101,#7741,#8103,.T.);
#8101 = VERTEX_POINT('',#8102);
#8102 = CARTESIAN_POINT('',(0.75,0.,-1.9));
#8103 = LINE('',#8104,#8105);
#8104 = CARTESIAN_POINT('',(0.75,0.,1.925));
#8105 = VECTOR('',#8106,1.);
#8106 = DIRECTION('',(0.,-0.,1.));
#8107 = ORIENTED_EDGE('',*,*,#8108,.F.);
#8108 = EDGE_CURVE('',#8109,#8101,#8111,.T.);
#8109 = VERTEX_POINT('',#8110);
#8110 = CARTESIAN_POINT('',(1.5,0.,-1.9));
#8111 = LINE('',#8112,#8113);
#8112 = CARTESIAN_POINT('',(0.,0.,-1.9));
#8113 = VECTOR('',#8114,1.);
#8114 = DIRECTION('',(-1.,-0.,0.));
#8115 = ORIENTED_EDGE('',*,*,#8116,.F.);
#8116 = EDGE_CURVE('',#8117,#8109,#8119,.T.);
#8117 = VERTEX_POINT('',#8118);
#8118 = CARTESIAN_POINT('',(1.8,0.,-1.6));
#8119 = LINE('',#8120,#8121);
#8120 = CARTESIAN_POINT('',(1.8,0.,-1.6));
#8121 = VECTOR('',#8122,1.);
#8122 = DIRECTION('',(-0.707106781186,0.,-0.707106781187));
#8123 = ORIENTED_EDGE('',*,*,#8124,.F.);
#8124 = EDGE_CURVE('',#8125,#8117,#8127,.T.);
#8125 = VERTEX_POINT('',#8126);
#8126 = CARTESIAN_POINT('',(1.8,0.,1.85));
#8127 = LINE('',#8128,#8129);
#8128 = CARTESIAN_POINT('',(1.8,0.,1.925));
#8129 = VECTOR('',#8130,1.);
#8130 = DIRECTION('',(-0.,0.,-1.));
#8131 = ORIENTED_EDGE('',*,*,#8132,.F.);
#8132 = EDGE_CURVE('',#8061,#8125,#8133,.T.);
#8133 = LINE('',#8134,#8135);
#8134 = CARTESIAN_POINT('',(0.,0.,1.85));
#8135 = VECTOR('',#8136,1.);
#8136 = DIRECTION('',(1.,0.,-0.));
#8137 = PLANE('',#8138);
#8138 = AXIS2_PLACEMENT_3D('',#8139,#8140,#8141);
#8139 = CARTESIAN_POINT('',(0.,0.,1.925));
#8140 = DIRECTION('',(0.,1.,0.));
#8141 = DIRECTION('',(0.,-0.,1.));
#8142 = ADVANCED_FACE('',(#8143),#8202,.T.);
#8143 = FACE_BOUND('',#8144,.T.);
#8144 = EDGE_LOOP('',(#8145,#8155,#8163,#8171,#8179,#8186,#8187,#8196));
#8145 = ORIENTED_EDGE('',*,*,#8146,.T.);
#8146 = EDGE_CURVE('',#8147,#8149,#8151,.T.);
#8147 = VERTEX_POINT('',#8148);
#8148 = CARTESIAN_POINT('',(1.35,5.E-02,1.9));
#8149 = VERTEX_POINT('',#8150);
#8150 = CARTESIAN_POINT('',(0.4,5.E-02,1.9));
#8151 = LINE('',#8152,#8153);
#8152 = CARTESIAN_POINT('',(1.872,5.E-02,1.9));
#8153 = VECTOR('',#8154,1.);
#8154 = DIRECTION('',(-1.,-0.,-0.));
#8155 = ORIENTED_EDGE('',*,*,#8156,.T.);
#8156 = EDGE_CURVE('',#8149,#8157,#8159,.T.);
#8157 = VERTEX_POINT('',#8158);
#8158 = CARTESIAN_POINT('',(-0.4,5.E-02,1.9));
#8159 = LINE('',#8160,#8161);
#8160 = CARTESIAN_POINT('',(1.872,5.E-02,1.9));
#8161 = VECTOR('',#8162,1.);
#8162 = DIRECTION('',(-1.,-0.,-0.));
#8163 = ORIENTED_EDGE('',*,*,#8164,.T.);
#8164 = EDGE_CURVE('',#8157,#8165,#8167,.T.);
#8165 = VERTEX_POINT('',#8166);
#8166 = CARTESIAN_POINT('',(-1.35,5.E-02,1.9));
#8167 = LINE('',#8168,#8169);
#8168 = CARTESIAN_POINT('',(1.872,5.E-02,1.9));
#8169 = VECTOR('',#8170,1.);
#8170 = DIRECTION('',(-1.,-0.,-0.));
#8171 = ORIENTED_EDGE('',*,*,#8172,.T.);
#8172 = EDGE_CURVE('',#8165,#8173,#8175,.T.);
#8173 = VERTEX_POINT('',#8174);
#8174 = CARTESIAN_POINT('',(-1.8,5.000000000006E-02,1.9));
#8175 = LINE('',#8176,#8177);
#8176 = CARTESIAN_POINT('',(1.872,5.E-02,1.9));
#8177 = VECTOR('',#8178,1.);
#8178 = DIRECTION('',(-1.,-0.,-0.));
#8179 = ORIENTED_EDGE('',*,*,#8180,.T.);
#8180 = EDGE_CURVE('',#8173,#8061,#8181,.T.);
#8181 = CIRCLE('',#8182,5.000000000012E-02);
#8182 = AXIS2_PLACEMENT_3D('',#8183,#8184,#8185);
#8183 = CARTESIAN_POINT('',(-1.8,5.000000000012E-02,1.85));
#8184 = DIRECTION('',(1.,0.,0.));
#8185 = DIRECTION('',(0.,0.,-1.));
#8186 = ORIENTED_EDGE('',*,*,#8132,.T.);
#8187 = ORIENTED_EDGE('',*,*,#8188,.T.);
#8188 = EDGE_CURVE('',#8125,#8189,#8191,.T.);
#8189 = VERTEX_POINT('',#8190);
#8190 = CARTESIAN_POINT('',(1.8,5.000000000006E-02,1.9));
#8191 = CIRCLE('',#8192,5.000000000012E-02);
#8192 = AXIS2_PLACEMENT_3D('',#8193,#8194,#8195);
#8193 = CARTESIAN_POINT('',(1.8,5.000000000012E-02,1.85));
#8194 = DIRECTION('',(-1.,-0.,-0.));
#8195 = DIRECTION('',(0.,0.,-1.));
#8196 = ORIENTED_EDGE('',*,*,#8197,.T.);
#8197 = EDGE_CURVE('',#8189,#8147,#8198,.T.);
#8198 = LINE('',#8199,#8200);
#8199 = CARTESIAN_POINT('',(1.872,5.E-02,1.9));
#8200 = VECTOR('',#8201,1.);
#8201 = DIRECTION('',(-1.,-0.,-0.));
#8202 = CYLINDRICAL_SURFACE('',#8203,5.000000000012E-02);
#8203 = AXIS2_PLACEMENT_3D('',#8204,#8205,#8206);
#8204 = CARTESIAN_POINT('',(1.872,5.000000000012E-02,1.85));
#8205 = DIRECTION('',(1.,0.,0.));
#8206 = DIRECTION('',(0.,0.,-1.));
#8207 = ADVANCED_FACE('',(#8208),#8243,.T.);
#8208 = FACE_BOUND('',#8209,.T.);
#8209 = EDGE_LOOP('',(#8210,#8211,#8219,#8228,#8236,#8242));
#8210 = ORIENTED_EDGE('',*,*,#8180,.F.);
#8211 = ORIENTED_EDGE('',*,*,#8212,.T.);
#8212 = EDGE_CURVE('',#8173,#8213,#8215,.T.);
#8213 = VERTEX_POINT('',#8214);
#8214 = CARTESIAN_POINT('',(-1.8,0.585,1.9));
#8215 = LINE('',#8216,#8217);
#8216 = CARTESIAN_POINT('',(-1.8,-1.27E-02,1.9));
#8217 = VECTOR('',#8218,1.);
#8218 = DIRECTION('',(0.,1.,-0.));
#8219 = ORIENTED_EDGE('',*,*,#8220,.T.);
#8220 = EDGE_CURVE('',#8213,#8221,#8223,.T.);
#8221 = VERTEX_POINT('',#8222);
#8222 = CARTESIAN_POINT('',(-1.8,0.635,1.85));
#8223 = CIRCLE('',#8224,5.000000000002E-02);
#8224 = AXIS2_PLACEMENT_3D('',#8225,#8226,#8227);
#8225 = CARTESIAN_POINT('',(-1.8,0.585,1.85));
#8226 = DIRECTION('',(-1.,0.,0.));
#8227 = DIRECTION('',(0.,0.,1.));
#8228 = ORIENTED_EDGE('',*,*,#8229,.T.);
#8229 = EDGE_CURVE('',#8221,#8230,#8232,.T.);
#8230 = VERTEX_POINT('',#8231);
#8231 = CARTESIAN_POINT('',(-1.8,0.635,-1.6));
#8232 = LINE('',#8233,#8234);
#8233 = CARTESIAN_POINT('',(-1.8,0.635,0.15));
#8234 = VECTOR('',#8235,1.);
#8235 = DIRECTION('',(-0.,-0.,-1.));
#8236 = ORIENTED_EDGE('',*,*,#8237,.T.);
#8237 = EDGE_CURVE('',#8230,#8059,#8238,.T.);
#8238 = LINE('',#8239,#8240);
#8239 = CARTESIAN_POINT('',(-1.8,-1.27E-02,-1.6));
#8240 = VECTOR('',#8241,1.);
#8241 = DIRECTION('',(-0.,-1.,0.));
#8242 = ORIENTED_EDGE('',*,*,#8058,.T.);
#8243 = PLANE('',#8244);
#8244 = AXIS2_PLACEMENT_3D('',#8245,#8246,#8247);
#8245 = CARTESIAN_POINT('',(-1.8,-1.27E-02,0.15));
#8246 = DIRECTION('',(-1.,0.,0.));
#8247 = DIRECTION('',(0.,0.,1.));
#8248 = ADVANCED_FACE('',(#8249),#8267,.T.);
#8249 = FACE_BOUND('',#8250,.T.);
#8250 = EDGE_LOOP('',(#8251,#8259,#8260,#8261));
#8251 = ORIENTED_EDGE('',*,*,#8252,.T.);
#8252 = EDGE_CURVE('',#8253,#8069,#8255,.T.);
#8253 = VERTEX_POINT('',#8254);
#8254 = CARTESIAN_POINT('',(-1.5,0.635,-1.9));
#8255 = LINE('',#8256,#8257);
#8256 = CARTESIAN_POINT('',(-1.5,0.3175,-1.9));
#8257 = VECTOR('',#8258,1.);
#8258 = DIRECTION('',(-0.,-1.,-0.));
#8259 = ORIENTED_EDGE('',*,*,#8068,.T.);
#8260 = ORIENTED_EDGE('',*,*,#8237,.F.);
#8261 = ORIENTED_EDGE('',*,*,#8262,.T.);
#8262 = EDGE_CURVE('',#8230,#8253,#8263,.T.);
#8263 = LINE('',#8264,#8265);
#8264 = CARTESIAN_POINT('',(-1.806,0.635,-1.594));
#8265 = VECTOR('',#8266,1.);
#8266 = DIRECTION('',(0.707106781186,-0.,-0.707106781187));
#8267 = PLANE('',#8268);
#8268 = AXIS2_PLACEMENT_3D('',#8269,#8270,#8271);
#8269 = CARTESIAN_POINT('',(-1.806,0.3175,-1.594));
#8270 = DIRECTION('',(-0.707106781187,0.,-0.707106781186));
#8271 = DIRECTION('',(-0.707106781186,0.,0.707106781187));
#8272 = ADVANCED_FACE('',(#8273),#8291,.T.);
#8273 = FACE_BOUND('',#8274,.T.);
#8274 = EDGE_LOOP('',(#8275,#8276,#8284,#8290));
#8275 = ORIENTED_EDGE('',*,*,#8252,.F.);
#8276 = ORIENTED_EDGE('',*,*,#8277,.T.);
#8277 = EDGE_CURVE('',#8253,#8278,#8280,.T.);
#8278 = VERTEX_POINT('',#8279);
#8279 = CARTESIAN_POINT('',(-0.75,0.635,-1.9));
#8280 = LINE('',#8281,#8282);
#8281 = CARTESIAN_POINT('',(2.775557561563E-16,0.635,-1.9));
#8282 = VECTOR('',#8283,1.);
#8283 = DIRECTION('',(1.,-0.,0.));
#8284 = ORIENTED_EDGE('',*,*,#8285,.T.);
#8285 = EDGE_CURVE('',#8278,#8077,#8286,.T.);
#8286 = LINE('',#8287,#8288);
#8287 = CARTESIAN_POINT('',(-0.75,-1.27E-02,-1.9));
#8288 = VECTOR('',#8289,1.);
#8289 = DIRECTION('',(-0.,-1.,-0.));
#8290 = ORIENTED_EDGE('',*,*,#8076,.T.);
#8291 = PLANE('',#8292);
#8292 = AXIS2_PLACEMENT_3D('',#8293,#8294,#8295);
#8293 = CARTESIAN_POINT('',(2.775557561563E-16,-1.27E-02,-1.9));
#8294 = DIRECTION('',(0.,0.,-1.));
#8295 = DIRECTION('',(-1.,0.,-0.));
#8296 = ADVANCED_FACE('',(#8297),#8331,.F.);
#8297 = FACE_BOUND('',#8298,.T.);
#8298 = EDGE_LOOP('',(#8299,#8307,#8308,#8309,#8317,#8325));
#8299 = ORIENTED_EDGE('',*,*,#8300,.F.);
#8300 = EDGE_CURVE('',#8085,#8301,#8303,.T.);
#8301 = VERTEX_POINT('',#8302);
#8302 = CARTESIAN_POINT('',(-0.75,0.2,-6.981584364449E-13));
#8303 = LINE('',#8304,#8305);
#8304 = CARTESIAN_POINT('',(-0.75,0.6477,0.));
#8305 = VECTOR('',#8306,1.);
#8306 = DIRECTION('',(0.,1.,-0.));
#8307 = ORIENTED_EDGE('',*,*,#8084,.T.);
#8308 = ORIENTED_EDGE('',*,*,#8285,.F.);
#8309 = ORIENTED_EDGE('',*,*,#8310,.F.);
#8310 = EDGE_CURVE('',#8311,#8278,#8313,.T.);
#8311 = VERTEX_POINT('',#8312);
#8312 = CARTESIAN_POINT('',(-0.75,0.635,-1.6));
#8313 = LINE('',#8314,#8315);
#8314 = CARTESIAN_POINT('',(-0.75,0.635,-0.95));
#8315 = VECTOR('',#8316,1.);
#8316 = DIRECTION('',(-0.,-0.,-1.));
#8317 = ORIENTED_EDGE('',*,*,#8318,.T.);
#8318 = EDGE_CURVE('',#8311,#8319,#8321,.T.);
#8319 = VERTEX_POINT('',#8320);
#8320 = CARTESIAN_POINT('',(-0.75,0.2,-1.6));
#8321 = LINE('',#8322,#8323);
#8322 = CARTESIAN_POINT('',(-0.75,0.6437,-1.6));
#8323 = VECTOR('',#8324,1.);
#8324 = DIRECTION('',(0.,-1.,-0.));
#8325 = ORIENTED_EDGE('',*,*,#8326,.F.);
#8326 = EDGE_CURVE('',#8301,#8319,#8327,.T.);
#8327 = LINE('',#8328,#8329);
#8328 = CARTESIAN_POINT('',(-0.75,0.2,0.701770043472));
#8329 = VECTOR('',#8330,1.);
#8330 = DIRECTION('',(0.,-0.,-1.));
#8331 = PLANE('',#8332);
#8332 = AXIS2_PLACEMENT_3D('',#8333,#8334,#8335);
#8333 = CARTESIAN_POINT('',(-0.75,0.6477,-0.95));
#8334 = DIRECTION('',(-1.,0.,0.));
#8335 = DIRECTION('',(0.,0.,1.));
#8336 = ADVANCED_FACE('',(#8337),#8349,.F.);
#8337 = FACE_BOUND('',#8338,.F.);
#8338 = EDGE_LOOP('',(#8339,#8346,#8347,#8348));
#8339 = ORIENTED_EDGE('',*,*,#8340,.T.);
#8340 = EDGE_CURVE('',#7751,#8301,#8341,.T.);
#8341 = CIRCLE('',#8342,0.756637297521);
#8342 = AXIS2_PLACEMENT_3D('',#8343,#8344,#8345);
#8343 = CARTESIAN_POINT('',(2.775557561563E-16,0.2,-9.999999999977E-02)
  );
#8344 = DIRECTION('',(0.,-1.,0.));
#8345 = DIRECTION('',(0.,0.,1.));
#8346 = ORIENTED_EDGE('',*,*,#8300,.F.);
#8347 = ORIENTED_EDGE('',*,*,#8092,.F.);
#8348 = ORIENTED_EDGE('',*,*,#7759,.T.);
#8349 = CYLINDRICAL_SURFACE('',#8350,0.756637297521);
#8350 = AXIS2_PLACEMENT_3D('',#8351,#8352,#8353);
#8351 = CARTESIAN_POINT('',(2.775557561563E-16,0.206572749543,
    -9.999999999977E-02));
#8352 = DIRECTION('',(0.,1.,0.));
#8353 = DIRECTION('',(0.,-0.,1.));
#8354 = ADVANCED_FACE('',(#8355),#8389,.F.);
#8355 = FACE_BOUND('',#8356,.T.);
#8356 = EDGE_LOOP('',(#8357,#8358,#8359,#8367,#8375,#8383));
#8357 = ORIENTED_EDGE('',*,*,#8100,.T.);
#8358 = ORIENTED_EDGE('',*,*,#7740,.T.);
#8359 = ORIENTED_EDGE('',*,*,#8360,.F.);
#8360 = EDGE_CURVE('',#8361,#7743,#8363,.T.);
#8361 = VERTEX_POINT('',#8362);
#8362 = CARTESIAN_POINT('',(0.75,0.2,-1.6));
#8363 = LINE('',#8364,#8365);
#8364 = CARTESIAN_POINT('',(0.75,0.2,-0.95));
#8365 = VECTOR('',#8366,1.);
#8366 = DIRECTION('',(-0.,-0.,1.));
#8367 = ORIENTED_EDGE('',*,*,#8368,.T.);
#8368 = EDGE_CURVE('',#8361,#8369,#8371,.T.);
#8369 = VERTEX_POINT('',#8370);
#8370 = CARTESIAN_POINT('',(0.75,0.635,-1.6));
#8371 = LINE('',#8372,#8373);
#8372 = CARTESIAN_POINT('',(0.75,0.6437,-1.6));
#8373 = VECTOR('',#8374,1.);
#8374 = DIRECTION('',(-0.,1.,0.));
#8375 = ORIENTED_EDGE('',*,*,#8376,.F.);
#8376 = EDGE_CURVE('',#8377,#8369,#8379,.T.);
#8377 = VERTEX_POINT('',#8378);
#8378 = CARTESIAN_POINT('',(0.75,0.635,-1.9));
#8379 = LINE('',#8380,#8381);
#8380 = CARTESIAN_POINT('',(0.75,0.635,-0.95));
#8381 = VECTOR('',#8382,1.);
#8382 = DIRECTION('',(-0.,-0.,1.));
#8383 = ORIENTED_EDGE('',*,*,#8384,.F.);
#8384 = EDGE_CURVE('',#8101,#8377,#8385,.T.);
#8385 = LINE('',#8386,#8387);
#8386 = CARTESIAN_POINT('',(0.75,0.6477,-1.9));
#8387 = VECTOR('',#8388,1.);
#8388 = DIRECTION('',(0.,1.,0.));
#8389 = PLANE('',#8390);
#8390 = AXIS2_PLACEMENT_3D('',#8391,#8392,#8393);
#8391 = CARTESIAN_POINT('',(0.75,0.6477,-0.95));
#8392 = DIRECTION('',(1.,-0.,0.));
#8393 = DIRECTION('',(0.,0.,-1.));
#8394 = ADVANCED_FACE('',(#8395),#8413,.T.);
#8395 = FACE_BOUND('',#8396,.T.);
#8396 = EDGE_LOOP('',(#8397,#8405,#8406,#8407));
#8397 = ORIENTED_EDGE('',*,*,#8398,.T.);
#8398 = EDGE_CURVE('',#8399,#8109,#8401,.T.);
#8399 = VERTEX_POINT('',#8400);
#8400 = CARTESIAN_POINT('',(1.5,0.635,-1.9));
#8401 = LINE('',#8402,#8403);
#8402 = CARTESIAN_POINT('',(1.5,-1.27E-02,-1.9));
#8403 = VECTOR('',#8404,1.);
#8404 = DIRECTION('',(-0.,-1.,-0.));
#8405 = ORIENTED_EDGE('',*,*,#8108,.T.);
#8406 = ORIENTED_EDGE('',*,*,#8384,.T.);
#8407 = ORIENTED_EDGE('',*,*,#8408,.T.);
#8408 = EDGE_CURVE('',#8377,#8399,#8409,.T.);
#8409 = LINE('',#8410,#8411);
#8410 = CARTESIAN_POINT('',(2.775557561563E-16,0.635,-1.9));
#8411 = VECTOR('',#8412,1.);
#8412 = DIRECTION('',(1.,-0.,0.));
#8413 = PLANE('',#8414);
#8414 = AXIS2_PLACEMENT_3D('',#8415,#8416,#8417);
#8415 = CARTESIAN_POINT('',(2.775557561563E-16,-1.27E-02,-1.9));
#8416 = DIRECTION('',(0.,0.,-1.));
#8417 = DIRECTION('',(-1.,0.,-0.));
#8418 = ADVANCED_FACE('',(#8419),#8437,.T.);
#8419 = FACE_BOUND('',#8420,.T.);
#8420 = EDGE_LOOP('',(#8421,#8429,#8430,#8431));
#8421 = ORIENTED_EDGE('',*,*,#8422,.T.);
#8422 = EDGE_CURVE('',#8423,#8117,#8425,.T.);
#8423 = VERTEX_POINT('',#8424);
#8424 = CARTESIAN_POINT('',(1.8,0.635,-1.6));
#8425 = LINE('',#8426,#8427);
#8426 = CARTESIAN_POINT('',(1.8,0.3175,-1.6));
#8427 = VECTOR('',#8428,1.);
#8428 = DIRECTION('',(-0.,-1.,-0.));
#8429 = ORIENTED_EDGE('',*,*,#8116,.T.);
#8430 = ORIENTED_EDGE('',*,*,#8398,.F.);
#8431 = ORIENTED_EDGE('',*,*,#8432,.T.);
#8432 = EDGE_CURVE('',#8399,#8423,#8433,.T.);
#8433 = LINE('',#8434,#8435);
#8434 = CARTESIAN_POINT('',(1.494,0.635,-1.906));
#8435 = VECTOR('',#8436,1.);
#8436 = DIRECTION('',(0.707106781186,-0.,0.707106781187));
#8437 = PLANE('',#8438);
#8438 = AXIS2_PLACEMENT_3D('',#8439,#8440,#8441);
#8439 = CARTESIAN_POINT('',(1.494,0.3175,-1.906));
#8440 = DIRECTION('',(0.707106781187,0.,-0.707106781186));
#8441 = DIRECTION('',(-0.707106781186,0.,-0.707106781187));
#8442 = ADVANCED_FACE('',(#8443),#8471,.T.);
#8443 = FACE_BOUND('',#8444,.T.);
#8444 = EDGE_LOOP('',(#8445,#8446,#8454,#8463,#8469,#8470));
#8445 = ORIENTED_EDGE('',*,*,#8422,.F.);
#8446 = ORIENTED_EDGE('',*,*,#8447,.T.);
#8447 = EDGE_CURVE('',#8423,#8448,#8450,.T.);
#8448 = VERTEX_POINT('',#8449);
#8449 = CARTESIAN_POINT('',(1.8,0.635,1.85));
#8450 = LINE('',#8451,#8452);
#8451 = CARTESIAN_POINT('',(1.8,0.635,0.15));
#8452 = VECTOR('',#8453,1.);
#8453 = DIRECTION('',(-0.,-0.,1.));
#8454 = ORIENTED_EDGE('',*,*,#8455,.T.);
#8455 = EDGE_CURVE('',#8448,#8456,#8458,.T.);
#8456 = VERTEX_POINT('',#8457);
#8457 = CARTESIAN_POINT('',(1.8,0.585,1.9));
#8458 = CIRCLE('',#8459,5.000000000002E-02);
#8459 = AXIS2_PLACEMENT_3D('',#8460,#8461,#8462);
#8460 = CARTESIAN_POINT('',(1.8,0.585,1.85));
#8461 = DIRECTION('',(1.,0.,-0.));
#8462 = DIRECTION('',(0.,3.838075690597E-13,1.));
#8463 = ORIENTED_EDGE('',*,*,#8464,.T.);
#8464 = EDGE_CURVE('',#8456,#8189,#8465,.T.);
#8465 = LINE('',#8466,#8467);
#8466 = CARTESIAN_POINT('',(1.8,-1.27E-02,1.9));
#8467 = VECTOR('',#8468,1.);
#8468 = DIRECTION('',(-0.,-1.,-0.));
#8469 = ORIENTED_EDGE('',*,*,#8188,.F.);
#8470 = ORIENTED_EDGE('',*,*,#8124,.T.);
#8471 = PLANE('',#8472);
#8472 = AXIS2_PLACEMENT_3D('',#8473,#8474,#8475);
#8473 = CARTESIAN_POINT('',(1.8,-1.27E-02,0.15));
#8474 = DIRECTION('',(1.,-0.,0.));
#8475 = DIRECTION('',(0.,0.,-1.));
#8476 = ADVANCED_FACE('',(#8477),#8502,.T.);
#8477 = FACE_BOUND('',#8478,.T.);
#8478 = EDGE_LOOP('',(#8479,#8487,#8495,#8501));
#8479 = ORIENTED_EDGE('',*,*,#8480,.T.);
#8480 = EDGE_CURVE('',#8149,#8481,#8483,.T.);
#8481 = VERTEX_POINT('',#8482);
#8482 = CARTESIAN_POINT('',(0.4,0.585,1.9));
#8483 = LINE('',#8484,#8485);
#8484 = CARTESIAN_POINT('',(0.4,3.93E-02,1.9));
#8485 = VECTOR('',#8486,1.);
#8486 = DIRECTION('',(-0.,1.,0.));
#8487 = ORIENTED_EDGE('',*,*,#8488,.T.);
#8488 = EDGE_CURVE('',#8481,#8489,#8491,.T.);
#8489 = VERTEX_POINT('',#8490);
#8490 = CARTESIAN_POINT('',(-0.4,0.585,1.9));
#8491 = LINE('',#8492,#8493);
#8492 = CARTESIAN_POINT('',(0.,0.585,1.9));
#8493 = VECTOR('',#8494,1.);
#8494 = DIRECTION('',(-1.,-0.,0.));
#8495 = ORIENTED_EDGE('',*,*,#8496,.T.);
#8496 = EDGE_CURVE('',#8489,#8157,#8497,.T.);
#8497 = LINE('',#8498,#8499);
#8498 = CARTESIAN_POINT('',(-0.4,3.93E-02,1.9));
#8499 = VECTOR('',#8500,1.);
#8500 = DIRECTION('',(0.,-1.,-0.));
#8501 = ORIENTED_EDGE('',*,*,#8156,.F.);
#8502 = PLANE('',#8503);
#8503 = AXIS2_PLACEMENT_3D('',#8504,#8505,#8506);
#8504 = CARTESIAN_POINT('',(0.,3.93E-02,1.9));
#8505 = DIRECTION('',(0.,0.,1.));
#8506 = DIRECTION('',(1.,0.,-0.));
#8507 = ADVANCED_FACE('',(#8508),#8533,.T.);
#8508 = FACE_BOUND('',#8509,.T.);
#8509 = EDGE_LOOP('',(#8510,#8520,#8526,#8527));
#8510 = ORIENTED_EDGE('',*,*,#8511,.T.);
#8511 = EDGE_CURVE('',#8512,#8514,#8516,.T.);
#8512 = VERTEX_POINT('',#8513);
#8513 = CARTESIAN_POINT('',(1.35,2.032000000007E-02,1.9));
#8514 = VERTEX_POINT('',#8515);
#8515 = CARTESIAN_POINT('',(0.4,2.032000000007E-02,1.9));
#8516 = LINE('',#8517,#8518);
#8517 = CARTESIAN_POINT('',(0.381,2.032E-02,1.9));
#8518 = VECTOR('',#8519,1.);
#8519 = DIRECTION('',(-1.,0.,-0.));
#8520 = ORIENTED_EDGE('',*,*,#8521,.T.);
#8521 = EDGE_CURVE('',#8514,#8149,#8522,.T.);
#8522 = LINE('',#8523,#8524);
#8523 = CARTESIAN_POINT('',(0.4,0.31496,1.9));
#8524 = VECTOR('',#8525,1.);
#8525 = DIRECTION('',(0.,1.,0.));
#8526 = ORIENTED_EDGE('',*,*,#8146,.F.);
#8527 = ORIENTED_EDGE('',*,*,#8528,.T.);
#8528 = EDGE_CURVE('',#8147,#8512,#8529,.T.);
#8529 = LINE('',#8530,#8531);
#8530 = CARTESIAN_POINT('',(1.35,0.31496,1.9));
#8531 = VECTOR('',#8532,1.);
#8532 = DIRECTION('',(-0.,-1.,-0.));
#8533 = PLANE('',#8534);
#8534 = AXIS2_PLACEMENT_3D('',#8535,#8536,#8537);
#8535 = CARTESIAN_POINT('',(0.381,0.31496,1.9));
#8536 = DIRECTION('',(0.,0.,-1.));
#8537 = DIRECTION('',(-1.,0.,-0.));
#8538 = ADVANCED_FACE('',(#8539),#8557,.T.);
#8539 = FACE_BOUND('',#8540,.T.);
#8540 = EDGE_LOOP('',(#8541,#8542,#8550,#8556));
#8541 = ORIENTED_EDGE('',*,*,#8464,.F.);
#8542 = ORIENTED_EDGE('',*,*,#8543,.T.);
#8543 = EDGE_CURVE('',#8456,#8544,#8546,.T.);
#8544 = VERTEX_POINT('',#8545);
#8545 = CARTESIAN_POINT('',(1.35,0.585,1.9));
#8546 = LINE('',#8547,#8548);
#8547 = CARTESIAN_POINT('',(0.,0.585,1.9));
#8548 = VECTOR('',#8549,1.);
#8549 = DIRECTION('',(-1.,-0.,0.));
#8550 = ORIENTED_EDGE('',*,*,#8551,.T.);
#8551 = EDGE_CURVE('',#8544,#8147,#8552,.T.);
#8552 = LINE('',#8553,#8554);
#8553 = CARTESIAN_POINT('',(1.35,3.93E-02,1.9));
#8554 = VECTOR('',#8555,1.);
#8555 = DIRECTION('',(0.,-1.,-0.));
#8556 = ORIENTED_EDGE('',*,*,#8197,.F.);
#8557 = PLANE('',#8558);
#8558 = AXIS2_PLACEMENT_3D('',#8559,#8560,#8561);
#8559 = CARTESIAN_POINT('',(0.,3.93E-02,1.9));
#8560 = DIRECTION('',(0.,0.,1.));
#8561 = DIRECTION('',(1.,0.,-0.));
#8562 = ADVANCED_FACE('',(#8563),#8581,.T.);
#8563 = FACE_BOUND('',#8564,.T.);
#8564 = EDGE_LOOP('',(#8565,#8566,#8567,#8575));
#8565 = ORIENTED_EDGE('',*,*,#8212,.F.);
#8566 = ORIENTED_EDGE('',*,*,#8172,.F.);
#8567 = ORIENTED_EDGE('',*,*,#8568,.T.);
#8568 = EDGE_CURVE('',#8165,#8569,#8571,.T.);
#8569 = VERTEX_POINT('',#8570);
#8570 = CARTESIAN_POINT('',(-1.35,0.585,1.9));
#8571 = LINE('',#8572,#8573);
#8572 = CARTESIAN_POINT('',(-1.35,3.93E-02,1.9));
#8573 = VECTOR('',#8574,1.);
#8574 = DIRECTION('',(-0.,1.,0.));
#8575 = ORIENTED_EDGE('',*,*,#8576,.T.);
#8576 = EDGE_CURVE('',#8569,#8213,#8577,.T.);
#8577 = LINE('',#8578,#8579);
#8578 = CARTESIAN_POINT('',(0.,0.585,1.9));
#8579 = VECTOR('',#8580,1.);
#8580 = DIRECTION('',(-1.,-0.,0.));
#8581 = PLANE('',#8582);
#8582 = AXIS2_PLACEMENT_3D('',#8583,#8584,#8585);
#8583 = CARTESIAN_POINT('',(0.,3.93E-02,1.9));
#8584 = DIRECTION('',(0.,0.,1.));
#8585 = DIRECTION('',(1.,0.,-0.));
#8586 = ADVANCED_FACE('',(#8587),#8612,.F.);
#8587 = FACE_BOUND('',#8588,.T.);
#8588 = EDGE_LOOP('',(#8589,#8597,#8605,#8611));
#8589 = ORIENTED_EDGE('',*,*,#8590,.F.);
#8590 = EDGE_CURVE('',#8591,#8157,#8593,.T.);
#8591 = VERTEX_POINT('',#8592);
#8592 = CARTESIAN_POINT('',(-0.4,2.032000000007E-02,1.9));
#8593 = LINE('',#8594,#8595);
#8594 = CARTESIAN_POINT('',(-0.4,0.31496,1.9));
#8595 = VECTOR('',#8596,1.);
#8596 = DIRECTION('',(-0.,1.,0.));
#8597 = ORIENTED_EDGE('',*,*,#8598,.F.);
#8598 = EDGE_CURVE('',#8599,#8591,#8601,.T.);
#8599 = VERTEX_POINT('',#8600);
#8600 = CARTESIAN_POINT('',(-1.35,2.032000000007E-02,1.9));
#8601 = LINE('',#8602,#8603);
#8602 = CARTESIAN_POINT('',(-0.381,2.032E-02,1.9));
#8603 = VECTOR('',#8604,1.);
#8604 = DIRECTION('',(1.,0.,-0.));
#8605 = ORIENTED_EDGE('',*,*,#8606,.F.);
#8606 = EDGE_CURVE('',#8165,#8599,#8607,.T.);
#8607 = LINE('',#8608,#8609);
#8608 = CARTESIAN_POINT('',(-1.35,0.31496,1.9));
#8609 = VECTOR('',#8610,1.);
#8610 = DIRECTION('',(0.,-1.,-0.));
#8611 = ORIENTED_EDGE('',*,*,#8164,.F.);
#8612 = PLANE('',#8613);
#8613 = AXIS2_PLACEMENT_3D('',#8614,#8615,#8616);
#8614 = CARTESIAN_POINT('',(-0.381,0.31496,1.9));
#8615 = DIRECTION('',(0.,0.,1.));
#8616 = DIRECTION('',(1.,0.,-0.));
#8617 = ADVANCED_FACE('',(#8618,#8654),#8758,.T.);
#8618 = FACE_BOUND('',#8619,.T.);
#8619 = EDGE_LOOP('',(#8620,#8653));
#8620 = ORIENTED_EDGE('',*,*,#8621,.T.);
#8621 = EDGE_CURVE('',#7467,#7465,#8622,.T.);
#8622 = B_SPLINE_CURVE_WITH_KNOTS('',3,(#8623,#8624,#8625,#8626,#8627,
    #8628,#8629,#8630,#8631,#8632,#8633,#8634,#8635,#8636,#8637,#8638,
    #8639,#8640,#8641,#8642,#8643,#8644,#8645,#8646,#8647,#8648,#8649,
    #8650,#8651,#8652),.UNSPECIFIED.,.F.,.F.,(4,1,2,2,2,1,2,2,2,1,2,2,2,
    1,2,2,4),(0.5,0.53125,0.546875,0.5625,0.625,0.65625,0.671875,0.6875,
    0.75,0.78125,0.796875,0.8125,0.875,0.90625,0.921875,0.9375,1.),
  .UNSPECIFIED.);
#8623 = CARTESIAN_POINT('',(-1.01758028228E-13,0.635,-0.8));
#8624 = CARTESIAN_POINT('',(4.433244548341E-02,0.635,-0.800033597443));
#8625 = CARTESIAN_POINT('',(0.109790066683,0.635,-0.793915271868));
#8626 = CARTESIAN_POINT('',(0.173686117343,0.635,-0.778543863684));
#8627 = CARTESIAN_POINT('',(0.215936468775,0.635,-0.766240017649));
#8628 = CARTESIAN_POINT('',(0.235275606073,0.635,-0.759696985259));
#8629 = CARTESIAN_POINT('',(0.347229059176,0.635,-0.715471112681));
#8630 = CARTESIAN_POINT('',(0.426829051439,0.635,-0.663015680146));
#8631 = CARTESIAN_POINT('',(0.529047594526,0.635,-0.560954280173));
#8632 = CARTESIAN_POINT('',(0.574086863288,0.635,-0.505775373912));
#8633 = CARTESIAN_POINT('',(0.610021127874,0.635,-0.444374158241));
#8634 = CARTESIAN_POINT('',(0.631953970005,0.635,-0.402057279036));
#8635 = CARTESIAN_POINT('',(0.642677376747,0.635,-0.378270071598));
#8636 = CARTESIAN_POINT('',(0.68354954673,0.635,-0.275251197076));
#8637 = CARTESIAN_POINT('',(0.699932805114,0.635,-0.188664890967));
#8638 = CARTESIAN_POINT('',(0.700033597443,0.635,-5.566755451659E-02));
#8639 = CARTESIAN_POINT('',(0.693915271868,0.635,9.790066682643E-03));
#8640 = CARTESIAN_POINT('',(0.678543863684,0.635,7.368611734302E-02));
#8641 = CARTESIAN_POINT('',(0.666240017649,0.635,0.115936468775));
#8642 = CARTESIAN_POINT('',(0.659696985259,0.635,0.135275606073));
#8643 = CARTESIAN_POINT('',(0.615471112681,0.635,0.247229059176));
#8644 = CARTESIAN_POINT('',(0.563015680146,0.635,0.326829051439));
#8645 = CARTESIAN_POINT('',(0.460954280173,0.635,0.429047594526));
#8646 = CARTESIAN_POINT('',(0.405775373912,0.635,0.474086863287));
#8647 = CARTESIAN_POINT('',(0.344374158241,0.635,0.510021127874));
#8648 = CARTESIAN_POINT('',(0.302057279036,0.635,0.531953970005));
#8649 = CARTESIAN_POINT('',(0.278312746116,0.635,0.542660445868));
#8650 = CARTESIAN_POINT('',(0.175080499004,0.635,0.583617270248));
#8651 = CARTESIAN_POINT('',(8.919173343957E-02,0.635,0.6));
#8652 = CARTESIAN_POINT('',(4.942313006939E-17,0.635,0.6));
#8653 = ORIENTED_EDGE('',*,*,#7464,.T.);
#8654 = FACE_BOUND('',#8655,.T.);
#8655 = EDGE_LOOP('',(#8656,#8657,#8665,#8673,#8681,#8690,#8698,#8706,
    #8714,#8723,#8731,#8739,#8745,#8746,#8747,#8748,#8749,#8755,#8756,
    #8757));
#8656 = ORIENTED_EDGE('',*,*,#8229,.F.);
#8657 = ORIENTED_EDGE('',*,*,#8658,.T.);
#8658 = EDGE_CURVE('',#8221,#8659,#8661,.T.);
#8659 = VERTEX_POINT('',#8660);
#8660 = CARTESIAN_POINT('',(-1.35,0.635,1.85));
#8661 = LINE('',#8662,#8663);
#8662 = CARTESIAN_POINT('',(0.,0.635,1.85));
#8663 = VECTOR('',#8664,1.);
#8664 = DIRECTION('',(1.,0.,-0.));
#8665 = ORIENTED_EDGE('',*,*,#8666,.T.);
#8666 = EDGE_CURVE('',#8659,#8667,#8669,.T.);
#8667 = VERTEX_POINT('',#8668);
#8668 = CARTESIAN_POINT('',(-1.35,0.635,0.841359816259));
#8669 = LINE('',#8670,#8671);
#8670 = CARTESIAN_POINT('',(-1.35,0.635,1.925));
#8671 = VECTOR('',#8672,1.);
#8672 = DIRECTION('',(-0.,0.,-1.));
#8673 = ORIENTED_EDGE('',*,*,#8674,.T.);
#8674 = EDGE_CURVE('',#8667,#8675,#8677,.T.);
#8675 = VERTEX_POINT('',#8676);
#8676 = CARTESIAN_POINT('',(-0.798738727668,0.635,0.640717121827));
#8677 = LINE('',#8678,#8679);
#8678 = CARTESIAN_POINT('',(-1.35,0.635,0.841359816259));
#8679 = VECTOR('',#8680,1.);
#8680 = DIRECTION('',(0.939692620786,0.,-0.342020143326));
#8681 = ORIENTED_EDGE('',*,*,#8682,.T.);
#8682 = EDGE_CURVE('',#8675,#8683,#8685,.T.);
#8683 = VERTEX_POINT('',#8684);
#8684 = CARTESIAN_POINT('',(-0.4,0.635,1.1));
#8685 = CIRCLE('',#8686,0.85);
#8686 = AXIS2_PLACEMENT_3D('',#8687,#8688,#8689);
#8687 = CARTESIAN_POINT('',(2.80608869474E-13,0.635,0.35));
#8688 = DIRECTION('',(-0.,1.,0.));
#8689 = DIRECTION('',(0.,0.,-1.));
#8690 = ORIENTED_EDGE('',*,*,#8691,.T.);
#8691 = EDGE_CURVE('',#8683,#8692,#8694,.T.);
#8692 = VERTEX_POINT('',#8693);
#8693 = CARTESIAN_POINT('',(-0.4,0.635,1.85));
#8694 = LINE('',#8695,#8696);
#8695 = CARTESIAN_POINT('',(-0.4,0.635,1.925));
#8696 = VECTOR('',#8697,1.);
#8697 = DIRECTION('',(0.,-0.,1.));
#8698 = ORIENTED_EDGE('',*,*,#8699,.T.);
#8699 = EDGE_CURVE('',#8692,#8700,#8702,.T.);
#8700 = VERTEX_POINT('',#8701);
#8701 = CARTESIAN_POINT('',(0.4,0.635,1.85));
#8702 = LINE('',#8703,#8704);
#8703 = CARTESIAN_POINT('',(0.,0.635,1.85));
#8704 = VECTOR('',#8705,1.);
#8705 = DIRECTION('',(1.,0.,-0.));
#8706 = ORIENTED_EDGE('',*,*,#8707,.T.);
#8707 = EDGE_CURVE('',#8700,#8708,#8710,.T.);
#8708 = VERTEX_POINT('',#8709);
#8709 = CARTESIAN_POINT('',(0.4,0.635,1.1));
#8710 = LINE('',#8711,#8712);
#8711 = CARTESIAN_POINT('',(0.4,0.635,1.925));
#8712 = VECTOR('',#8713,1.);
#8713 = DIRECTION('',(-0.,0.,-1.));
#8714 = ORIENTED_EDGE('',*,*,#8715,.T.);
#8715 = EDGE_CURVE('',#8708,#8716,#8718,.T.);
#8716 = VERTEX_POINT('',#8717);
#8717 = CARTESIAN_POINT('',(0.798738727668,0.635,0.640717121827));
#8718 = CIRCLE('',#8719,0.85);
#8719 = AXIS2_PLACEMENT_3D('',#8720,#8721,#8722);
#8720 = CARTESIAN_POINT('',(-2.986499936242E-13,0.635,0.35));
#8721 = DIRECTION('',(-0.,1.,0.));
#8722 = DIRECTION('',(8.881784197001E-16,0.,-1.));
#8723 = ORIENTED_EDGE('',*,*,#8724,.T.);
#8724 = EDGE_CURVE('',#8716,#8725,#8727,.T.);
#8725 = VERTEX_POINT('',#8726);
#8726 = CARTESIAN_POINT('',(1.35,0.635,0.841359816259));
#8727 = LINE('',#8728,#8729);
#8728 = CARTESIAN_POINT('',(0.798738727668,0.635,0.640717121827));
#8729 = VECTOR('',#8730,1.);
#8730 = DIRECTION('',(0.939692620786,0.,0.342020143326));
#8731 = ORIENTED_EDGE('',*,*,#8732,.T.);
#8732 = EDGE_CURVE('',#8725,#8733,#8735,.T.);
#8733 = VERTEX_POINT('',#8734);
#8734 = CARTESIAN_POINT('',(1.35,0.635,1.85));
#8735 = LINE('',#8736,#8737);
#8736 = CARTESIAN_POINT('',(1.35,0.635,1.925));
#8737 = VECTOR('',#8738,1.);
#8738 = DIRECTION('',(0.,-0.,1.));
#8739 = ORIENTED_EDGE('',*,*,#8740,.T.);
#8740 = EDGE_CURVE('',#8733,#8448,#8741,.T.);
#8741 = LINE('',#8742,#8743);
#8742 = CARTESIAN_POINT('',(0.,0.635,1.85));
#8743 = VECTOR('',#8744,1.);
#8744 = DIRECTION('',(1.,0.,-0.));
#8745 = ORIENTED_EDGE('',*,*,#8447,.F.);
#8746 = ORIENTED_EDGE('',*,*,#8432,.F.);
#8747 = ORIENTED_EDGE('',*,*,#8408,.F.);
#8748 = ORIENTED_EDGE('',*,*,#8376,.T.);
#8749 = ORIENTED_EDGE('',*,*,#8750,.T.);
#8750 = EDGE_CURVE('',#8369,#8311,#8751,.T.);
#8751 = LINE('',#8752,#8753);
#8752 = CARTESIAN_POINT('',(0.,0.635,-1.6));
#8753 = VECTOR('',#8754,1.);
#8754 = DIRECTION('',(-1.,-0.,0.));
#8755 = ORIENTED_EDGE('',*,*,#8310,.T.);
#8756 = ORIENTED_EDGE('',*,*,#8277,.F.);
#8757 = ORIENTED_EDGE('',*,*,#8262,.F.);
#8758 = PLANE('',#8759);
#8759 = AXIS2_PLACEMENT_3D('',#8760,#8761,#8762);
#8760 = CARTESIAN_POINT('',(0.,0.635,1.925));
#8761 = DIRECTION('',(0.,1.,0.));
#8762 = DIRECTION('',(0.,-0.,1.));
#8763 = ADVANCED_FACE('',(#8764),#8798,.T.);
#8764 = FACE_BOUND('',#8765,.T.);
#8765 = EDGE_LOOP('',(#8766,#8767,#8768,#8774,#8775,#8781,#8782,#8783,
    #8784,#8790,#8791,#8797));
#8766 = ORIENTED_EDGE('',*,*,#8220,.F.);
#8767 = ORIENTED_EDGE('',*,*,#8576,.F.);
#8768 = ORIENTED_EDGE('',*,*,#8769,.T.);
#8769 = EDGE_CURVE('',#8569,#8489,#8770,.T.);
#8770 = LINE('',#8771,#8772);
#8771 = CARTESIAN_POINT('',(-1.872,0.585,1.9));
#8772 = VECTOR('',#8773,1.);
#8773 = DIRECTION('',(1.,-0.,-0.));
#8774 = ORIENTED_EDGE('',*,*,#8488,.F.);
#8775 = ORIENTED_EDGE('',*,*,#8776,.T.);
#8776 = EDGE_CURVE('',#8481,#8544,#8777,.T.);
#8777 = LINE('',#8778,#8779);
#8778 = CARTESIAN_POINT('',(-1.872,0.585,1.9));
#8779 = VECTOR('',#8780,1.);
#8780 = DIRECTION('',(1.,-0.,-0.));
#8781 = ORIENTED_EDGE('',*,*,#8543,.F.);
#8782 = ORIENTED_EDGE('',*,*,#8455,.F.);
#8783 = ORIENTED_EDGE('',*,*,#8740,.F.);
#8784 = ORIENTED_EDGE('',*,*,#8785,.T.);
#8785 = EDGE_CURVE('',#8733,#8700,#8786,.T.);
#8786 = LINE('',#8787,#8788);
#8787 = CARTESIAN_POINT('',(-1.872,0.635,1.85));
#8788 = VECTOR('',#8789,1.);
#8789 = DIRECTION('',(-1.,0.,0.));
#8790 = ORIENTED_EDGE('',*,*,#8699,.F.);
#8791 = ORIENTED_EDGE('',*,*,#8792,.T.);
#8792 = EDGE_CURVE('',#8692,#8659,#8793,.T.);
#8793 = LINE('',#8794,#8795);
#8794 = CARTESIAN_POINT('',(-1.872,0.635,1.85));
#8795 = VECTOR('',#8796,1.);
#8796 = DIRECTION('',(-1.,0.,0.));
#8797 = ORIENTED_EDGE('',*,*,#8658,.F.);
#8798 = CYLINDRICAL_SURFACE('',#8799,5.000000000002E-02);
#8799 = AXIS2_PLACEMENT_3D('',#8800,#8801,#8802);
#8800 = CARTESIAN_POINT('',(-1.872,0.585,1.85));
#8801 = DIRECTION('',(-1.,0.,0.));
#8802 = DIRECTION('',(0.,0.,1.));
#8803 = ADVANCED_FACE('',(#8804,#8839),#8851,.T.);
#8804 = FACE_BOUND('',#8805,.T.);
#8805 = EDGE_LOOP('',(#8806,#8816,#8824,#8833));
#8806 = ORIENTED_EDGE('',*,*,#8807,.T.);
#8807 = EDGE_CURVE('',#8808,#8810,#8812,.T.);
#8808 = VERTEX_POINT('',#8809);
#8809 = CARTESIAN_POINT('',(0.73,0.2,-1.05));
#8810 = VERTEX_POINT('',#8811);
#8811 = CARTESIAN_POINT('',(-0.73,0.2,-1.05));
#8812 = LINE('',#8813,#8814);
#8813 = CARTESIAN_POINT('',(-1.387778780781E-16,0.2,-1.05));
#8814 = VECTOR('',#8815,1.);
#8815 = DIRECTION('',(-1.,-0.,-0.));
#8816 = ORIENTED_EDGE('',*,*,#8817,.T.);
#8817 = EDGE_CURVE('',#8810,#8818,#8820,.T.);
#8818 = VERTEX_POINT('',#8819);
#8819 = CARTESIAN_POINT('',(-0.73,0.2,-9.999999999998E-02));
#8820 = LINE('',#8821,#8822);
#8821 = CARTESIAN_POINT('',(-0.73,0.2,0.701770043472));
#8822 = VECTOR('',#8823,1.);
#8823 = DIRECTION('',(-0.,0.,1.));
#8824 = ORIENTED_EDGE('',*,*,#8825,.T.);
#8825 = EDGE_CURVE('',#8818,#8826,#8828,.T.);
#8826 = VERTEX_POINT('',#8827);
#8827 = CARTESIAN_POINT('',(0.73,0.2,-9.999999999998E-02));
#8828 = CIRCLE('',#8829,0.73);
#8829 = AXIS2_PLACEMENT_3D('',#8830,#8831,#8832);
#8830 = CARTESIAN_POINT('',(4.008709430171E-17,0.2,-9.999999999996E-02)
  );
#8831 = DIRECTION('',(-0.,1.,0.));
#8832 = DIRECTION('',(0.,0.,-1.));
#8833 = ORIENTED_EDGE('',*,*,#8834,.T.);
#8834 = EDGE_CURVE('',#8826,#8808,#8835,.T.);
#8835 = LINE('',#8836,#8837);
#8836 = CARTESIAN_POINT('',(0.73,0.2,0.701770043472));
#8837 = VECTOR('',#8838,1.);
#8838 = DIRECTION('',(0.,-0.,-1.));
#8839 = FACE_BOUND('',#8840,.T.);
#8840 = EDGE_LOOP('',(#8841,#8842,#8843,#8844,#8850));
#8841 = ORIENTED_EDGE('',*,*,#7750,.T.);
#8842 = ORIENTED_EDGE('',*,*,#8340,.T.);
#8843 = ORIENTED_EDGE('',*,*,#8326,.T.);
#8844 = ORIENTED_EDGE('',*,*,#8845,.T.);
#8845 = EDGE_CURVE('',#8319,#8361,#8846,.T.);
#8846 = LINE('',#8847,#8848);
#8847 = CARTESIAN_POINT('',(-1.387778780781E-16,0.2,-1.6));
#8848 = VECTOR('',#8849,1.);
#8849 = DIRECTION('',(1.,0.,0.));
#8850 = ORIENTED_EDGE('',*,*,#8360,.T.);
#8851 = PLANE('',#8852);
#8852 = AXIS2_PLACEMENT_3D('',#8853,#8854,#8855);
#8853 = CARTESIAN_POINT('',(-1.387778780781E-16,0.2,0.701770043472));
#8854 = DIRECTION('',(0.,-1.,0.));
#8855 = DIRECTION('',(0.,-0.,-1.));
#8856 = ADVANCED_FACE('',(#8857),#8958,.F.);
#8857 = FACE_BOUND('',#8858,.T.);
#8858 = EDGE_LOOP('',(#8859,#8867,#8876,#8882,#8883,#8884,#8893,#8901,
    #8909,#8917,#8926,#8934,#8943,#8951,#8957));
#8859 = ORIENTED_EDGE('',*,*,#8860,.F.);
#8860 = EDGE_CURVE('',#8861,#8700,#8863,.T.);
#8861 = VERTEX_POINT('',#8862);
#8862 = CARTESIAN_POINT('',(0.4,0.635,1.8746));
#8863 = LINE('',#8864,#8865);
#8864 = CARTESIAN_POINT('',(0.4,0.635,1.50635));
#8865 = VECTOR('',#8866,1.);
#8866 = DIRECTION('',(0.,0.,-1.));
#8867 = ORIENTED_EDGE('',*,*,#8868,.F.);
#8868 = EDGE_CURVE('',#8869,#8861,#8871,.T.);
#8869 = VERTEX_POINT('',#8870);
#8870 = CARTESIAN_POINT('',(0.4,0.6096,1.9));
#8871 = CIRCLE('',#8872,2.54000000001E-02);
#8872 = AXIS2_PLACEMENT_3D('',#8873,#8874,#8875);
#8873 = CARTESIAN_POINT('',(0.4,0.6096,1.8746));
#8874 = DIRECTION('',(-1.,0.,0.));
#8875 = DIRECTION('',(0.,0.,1.));
#8876 = ORIENTED_EDGE('',*,*,#8877,.F.);
#8877 = EDGE_CURVE('',#8481,#8869,#8878,.T.);
#8878 = LINE('',#8879,#8880);
#8879 = CARTESIAN_POINT('',(0.4,-3.10896E-02,1.9));
#8880 = VECTOR('',#8881,1.);
#8881 = DIRECTION('',(0.,1.,0.));
#8882 = ORIENTED_EDGE('',*,*,#8480,.F.);
#8883 = ORIENTED_EDGE('',*,*,#8521,.F.);
#8884 = ORIENTED_EDGE('',*,*,#8885,.F.);
#8885 = EDGE_CURVE('',#8886,#8514,#8888,.T.);
#8886 = VERTEX_POINT('',#8887);
#8887 = CARTESIAN_POINT('',(0.4,-5.080000000014E-03,1.8746));
#8888 = CIRCLE('',#8889,2.540000000016E-02);
#8889 = AXIS2_PLACEMENT_3D('',#8890,#8891,#8892);
#8890 = CARTESIAN_POINT('',(0.4,2.032000000013E-02,1.8746));
#8891 = DIRECTION('',(-1.,0.,0.));
#8892 = DIRECTION('',(0.,0.,1.));
#8893 = ORIENTED_EDGE('',*,*,#8894,.F.);
#8894 = EDGE_CURVE('',#8895,#8886,#8897,.T.);
#8895 = VERTEX_POINT('',#8896);
#8896 = CARTESIAN_POINT('',(0.4,-5.08E-03,1.2127));
#8897 = LINE('',#8898,#8899);
#8898 = CARTESIAN_POINT('',(0.4,-5.08E-03,1.50635));
#8899 = VECTOR('',#8900,1.);
#8900 = DIRECTION('',(-0.,-0.,1.));
#8901 = ORIENTED_EDGE('',*,*,#8902,.F.);
#8902 = EDGE_CURVE('',#8903,#8895,#8905,.T.);
#8903 = VERTEX_POINT('',#8904);
#8904 = CARTESIAN_POINT('',(0.4,-1.778E-02,1.2127));
#8905 = LINE('',#8906,#8907);
#8906 = CARTESIAN_POINT('',(0.4,-3.10896E-02,1.2127));
#8907 = VECTOR('',#8908,1.);
#8908 = DIRECTION('',(0.,1.,0.));
#8909 = ORIENTED_EDGE('',*,*,#8910,.F.);
#8910 = EDGE_CURVE('',#8911,#8903,#8913,.T.);
#8911 = VERTEX_POINT('',#8912);
#8912 = CARTESIAN_POINT('',(0.4,-1.778E-02,1.8746));
#8913 = LINE('',#8914,#8915);
#8914 = CARTESIAN_POINT('',(0.4,-1.778E-02,1.50635));
#8915 = VECTOR('',#8916,1.);
#8916 = DIRECTION('',(0.,0.,-1.));
#8917 = ORIENTED_EDGE('',*,*,#8918,.F.);
#8918 = EDGE_CURVE('',#8919,#8911,#8921,.T.);
#8919 = VERTEX_POINT('',#8920);
#8920 = CARTESIAN_POINT('',(0.4,2.032000000003E-02,1.9127));
#8921 = CIRCLE('',#8922,3.810000000008E-02);
#8922 = AXIS2_PLACEMENT_3D('',#8923,#8924,#8925);
#8923 = CARTESIAN_POINT('',(0.4,2.032000000007E-02,1.8746));
#8924 = DIRECTION('',(1.,0.,0.));
#8925 = DIRECTION('',(0.,0.,-1.));
#8926 = ORIENTED_EDGE('',*,*,#8927,.F.);
#8927 = EDGE_CURVE('',#8928,#8919,#8930,.T.);
#8928 = VERTEX_POINT('',#8929);
#8929 = CARTESIAN_POINT('',(0.4,0.6096,1.9127));
#8930 = LINE('',#8931,#8932);
#8931 = CARTESIAN_POINT('',(0.4,-3.10896E-02,1.9127));
#8932 = VECTOR('',#8933,1.);
#8933 = DIRECTION('',(-0.,-1.,-0.));
#8934 = ORIENTED_EDGE('',*,*,#8935,.F.);
#8935 = EDGE_CURVE('',#8936,#8928,#8938,.T.);
#8936 = VERTEX_POINT('',#8937);
#8937 = CARTESIAN_POINT('',(0.4,0.6477,1.8746));
#8938 = CIRCLE('',#8939,3.810000000022E-02);
#8939 = AXIS2_PLACEMENT_3D('',#8940,#8941,#8942);
#8940 = CARTESIAN_POINT('',(0.4,0.6096,1.8746));
#8941 = DIRECTION('',(1.,0.,0.));
#8942 = DIRECTION('',(0.,0.,-1.));
#8943 = ORIENTED_EDGE('',*,*,#8944,.F.);
#8944 = EDGE_CURVE('',#8945,#8936,#8947,.T.);
#8945 = VERTEX_POINT('',#8946);
#8946 = CARTESIAN_POINT('',(0.4,0.6477,1.1));
#8947 = LINE('',#8948,#8949);
#8948 = CARTESIAN_POINT('',(0.4,0.6477,1.50635));
#8949 = VECTOR('',#8950,1.);
#8950 = DIRECTION('',(-0.,-0.,1.));
#8951 = ORIENTED_EDGE('',*,*,#8952,.F.);
#8952 = EDGE_CURVE('',#8708,#8945,#8953,.T.);
#8953 = LINE('',#8954,#8955);
#8954 = CARTESIAN_POINT('',(0.4,-3.10896E-02,1.1));
#8955 = VECTOR('',#8956,1.);
#8956 = DIRECTION('',(0.,1.,0.));
#8957 = ORIENTED_EDGE('',*,*,#8707,.F.);
#8958 = PLANE('',#8959);
#8959 = AXIS2_PLACEMENT_3D('',#8960,#8961,#8962);
#8960 = CARTESIAN_POINT('',(0.4,-3.10896E-02,1.50635));
#8961 = DIRECTION('',(1.,-0.,0.));
#8962 = DIRECTION('',(0.,0.,-1.));
#8963 = ADVANCED_FACE('',(#8964),#9065,.F.);
#8964 = FACE_BOUND('',#8965,.T.);
#8965 = EDGE_LOOP('',(#8966,#8974,#8982,#8991,#8999,#9008,#9016,#9024,
    #9032,#9039,#9040,#9041,#9049,#9058,#9064));
#8966 = ORIENTED_EDGE('',*,*,#8967,.F.);
#8967 = EDGE_CURVE('',#8968,#8683,#8970,.T.);
#8968 = VERTEX_POINT('',#8969);
#8969 = CARTESIAN_POINT('',(-0.4,0.6477,1.1));
#8970 = LINE('',#8971,#8972);
#8971 = CARTESIAN_POINT('',(-0.4,-3.10896E-02,1.1));
#8972 = VECTOR('',#8973,1.);
#8973 = DIRECTION('',(-0.,-1.,0.));
#8974 = ORIENTED_EDGE('',*,*,#8975,.F.);
#8975 = EDGE_CURVE('',#8976,#8968,#8978,.T.);
#8976 = VERTEX_POINT('',#8977);
#8977 = CARTESIAN_POINT('',(-0.4,0.6477,1.8746));
#8978 = LINE('',#8979,#8980);
#8979 = CARTESIAN_POINT('',(-0.4,0.6477,1.50635));
#8980 = VECTOR('',#8981,1.);
#8981 = DIRECTION('',(-0.,-0.,-1.));
#8982 = ORIENTED_EDGE('',*,*,#8983,.F.);
#8983 = EDGE_CURVE('',#8984,#8976,#8986,.T.);
#8984 = VERTEX_POINT('',#8985);
#8985 = CARTESIAN_POINT('',(-0.4,0.6096,1.9127));
#8986 = CIRCLE('',#8987,3.810000000022E-02);
#8987 = AXIS2_PLACEMENT_3D('',#8988,#8989,#8990);
#8988 = CARTESIAN_POINT('',(-0.4,0.6096,1.8746));
#8989 = DIRECTION('',(-1.,-0.,-0.));
#8990 = DIRECTION('',(0.,0.,-1.));
#8991 = ORIENTED_EDGE('',*,*,#8992,.F.);
#8992 = EDGE_CURVE('',#8993,#8984,#8995,.T.);
#8993 = VERTEX_POINT('',#8994);
#8994 = CARTESIAN_POINT('',(-0.4,2.032000000003E-02,1.9127));
#8995 = LINE('',#8996,#8997);
#8996 = CARTESIAN_POINT('',(-0.4,-3.10896E-02,1.9127));
#8997 = VECTOR('',#8998,1.);
#8998 = DIRECTION('',(0.,1.,-0.));
#8999 = ORIENTED_EDGE('',*,*,#9000,.F.);
#9000 = EDGE_CURVE('',#9001,#8993,#9003,.T.);
#9001 = VERTEX_POINT('',#9002);
#9002 = CARTESIAN_POINT('',(-0.4,-1.778000000001E-02,1.8746));
#9003 = CIRCLE('',#9004,3.810000000008E-02);
#9004 = AXIS2_PLACEMENT_3D('',#9005,#9006,#9007);
#9005 = CARTESIAN_POINT('',(-0.4,2.032000000007E-02,1.8746));
#9006 = DIRECTION('',(-1.,-0.,0.));
#9007 = DIRECTION('',(0.,-8.892734354357E-16,-1.));
#9008 = ORIENTED_EDGE('',*,*,#9009,.F.);
#9009 = EDGE_CURVE('',#9010,#9001,#9012,.T.);
#9010 = VERTEX_POINT('',#9011);
#9011 = CARTESIAN_POINT('',(-0.4,-1.778E-02,1.3127));
#9012 = LINE('',#9013,#9014);
#9013 = CARTESIAN_POINT('',(-0.4,-1.778E-02,1.50635));
#9014 = VECTOR('',#9015,1.);
#9015 = DIRECTION('',(0.,0.,1.));
#9016 = ORIENTED_EDGE('',*,*,#9017,.F.);
#9017 = EDGE_CURVE('',#9018,#9010,#9020,.T.);
#9018 = VERTEX_POINT('',#9019);
#9019 = CARTESIAN_POINT('',(-0.4,-5.08E-03,1.3127));
#9020 = LINE('',#9021,#9022);
#9021 = CARTESIAN_POINT('',(-0.4,-3.10896E-02,1.3127));
#9022 = VECTOR('',#9023,1.);
#9023 = DIRECTION('',(-0.,-1.,0.));
#9024 = ORIENTED_EDGE('',*,*,#9025,.F.);
#9025 = EDGE_CURVE('',#9026,#9018,#9028,.T.);
#9026 = VERTEX_POINT('',#9027);
#9027 = CARTESIAN_POINT('',(-0.4,-5.080000000014E-03,1.8746));
#9028 = LINE('',#9029,#9030);
#9029 = CARTESIAN_POINT('',(-0.4,-5.08E-03,1.50635));
#9030 = VECTOR('',#9031,1.);
#9031 = DIRECTION('',(-0.,-0.,-1.));
#9032 = ORIENTED_EDGE('',*,*,#9033,.F.);
#9033 = EDGE_CURVE('',#8591,#9026,#9034,.T.);
#9034 = CIRCLE('',#9035,2.540000000016E-02);
#9035 = AXIS2_PLACEMENT_3D('',#9036,#9037,#9038);
#9036 = CARTESIAN_POINT('',(-0.4,2.032000000013E-02,1.8746));
#9037 = DIRECTION('',(1.,0.,-0.));
#9038 = DIRECTION('',(0.,-2.639674802064E-12,1.));
#9039 = ORIENTED_EDGE('',*,*,#8590,.T.);
#9040 = ORIENTED_EDGE('',*,*,#8496,.F.);
#9041 = ORIENTED_EDGE('',*,*,#9042,.F.);
#9042 = EDGE_CURVE('',#9043,#8489,#9045,.T.);
#9043 = VERTEX_POINT('',#9044);
#9044 = CARTESIAN_POINT('',(-0.4,0.6096,1.9));
#9045 = LINE('',#9046,#9047);
#9046 = CARTESIAN_POINT('',(-0.4,-3.10896E-02,1.9));
#9047 = VECTOR('',#9048,1.);
#9048 = DIRECTION('',(-0.,-1.,0.));
#9049 = ORIENTED_EDGE('',*,*,#9050,.F.);
#9050 = EDGE_CURVE('',#9051,#9043,#9053,.T.);
#9051 = VERTEX_POINT('',#9052);
#9052 = CARTESIAN_POINT('',(-0.4,0.635,1.8746));
#9053 = CIRCLE('',#9054,2.54000000001E-02);
#9054 = AXIS2_PLACEMENT_3D('',#9055,#9056,#9057);
#9055 = CARTESIAN_POINT('',(-0.4,0.6096,1.8746));
#9056 = DIRECTION('',(1.,0.,-0.));
#9057 = DIRECTION('',(0.,-4.353882739886E-12,1.));
#9058 = ORIENTED_EDGE('',*,*,#9059,.F.);
#9059 = EDGE_CURVE('',#8692,#9051,#9060,.T.);
#9060 = LINE('',#9061,#9062);
#9061 = CARTESIAN_POINT('',(-0.4,0.635,1.50635));
#9062 = VECTOR('',#9063,1.);
#9063 = DIRECTION('',(0.,0.,1.));
#9064 = ORIENTED_EDGE('',*,*,#8691,.F.);
#9065 = PLANE('',#9066);
#9066 = AXIS2_PLACEMENT_3D('',#9067,#9068,#9069);
#9067 = CARTESIAN_POINT('',(-0.4,-3.10896E-02,1.50635));
#9068 = DIRECTION('',(-1.,0.,0.));
#9069 = DIRECTION('',(0.,0.,1.));
#9070 = ADVANCED_FACE('',(#9071),#9090,.F.);
#9071 = FACE_BOUND('',#9072,.F.);
#9072 = EDGE_LOOP('',(#9073,#9074,#9075,#9083));
#9073 = ORIENTED_EDGE('',*,*,#8511,.T.);
#9074 = ORIENTED_EDGE('',*,*,#8885,.F.);
#9075 = ORIENTED_EDGE('',*,*,#9076,.T.);
#9076 = EDGE_CURVE('',#8886,#9077,#9079,.T.);
#9077 = VERTEX_POINT('',#9078);
#9078 = CARTESIAN_POINT('',(1.35,-5.080000000014E-03,1.8746));
#9079 = LINE('',#9080,#9081);
#9080 = CARTESIAN_POINT('',(0.381,-5.080000000028E-03,1.8746));
#9081 = VECTOR('',#9082,1.);
#9082 = DIRECTION('',(1.,-0.,-0.));
#9083 = ORIENTED_EDGE('',*,*,#9084,.T.);
#9084 = EDGE_CURVE('',#9077,#8512,#9085,.T.);
#9085 = CIRCLE('',#9086,2.540000000016E-02);
#9086 = AXIS2_PLACEMENT_3D('',#9087,#9088,#9089);
#9087 = CARTESIAN_POINT('',(1.35,2.032000000013E-02,1.8746));
#9088 = DIRECTION('',(-1.,0.,0.));
#9089 = DIRECTION('',(0.,0.,1.));
#9090 = CYLINDRICAL_SURFACE('',#9091,2.540000000016E-02);
#9091 = AXIS2_PLACEMENT_3D('',#9092,#9093,#9094);
#9092 = CARTESIAN_POINT('',(0.381,2.032000000013E-02,1.8746));
#9093 = DIRECTION('',(-1.,0.,0.));
#9094 = DIRECTION('',(0.,0.,1.));
#9095 = ADVANCED_FACE('',(#9096),#9189,.T.);
#9096 = FACE_BOUND('',#9097,.T.);
#9097 = EDGE_LOOP('',(#9098,#9109,#9115,#9116,#9124,#9132,#9141,#9149,
    #9158,#9166,#9174,#9180,#9181,#9182,#9183));
#9098 = ORIENTED_EDGE('',*,*,#9099,.T.);
#9099 = EDGE_CURVE('',#9100,#9102,#9104,.T.);
#9100 = VERTEX_POINT('',#9101);
#9101 = CARTESIAN_POINT('',(1.35,0.6096,1.9));
#9102 = VERTEX_POINT('',#9103);
#9103 = CARTESIAN_POINT('',(1.35,0.635,1.8746));
#9104 = CIRCLE('',#9105,2.54000000001E-02);
#9105 = AXIS2_PLACEMENT_3D('',#9106,#9107,#9108);
#9106 = CARTESIAN_POINT('',(1.35,0.6096,1.8746));
#9107 = DIRECTION('',(-1.,0.,0.));
#9108 = DIRECTION('',(0.,0.,1.));
#9109 = ORIENTED_EDGE('',*,*,#9110,.T.);
#9110 = EDGE_CURVE('',#9102,#8733,#9111,.T.);
#9111 = LINE('',#9112,#9113);
#9112 = CARTESIAN_POINT('',(1.35,0.635,1.37702990813));
#9113 = VECTOR('',#9114,1.);
#9114 = DIRECTION('',(0.,0.,-1.));
#9115 = ORIENTED_EDGE('',*,*,#8732,.F.);
#9116 = ORIENTED_EDGE('',*,*,#9117,.T.);
#9117 = EDGE_CURVE('',#8725,#9118,#9120,.T.);
#9118 = VERTEX_POINT('',#9119);
#9119 = CARTESIAN_POINT('',(1.35,0.6477,0.841359816259));
#9120 = LINE('',#9121,#9122);
#9121 = CARTESIAN_POINT('',(1.35,-3.10896E-02,0.841359816259));
#9122 = VECTOR('',#9123,1.);
#9123 = DIRECTION('',(0.,1.,0.));
#9124 = ORIENTED_EDGE('',*,*,#9125,.T.);
#9125 = EDGE_CURVE('',#9118,#9126,#9128,.T.);
#9126 = VERTEX_POINT('',#9127);
#9127 = CARTESIAN_POINT('',(1.35,0.6477,1.8746));
#9128 = LINE('',#9129,#9130);
#9129 = CARTESIAN_POINT('',(1.35,0.6477,1.37702990813));
#9130 = VECTOR('',#9131,1.);
#9131 = DIRECTION('',(-0.,-0.,1.));
#9132 = ORIENTED_EDGE('',*,*,#9133,.T.);
#9133 = EDGE_CURVE('',#9126,#9134,#9136,.T.);
#9134 = VERTEX_POINT('',#9135);
#9135 = CARTESIAN_POINT('',(1.35,0.6096,1.9127));
#9136 = CIRCLE('',#9137,3.810000000022E-02);
#9137 = AXIS2_PLACEMENT_3D('',#9138,#9139,#9140);
#9138 = CARTESIAN_POINT('',(1.35,0.6096,1.8746));
#9139 = DIRECTION('',(1.,0.,0.));
#9140 = DIRECTION('',(0.,0.,-1.));
#9141 = ORIENTED_EDGE('',*,*,#9142,.T.);
#9142 = EDGE_CURVE('',#9134,#9143,#9145,.T.);
#9143 = VERTEX_POINT('',#9144);
#9144 = CARTESIAN_POINT('',(1.35,2.032000000003E-02,1.9127));
#9145 = LINE('',#9146,#9147);
#9146 = CARTESIAN_POINT('',(1.35,-3.10896E-02,1.9127));
#9147 = VECTOR('',#9148,1.);
#9148 = DIRECTION('',(-0.,-1.,-0.));
#9149 = ORIENTED_EDGE('',*,*,#9150,.T.);
#9150 = EDGE_CURVE('',#9143,#9151,#9153,.T.);
#9151 = VERTEX_POINT('',#9152);
#9152 = CARTESIAN_POINT('',(1.35,-1.778E-02,1.8746));
#9153 = CIRCLE('',#9154,3.810000000008E-02);
#9154 = AXIS2_PLACEMENT_3D('',#9155,#9156,#9157);
#9155 = CARTESIAN_POINT('',(1.35,2.032000000007E-02,1.8746));
#9156 = DIRECTION('',(1.,0.,0.));
#9157 = DIRECTION('',(0.,0.,-1.));
#9158 = ORIENTED_EDGE('',*,*,#9159,.T.);
#9159 = EDGE_CURVE('',#9151,#9160,#9162,.T.);
#9160 = VERTEX_POINT('',#9161);
#9161 = CARTESIAN_POINT('',(1.35,-1.778E-02,1.0127));
#9162 = LINE('',#9163,#9164);
#9163 = CARTESIAN_POINT('',(1.35,-1.778E-02,1.37702990813));
#9164 = VECTOR('',#9165,1.);
#9165 = DIRECTION('',(0.,0.,-1.));
#9166 = ORIENTED_EDGE('',*,*,#9167,.T.);
#9167 = EDGE_CURVE('',#9160,#9168,#9170,.T.);
#9168 = VERTEX_POINT('',#9169);
#9169 = CARTESIAN_POINT('',(1.35,-5.08E-03,1.0127));
#9170 = LINE('',#9171,#9172);
#9171 = CARTESIAN_POINT('',(1.35,-3.10896E-02,1.0127));
#9172 = VECTOR('',#9173,1.);
#9173 = DIRECTION('',(0.,1.,0.));
#9174 = ORIENTED_EDGE('',*,*,#9175,.T.);
#9175 = EDGE_CURVE('',#9168,#9077,#9176,.T.);
#9176 = LINE('',#9177,#9178);
#9177 = CARTESIAN_POINT('',(1.35,-5.08E-03,1.37702990813));
#9178 = VECTOR('',#9179,1.);
#9179 = DIRECTION('',(-0.,-0.,1.));
#9180 = ORIENTED_EDGE('',*,*,#9084,.T.);
#9181 = ORIENTED_EDGE('',*,*,#8528,.F.);
#9182 = ORIENTED_EDGE('',*,*,#8551,.F.);
#9183 = ORIENTED_EDGE('',*,*,#9184,.T.);
#9184 = EDGE_CURVE('',#8544,#9100,#9185,.T.);
#9185 = LINE('',#9186,#9187);
#9186 = CARTESIAN_POINT('',(1.35,-3.10896E-02,1.9));
#9187 = VECTOR('',#9188,1.);
#9188 = DIRECTION('',(0.,1.,0.));
#9189 = PLANE('',#9190);
#9190 = AXIS2_PLACEMENT_3D('',#9191,#9192,#9193);
#9191 = CARTESIAN_POINT('',(1.35,-3.10896E-02,1.37702990813));
#9192 = DIRECTION('',(1.,-0.,0.));
#9193 = DIRECTION('',(0.,0.,-1.));
#9194 = ADVANCED_FACE('',(#9195),#9296,.T.);
#9195 = FACE_BOUND('',#9196,.T.);
#9196 = EDGE_LOOP('',(#9197,#9207,#9213,#9214,#9222,#9231,#9237,#9238,
    #9239,#9248,#9256,#9264,#9272,#9281,#9289));
#9197 = ORIENTED_EDGE('',*,*,#9198,.T.);
#9198 = EDGE_CURVE('',#9199,#9201,#9203,.T.);
#9199 = VERTEX_POINT('',#9200);
#9200 = CARTESIAN_POINT('',(-1.35,0.6477,1.8746));
#9201 = VERTEX_POINT('',#9202);
#9202 = CARTESIAN_POINT('',(-1.35,0.6477,0.841359816259));
#9203 = LINE('',#9204,#9205);
#9204 = CARTESIAN_POINT('',(-1.35,0.6477,1.37702990813));
#9205 = VECTOR('',#9206,1.);
#9206 = DIRECTION('',(-0.,-0.,-1.));
#9207 = ORIENTED_EDGE('',*,*,#9208,.T.);
#9208 = EDGE_CURVE('',#9201,#8667,#9209,.T.);
#9209 = LINE('',#9210,#9211);
#9210 = CARTESIAN_POINT('',(-1.35,-3.10896E-02,0.841359816259));
#9211 = VECTOR('',#9212,1.);
#9212 = DIRECTION('',(-0.,-1.,0.));
#9213 = ORIENTED_EDGE('',*,*,#8666,.F.);
#9214 = ORIENTED_EDGE('',*,*,#9215,.T.);
#9215 = EDGE_CURVE('',#8659,#9216,#9218,.T.);
#9216 = VERTEX_POINT('',#9217);
#9217 = CARTESIAN_POINT('',(-1.35,0.635,1.8746));
#9218 = LINE('',#9219,#9220);
#9219 = CARTESIAN_POINT('',(-1.35,0.635,1.37702990813));
#9220 = VECTOR('',#9221,1.);
#9221 = DIRECTION('',(0.,0.,1.));
#9222 = ORIENTED_EDGE('',*,*,#9223,.T.);
#9223 = EDGE_CURVE('',#9216,#9224,#9226,.T.);
#9224 = VERTEX_POINT('',#9225);
#9225 = CARTESIAN_POINT('',(-1.35,0.6096,1.9));
#9226 = CIRCLE('',#9227,2.54000000001E-02);
#9227 = AXIS2_PLACEMENT_3D('',#9228,#9229,#9230);
#9228 = CARTESIAN_POINT('',(-1.35,0.6096,1.8746));
#9229 = DIRECTION('',(1.,0.,-0.));
#9230 = DIRECTION('',(0.,-4.353882739886E-12,1.));
#9231 = ORIENTED_EDGE('',*,*,#9232,.T.);
#9232 = EDGE_CURVE('',#9224,#8569,#9233,.T.);
#9233 = LINE('',#9234,#9235);
#9234 = CARTESIAN_POINT('',(-1.35,-3.10896E-02,1.9));
#9235 = VECTOR('',#9236,1.);
#9236 = DIRECTION('',(-0.,-1.,0.));
#9237 = ORIENTED_EDGE('',*,*,#8568,.F.);
#9238 = ORIENTED_EDGE('',*,*,#8606,.T.);
#9239 = ORIENTED_EDGE('',*,*,#9240,.T.);
#9240 = EDGE_CURVE('',#8599,#9241,#9243,.T.);
#9241 = VERTEX_POINT('',#9242);
#9242 = CARTESIAN_POINT('',(-1.35,-5.080000000014E-03,1.8746));
#9243 = CIRCLE('',#9244,2.540000000016E-02);
#9244 = AXIS2_PLACEMENT_3D('',#9245,#9246,#9247);
#9245 = CARTESIAN_POINT('',(-1.35,2.032000000013E-02,1.8746));
#9246 = DIRECTION('',(1.,0.,-0.));
#9247 = DIRECTION('',(0.,-2.639674802064E-12,1.));
#9248 = ORIENTED_EDGE('',*,*,#9249,.T.);
#9249 = EDGE_CURVE('',#9241,#9250,#9252,.T.);
#9250 = VERTEX_POINT('',#9251);
#9251 = CARTESIAN_POINT('',(-1.35,-5.08E-03,1.1127));
#9252 = LINE('',#9253,#9254);
#9253 = CARTESIAN_POINT('',(-1.35,-5.08E-03,1.37702990813));
#9254 = VECTOR('',#9255,1.);
#9255 = DIRECTION('',(-0.,-0.,-1.));
#9256 = ORIENTED_EDGE('',*,*,#9257,.T.);
#9257 = EDGE_CURVE('',#9250,#9258,#9260,.T.);
#9258 = VERTEX_POINT('',#9259);
#9259 = CARTESIAN_POINT('',(-1.35,-1.778E-02,1.1127));
#9260 = LINE('',#9261,#9262);
#9261 = CARTESIAN_POINT('',(-1.35,-3.10896E-02,1.1127));
#9262 = VECTOR('',#9263,1.);
#9263 = DIRECTION('',(-0.,-1.,0.));
#9264 = ORIENTED_EDGE('',*,*,#9265,.T.);
#9265 = EDGE_CURVE('',#9258,#9266,#9268,.T.);
#9266 = VERTEX_POINT('',#9267);
#9267 = CARTESIAN_POINT('',(-1.35,-1.778000000001E-02,1.8746));
#9268 = LINE('',#9269,#9270);
#9269 = CARTESIAN_POINT('',(-1.35,-1.778E-02,1.37702990813));
#9270 = VECTOR('',#9271,1.);
#9271 = DIRECTION('',(0.,0.,1.));
#9272 = ORIENTED_EDGE('',*,*,#9273,.T.);
#9273 = EDGE_CURVE('',#9266,#9274,#9276,.T.);
#9274 = VERTEX_POINT('',#9275);
#9275 = CARTESIAN_POINT('',(-1.35,2.032000000003E-02,1.9127));
#9276 = CIRCLE('',#9277,3.810000000008E-02);
#9277 = AXIS2_PLACEMENT_3D('',#9278,#9279,#9280);
#9278 = CARTESIAN_POINT('',(-1.35,2.032000000007E-02,1.8746));
#9279 = DIRECTION('',(-1.,-0.,0.));
#9280 = DIRECTION('',(0.,-8.892734354357E-16,-1.));
#9281 = ORIENTED_EDGE('',*,*,#9282,.T.);
#9282 = EDGE_CURVE('',#9274,#9283,#9285,.T.);
#9283 = VERTEX_POINT('',#9284);
#9284 = CARTESIAN_POINT('',(-1.35,0.6096,1.9127));
#9285 = LINE('',#9286,#9287);
#9286 = CARTESIAN_POINT('',(-1.35,-3.10896E-02,1.9127));
#9287 = VECTOR('',#9288,1.);
#9288 = DIRECTION('',(0.,1.,-0.));
#9289 = ORIENTED_EDGE('',*,*,#9290,.T.);
#9290 = EDGE_CURVE('',#9283,#9199,#9291,.T.);
#9291 = CIRCLE('',#9292,3.810000000022E-02);
#9292 = AXIS2_PLACEMENT_3D('',#9293,#9294,#9295);
#9293 = CARTESIAN_POINT('',(-1.35,0.6096,1.8746));
#9294 = DIRECTION('',(-1.,-0.,-0.));
#9295 = DIRECTION('',(0.,0.,-1.));
#9296 = PLANE('',#9297);
#9297 = AXIS2_PLACEMENT_3D('',#9298,#9299,#9300);
#9298 = CARTESIAN_POINT('',(-1.35,-3.10896E-02,1.37702990813));
#9299 = DIRECTION('',(-1.,0.,0.));
#9300 = DIRECTION('',(0.,0.,1.));
#9301 = ADVANCED_FACE('',(#9302),#9313,.F.);
#9302 = FACE_BOUND('',#9303,.F.);
#9303 = EDGE_LOOP('',(#9304,#9305,#9306,#9312));
#9304 = ORIENTED_EDGE('',*,*,#8598,.F.);
#9305 = ORIENTED_EDGE('',*,*,#9240,.T.);
#9306 = ORIENTED_EDGE('',*,*,#9307,.T.);
#9307 = EDGE_CURVE('',#9241,#9026,#9308,.T.);
#9308 = LINE('',#9309,#9310);
#9309 = CARTESIAN_POINT('',(-1.369,-5.080000000028E-03,1.8746));
#9310 = VECTOR('',#9311,1.);
#9311 = DIRECTION('',(1.,-0.,-0.));
#9312 = ORIENTED_EDGE('',*,*,#9033,.F.);
#9313 = CYLINDRICAL_SURFACE('',#9314,2.540000000016E-02);
#9314 = AXIS2_PLACEMENT_3D('',#9315,#9316,#9317);
#9315 = CARTESIAN_POINT('',(-1.369,2.032000000013E-02,1.8746));
#9316 = DIRECTION('',(-1.,0.,0.));
#9317 = DIRECTION('',(0.,0.,1.));
#9318 = ADVANCED_FACE('',(#9319),#9325,.T.);
#9319 = FACE_BOUND('',#9320,.T.);
#9320 = EDGE_LOOP('',(#9321,#9322,#9323,#9324));
#9321 = ORIENTED_EDGE('',*,*,#7501,.F.);
#9322 = ORIENTED_EDGE('',*,*,#8621,.F.);
#9323 = ORIENTED_EDGE('',*,*,#7519,.T.);
#9324 = ORIENTED_EDGE('',*,*,#7799,.T.);
#9325 = ( BOUNDED_SURFACE() B_SPLINE_SURFACE(3,3,(
    (#9326,#9327,#9328,#9329)
    ,(#9330,#9331,#9332,#9333)
    ,(#9334,#9335,#9336,#9337)
    ,(#9338,#9339,#9340,#9341
)),.UNSPECIFIED.,.F.,.F.,.F.) B_SPLINE_SURFACE_WITH_KNOTS((4,4),(4,4),(
    0.,1.),(0.,1.),.PIECEWISE_BEZIER_KNOTS.) 
GEOMETRIC_REPRESENTATION_ITEM() RATIONAL_B_SPLINE_SURFACE((
    (1.,0.333333333333,0.333333333333,1.)
    ,(0.804737854125,0.268245951375,0.268245951375,0.804737854125)
    ,(0.804737854125,0.268245951375,0.268245951375,0.804737854125)
,(1.,0.333333333333,0.333333333333,1.
))) REPRESENTATION_ITEM('') SURFACE() );
#9326 = CARTESIAN_POINT('',(-2.03601781732E-13,0.635,-0.8));
#9327 = CARTESIAN_POINT('',(1.4,0.635,-0.8));
#9328 = CARTESIAN_POINT('',(1.4,0.635,0.6));
#9329 = CARTESIAN_POINT('',(-1.015531738745E-13,0.635,0.6));
#9330 = CARTESIAN_POINT('',(-2.121344208403E-13,0.635,-0.858578643763));
#9331 = CARTESIAN_POINT('',(1.517157287525,0.635,-0.858578643763));
#9332 = CARTESIAN_POINT('',(1.517157287525,0.635,0.658578643763));
#9333 = CARTESIAN_POINT('',(-1.015460000597E-13,0.635,0.658578643763));
#9334 = CARTESIAN_POINT('',(-2.189792638879E-13,0.676421356238,-0.9));
#9335 = CARTESIAN_POINT('',(1.6,0.676421356238,-0.9));
#9336 = CARTESIAN_POINT('',(1.6,0.676421356238,0.7));
#9337 = CARTESIAN_POINT('',(-1.023522834793E-13,0.676421356238,0.7));
#9338 = CARTESIAN_POINT('',(-2.2012669465E-13,0.735,-0.9));
#9339 = CARTESIAN_POINT('',(1.6,0.735,-0.9));
#9340 = CARTESIAN_POINT('',(1.6,0.735,0.7));
#9341 = CARTESIAN_POINT('',(-1.034997142414E-13,0.735,0.7));
#9342 = ADVANCED_FACE('',(#9343),#9349,.F.);
#9343 = FACE_BOUND('',#9344,.T.);
#9344 = EDGE_LOOP('',(#9345,#9346,#9347,#9348));
#9345 = ORIENTED_EDGE('',*,*,#8368,.F.);
#9346 = ORIENTED_EDGE('',*,*,#8845,.F.);
#9347 = ORIENTED_EDGE('',*,*,#8318,.F.);
#9348 = ORIENTED_EDGE('',*,*,#8750,.F.);
#9349 = PLANE('',#9350);
#9350 = AXIS2_PLACEMENT_3D('',#9351,#9352,#9353);
#9351 = CARTESIAN_POINT('',(0.,0.6437,-1.6));
#9352 = DIRECTION('',(0.,0.,1.));
#9353 = DIRECTION('',(1.,0.,-0.));
#9354 = ADVANCED_FACE('',(#9355),#9373,.F.);
#9355 = FACE_BOUND('',#9356,.T.);
#9356 = EDGE_LOOP('',(#9357,#9365,#9371,#9372));
#9357 = ORIENTED_EDGE('',*,*,#9358,.F.);
#9358 = EDGE_CURVE('',#9359,#8716,#9361,.T.);
#9359 = VERTEX_POINT('',#9360);
#9360 = CARTESIAN_POINT('',(0.798738727668,0.6477,0.640717121827));
#9361 = LINE('',#9362,#9363);
#9362 = CARTESIAN_POINT('',(0.798738727668,0.628427250457,0.640717121827
    ));
#9363 = VECTOR('',#9364,1.);
#9364 = DIRECTION('',(-0.,-1.,0.));
#9365 = ORIENTED_EDGE('',*,*,#9366,.F.);
#9366 = EDGE_CURVE('',#9118,#9359,#9367,.T.);
#9367 = LINE('',#9368,#9369);
#9368 = CARTESIAN_POINT('',(1.074369363834,0.6477,0.741038469043));
#9369 = VECTOR('',#9370,1.);
#9370 = DIRECTION('',(-0.939692620786,-0.,-0.342020143326));
#9371 = ORIENTED_EDGE('',*,*,#9117,.F.);
#9372 = ORIENTED_EDGE('',*,*,#8724,.F.);
#9373 = PLANE('',#9374);
#9374 = AXIS2_PLACEMENT_3D('',#9375,#9376,#9377);
#9375 = CARTESIAN_POINT('',(1.074369363834,0.628427250457,0.741038469043
    ));
#9376 = DIRECTION('',(-0.342020143326,0.,0.939692620786));
#9377 = DIRECTION('',(0.939692620786,0.,0.342020143326));
#9378 = ADVANCED_FACE('',(#9379),#9391,.F.);
#9379 = FACE_BOUND('',#9380,.F.);
#9380 = EDGE_LOOP('',(#9381,#9382,#9383,#9390));
#9381 = ORIENTED_EDGE('',*,*,#8715,.T.);
#9382 = ORIENTED_EDGE('',*,*,#9358,.F.);
#9383 = ORIENTED_EDGE('',*,*,#9384,.T.);
#9384 = EDGE_CURVE('',#9359,#8945,#9385,.T.);
#9385 = CIRCLE('',#9386,0.85);
#9386 = AXIS2_PLACEMENT_3D('',#9387,#9388,#9389);
#9387 = CARTESIAN_POINT('',(-2.986499936242E-13,0.6477,0.35));
#9388 = DIRECTION('',(0.,-1.,0.));
#9389 = DIRECTION('',(0.,0.,-1.));
#9390 = ORIENTED_EDGE('',*,*,#8952,.F.);
#9391 = CYLINDRICAL_SURFACE('',#9392,0.85);
#9392 = AXIS2_PLACEMENT_3D('',#9393,#9394,#9395);
#9393 = CARTESIAN_POINT('',(-2.986499936242E-13,0.628427250457,0.35));
#9394 = DIRECTION('',(0.,-1.,0.));
#9395 = DIRECTION('',(0.,0.,-1.));
#9396 = ADVANCED_FACE('',(#9397),#9416,.F.);
#9397 = FACE_BOUND('',#9398,.F.);
#9398 = EDGE_LOOP('',(#9399,#9400,#9401,#9410));
#9399 = ORIENTED_EDGE('',*,*,#8682,.T.);
#9400 = ORIENTED_EDGE('',*,*,#8967,.F.);
#9401 = ORIENTED_EDGE('',*,*,#9402,.T.);
#9402 = EDGE_CURVE('',#8968,#9403,#9405,.T.);
#9403 = VERTEX_POINT('',#9404);
#9404 = CARTESIAN_POINT('',(-0.798738727668,0.6477,0.640717121827));
#9405 = CIRCLE('',#9406,0.85);
#9406 = AXIS2_PLACEMENT_3D('',#9407,#9408,#9409);
#9407 = CARTESIAN_POINT('',(2.80608869474E-13,0.6477,0.35));
#9408 = DIRECTION('',(0.,-1.,0.));
#9409 = DIRECTION('',(0.,0.,-1.));
#9410 = ORIENTED_EDGE('',*,*,#9411,.T.);
#9411 = EDGE_CURVE('',#9403,#8675,#9412,.T.);
#9412 = LINE('',#9413,#9414);
#9413 = CARTESIAN_POINT('',(-0.798738727668,0.628427250457,
    0.640717121827));
#9414 = VECTOR('',#9415,1.);
#9415 = DIRECTION('',(0.,-1.,0.));
#9416 = CYLINDRICAL_SURFACE('',#9417,0.85);
#9417 = AXIS2_PLACEMENT_3D('',#9418,#9419,#9420);
#9418 = CARTESIAN_POINT('',(2.80608869474E-13,0.628427250457,0.35));
#9419 = DIRECTION('',(0.,-1.,0.));
#9420 = DIRECTION('',(0.,0.,-1.));
#9421 = ADVANCED_FACE('',(#9422),#9433,.F.);
#9422 = FACE_BOUND('',#9423,.T.);
#9423 = EDGE_LOOP('',(#9424,#9425,#9431,#9432));
#9424 = ORIENTED_EDGE('',*,*,#9208,.F.);
#9425 = ORIENTED_EDGE('',*,*,#9426,.F.);
#9426 = EDGE_CURVE('',#9403,#9201,#9427,.T.);
#9427 = LINE('',#9428,#9429);
#9428 = CARTESIAN_POINT('',(-1.074369363834,0.6477,0.741038469043));
#9429 = VECTOR('',#9430,1.);
#9430 = DIRECTION('',(-0.939692620786,-0.,0.342020143326));
#9431 = ORIENTED_EDGE('',*,*,#9411,.T.);
#9432 = ORIENTED_EDGE('',*,*,#8674,.F.);
#9433 = PLANE('',#9434);
#9434 = AXIS2_PLACEMENT_3D('',#9435,#9436,#9437);
#9435 = CARTESIAN_POINT('',(-1.074369363834,0.628427250457,
    0.741038469043));
#9436 = DIRECTION('',(0.342020143326,-0.,0.939692620786));
#9437 = DIRECTION('',(0.939692620786,0.,-0.342020143326));
#9438 = ADVANCED_FACE('',(#9439),#9450,.F.);
#9439 = FACE_BOUND('',#9440,.T.);
#9440 = EDGE_LOOP('',(#9441,#9442,#9448,#9449));
#9441 = ORIENTED_EDGE('',*,*,#9059,.T.);
#9442 = ORIENTED_EDGE('',*,*,#9443,.F.);
#9443 = EDGE_CURVE('',#9216,#9051,#9444,.T.);
#9444 = LINE('',#9445,#9446);
#9445 = CARTESIAN_POINT('',(0.,0.635,1.8746));
#9446 = VECTOR('',#9447,1.);
#9447 = DIRECTION('',(1.,0.,-0.));
#9448 = ORIENTED_EDGE('',*,*,#9215,.F.);
#9449 = ORIENTED_EDGE('',*,*,#8792,.F.);
#9450 = PLANE('',#9451);
#9451 = AXIS2_PLACEMENT_3D('',#9452,#9453,#9454);
#9452 = CARTESIAN_POINT('',(0.,0.635,1.881172749543));
#9453 = DIRECTION('',(0.,1.,0.));
#9454 = DIRECTION('',(0.,-0.,1.));
#9455 = ADVANCED_FACE('',(#9456),#9467,.F.);
#9456 = FACE_BOUND('',#9457,.T.);
#9457 = EDGE_LOOP('',(#9458,#9459,#9465,#9466));
#9458 = ORIENTED_EDGE('',*,*,#9110,.F.);
#9459 = ORIENTED_EDGE('',*,*,#9460,.F.);
#9460 = EDGE_CURVE('',#8861,#9102,#9461,.T.);
#9461 = LINE('',#9462,#9463);
#9462 = CARTESIAN_POINT('',(0.,0.635,1.8746));
#9463 = VECTOR('',#9464,1.);
#9464 = DIRECTION('',(1.,0.,-0.));
#9465 = ORIENTED_EDGE('',*,*,#8860,.T.);
#9466 = ORIENTED_EDGE('',*,*,#8785,.F.);
#9467 = PLANE('',#9468);
#9468 = AXIS2_PLACEMENT_3D('',#9469,#9470,#9471);
#9469 = CARTESIAN_POINT('',(0.,0.635,1.881172749543));
#9470 = DIRECTION('',(0.,1.,0.));
#9471 = DIRECTION('',(0.,-0.,1.));
#9472 = ADVANCED_FACE('',(#9473),#9484,.T.);
#9473 = FACE_BOUND('',#9474,.T.);
#9474 = EDGE_LOOP('',(#9475,#9481,#9482,#9483));
#9475 = ORIENTED_EDGE('',*,*,#9476,.T.);
#9476 = EDGE_CURVE('',#8869,#9100,#9477,.T.);
#9477 = LINE('',#9478,#9479);
#9478 = CARTESIAN_POINT('',(0.381,0.6096,1.9));
#9479 = VECTOR('',#9480,1.);
#9480 = DIRECTION('',(1.,-0.,0.));
#9481 = ORIENTED_EDGE('',*,*,#9184,.F.);
#9482 = ORIENTED_EDGE('',*,*,#8776,.F.);
#9483 = ORIENTED_EDGE('',*,*,#8877,.T.);
#9484 = PLANE('',#9485);
#9485 = AXIS2_PLACEMENT_3D('',#9486,#9487,#9488);
#9486 = CARTESIAN_POINT('',(0.381,0.31496,1.9));
#9487 = DIRECTION('',(0.,0.,-1.));
#9488 = DIRECTION('',(-1.,0.,-0.));
#9489 = ADVANCED_FACE('',(#9490),#9501,.F.);
#9490 = FACE_BOUND('',#9491,.T.);
#9491 = EDGE_LOOP('',(#9492,#9493,#9499,#9500));
#9492 = ORIENTED_EDGE('',*,*,#9232,.F.);
#9493 = ORIENTED_EDGE('',*,*,#9494,.F.);
#9494 = EDGE_CURVE('',#9043,#9224,#9495,.T.);
#9495 = LINE('',#9496,#9497);
#9496 = CARTESIAN_POINT('',(-0.381,0.6096,1.9));
#9497 = VECTOR('',#9498,1.);
#9498 = DIRECTION('',(-1.,-0.,0.));
#9499 = ORIENTED_EDGE('',*,*,#9042,.T.);
#9500 = ORIENTED_EDGE('',*,*,#8769,.F.);
#9501 = PLANE('',#9502);
#9502 = AXIS2_PLACEMENT_3D('',#9503,#9504,#9505);
#9503 = CARTESIAN_POINT('',(-0.381,0.31496,1.9));
#9504 = DIRECTION('',(0.,0.,1.));
#9505 = DIRECTION('',(1.,0.,-0.));
#9506 = ADVANCED_FACE('',(#9507),#9564,.T.);
#9507 = FACE_BOUND('',#9508,.T.);
#9508 = EDGE_LOOP('',(#9509,#9519,#9525,#9526,#9534,#9542,#9550,#9558));
#9509 = ORIENTED_EDGE('',*,*,#9510,.T.);
#9510 = EDGE_CURVE('',#9511,#9513,#9515,.T.);
#9511 = VERTEX_POINT('',#9512);
#9512 = CARTESIAN_POINT('',(-0.73,9.999999999997E-02,-1.05));
#9513 = VERTEX_POINT('',#9514);
#9514 = CARTESIAN_POINT('',(-0.73,0.1,-9.999999999998E-02));
#9515 = LINE('',#9516,#9517);
#9516 = CARTESIAN_POINT('',(-0.73,0.1,-1.0836));
#9517 = VECTOR('',#9518,1.);
#9518 = DIRECTION('',(0.,-0.,1.));
#9519 = ORIENTED_EDGE('',*,*,#9520,.T.);
#9520 = EDGE_CURVE('',#9513,#8818,#9521,.T.);
#9521 = LINE('',#9522,#9523);
#9522 = CARTESIAN_POINT('',(-0.73,-6.572749542933E-03,-0.1));
#9523 = VECTOR('',#9524,1.);
#9524 = DIRECTION('',(0.,1.,-0.));
#9525 = ORIENTED_EDGE('',*,*,#8817,.F.);
#9526 = ORIENTED_EDGE('',*,*,#9527,.T.);
#9527 = EDGE_CURVE('',#8810,#9528,#9530,.T.);
#9528 = VERTEX_POINT('',#9529);
#9529 = CARTESIAN_POINT('',(-0.73,9.999999999999E-02,-1.15));
#9530 = LINE('',#9531,#9532);
#9531 = CARTESIAN_POINT('',(-0.73,0.2,-1.05));
#9532 = VECTOR('',#9533,1.);
#9533 = DIRECTION('',(0.,-0.707106781187,-0.707106781186));
#9534 = ORIENTED_EDGE('',*,*,#9535,.T.);
#9535 = EDGE_CURVE('',#9528,#9536,#9538,.T.);
#9536 = VERTEX_POINT('',#9537);
#9537 = CARTESIAN_POINT('',(-0.73,0.1,-2.05));
#9538 = LINE('',#9539,#9540);
#9539 = CARTESIAN_POINT('',(-0.73,0.1,-1.075));
#9540 = VECTOR('',#9541,1.);
#9541 = DIRECTION('',(-0.,-0.,-1.));
#9542 = ORIENTED_EDGE('',*,*,#9543,.T.);
#9543 = EDGE_CURVE('',#9536,#9544,#9546,.T.);
#9544 = VERTEX_POINT('',#9545);
#9545 = CARTESIAN_POINT('',(-0.73,0.,-2.05));
#9546 = LINE('',#9547,#9548);
#9547 = CARTESIAN_POINT('',(-0.73,-6.572749542933E-03,-2.05));
#9548 = VECTOR('',#9549,1.);
#9549 = DIRECTION('',(-0.,-1.,0.));
#9550 = ORIENTED_EDGE('',*,*,#9551,.T.);
#9551 = EDGE_CURVE('',#9544,#9552,#9554,.T.);
#9552 = VERTEX_POINT('',#9553);
#9553 = CARTESIAN_POINT('',(-0.73,-1.092559564232E-14,-1.15));
#9554 = LINE('',#9555,#9556);
#9555 = CARTESIAN_POINT('',(-0.73,0.,-1.075));
#9556 = VECTOR('',#9557,1.);
#9557 = DIRECTION('',(0.,0.,1.));
#9558 = ORIENTED_EDGE('',*,*,#9559,.F.);
#9559 = EDGE_CURVE('',#9511,#9552,#9560,.T.);
#9560 = LINE('',#9561,#9562);
#9561 = CARTESIAN_POINT('',(-0.73,5.E-02,-1.1));
#9562 = VECTOR('',#9563,1.);
#9563 = DIRECTION('',(0.,-0.707106781187,-0.707106781186));
#9564 = PLANE('',#9565);
#9565 = AXIS2_PLACEMENT_3D('',#9566,#9567,#9568);
#9566 = CARTESIAN_POINT('',(-0.73,-6.572749542933E-03,-1.075));
#9567 = DIRECTION('',(-1.,0.,0.));
#9568 = DIRECTION('',(0.,0.,1.));
#9569 = ADVANCED_FACE('',(#9570),#9588,.T.);
#9570 = FACE_BOUND('',#9571,.T.);
#9571 = EDGE_LOOP('',(#9572,#9580,#9581,#9582));
#9572 = ORIENTED_EDGE('',*,*,#9573,.T.);
#9573 = EDGE_CURVE('',#9574,#9528,#9576,.T.);
#9574 = VERTEX_POINT('',#9575);
#9575 = CARTESIAN_POINT('',(0.73,9.999999999998E-02,-1.15));
#9576 = LINE('',#9577,#9578);
#9577 = CARTESIAN_POINT('',(0.7592,9.999999999997E-02,-1.15));
#9578 = VECTOR('',#9579,1.);
#9579 = DIRECTION('',(-1.,0.,-0.));
#9580 = ORIENTED_EDGE('',*,*,#9527,.F.);
#9581 = ORIENTED_EDGE('',*,*,#8807,.F.);
#9582 = ORIENTED_EDGE('',*,*,#9583,.T.);
#9583 = EDGE_CURVE('',#8808,#9574,#9584,.T.);
#9584 = LINE('',#9585,#9586);
#9585 = CARTESIAN_POINT('',(0.73,0.15,-1.1));
#9586 = VECTOR('',#9587,1.);
#9587 = DIRECTION('',(-0.,-0.707106781187,-0.707106781186));
#9588 = PLANE('',#9589);
#9589 = AXIS2_PLACEMENT_3D('',#9590,#9591,#9592);
#9590 = CARTESIAN_POINT('',(0.7592,0.15,-1.1));
#9591 = DIRECTION('',(0.,0.707106781186,-0.707106781187));
#9592 = DIRECTION('',(0.,0.707106781187,0.707106781186));
#9593 = ADVANCED_FACE('',(#9594),#9644,.T.);
#9594 = FACE_BOUND('',#9595,.T.);
#9595 = EDGE_LOOP('',(#9596,#9604,#9605,#9606,#9614,#9622,#9630,#9638));
#9596 = ORIENTED_EDGE('',*,*,#9597,.T.);
#9597 = EDGE_CURVE('',#9598,#9574,#9600,.T.);
#9598 = VERTEX_POINT('',#9599);
#9599 = CARTESIAN_POINT('',(0.73,0.1,-2.05));
#9600 = LINE('',#9601,#9602);
#9601 = CARTESIAN_POINT('',(0.73,0.1,-1.075));
#9602 = VECTOR('',#9603,1.);
#9603 = DIRECTION('',(-0.,-0.,1.));
#9604 = ORIENTED_EDGE('',*,*,#9583,.F.);
#9605 = ORIENTED_EDGE('',*,*,#8834,.F.);
#9606 = ORIENTED_EDGE('',*,*,#9607,.T.);
#9607 = EDGE_CURVE('',#8826,#9608,#9610,.T.);
#9608 = VERTEX_POINT('',#9609);
#9609 = CARTESIAN_POINT('',(0.73,0.1,-9.999999999998E-02));
#9610 = LINE('',#9611,#9612);
#9611 = CARTESIAN_POINT('',(0.73,-6.572749542933E-03,-0.1));
#9612 = VECTOR('',#9613,1.);
#9613 = DIRECTION('',(-0.,-1.,-0.));
#9614 = ORIENTED_EDGE('',*,*,#9615,.T.);
#9615 = EDGE_CURVE('',#9608,#9616,#9618,.T.);
#9616 = VERTEX_POINT('',#9617);
#9617 = CARTESIAN_POINT('',(0.73,9.999999999997E-02,-1.05));
#9618 = LINE('',#9619,#9620);
#9619 = CARTESIAN_POINT('',(0.73,0.1,-1.0836));
#9620 = VECTOR('',#9621,1.);
#9621 = DIRECTION('',(-0.,0.,-1.));
#9622 = ORIENTED_EDGE('',*,*,#9623,.F.);
#9623 = EDGE_CURVE('',#9624,#9616,#9626,.T.);
#9624 = VERTEX_POINT('',#9625);
#9625 = CARTESIAN_POINT('',(0.73,-1.093914816947E-14,-1.15));
#9626 = LINE('',#9627,#9628);
#9627 = CARTESIAN_POINT('',(0.73,5.E-02,-1.1));
#9628 = VECTOR('',#9629,1.);
#9629 = DIRECTION('',(-0.,0.707106781187,0.707106781186));
#9630 = ORIENTED_EDGE('',*,*,#9631,.T.);
#9631 = EDGE_CURVE('',#9624,#9632,#9634,.T.);
#9632 = VERTEX_POINT('',#9633);
#9633 = CARTESIAN_POINT('',(0.73,0.,-2.05));
#9634 = LINE('',#9635,#9636);
#9635 = CARTESIAN_POINT('',(0.73,0.,-1.075));
#9636 = VECTOR('',#9637,1.);
#9637 = DIRECTION('',(0.,0.,-1.));
#9638 = ORIENTED_EDGE('',*,*,#9639,.T.);
#9639 = EDGE_CURVE('',#9632,#9598,#9640,.T.);
#9640 = LINE('',#9641,#9642);
#9641 = CARTESIAN_POINT('',(0.73,-6.572749542933E-03,-2.05));
#9642 = VECTOR('',#9643,1.);
#9643 = DIRECTION('',(0.,1.,0.));
#9644 = PLANE('',#9645);
#9645 = AXIS2_PLACEMENT_3D('',#9646,#9647,#9648);
#9646 = CARTESIAN_POINT('',(0.73,-6.572749542933E-03,-1.075));
#9647 = DIRECTION('',(1.,-0.,0.));
#9648 = DIRECTION('',(0.,0.,-1.));
#9649 = ADVANCED_FACE('',(#9650),#9662,.T.);
#9650 = FACE_BOUND('',#9651,.T.);
#9651 = EDGE_LOOP('',(#9652,#9659,#9660,#9661));
#9652 = ORIENTED_EDGE('',*,*,#9653,.T.);
#9653 = EDGE_CURVE('',#9513,#9608,#9654,.T.);
#9654 = CIRCLE('',#9655,0.73);
#9655 = AXIS2_PLACEMENT_3D('',#9656,#9657,#9658);
#9656 = CARTESIAN_POINT('',(4.008709430171E-17,0.1,-9.999999999996E-02)
  );
#9657 = DIRECTION('',(-0.,1.,0.));
#9658 = DIRECTION('',(0.,0.,-1.));
#9659 = ORIENTED_EDGE('',*,*,#9607,.F.);
#9660 = ORIENTED_EDGE('',*,*,#8825,.F.);
#9661 = ORIENTED_EDGE('',*,*,#9520,.F.);
#9662 = CYLINDRICAL_SURFACE('',#9663,0.73);
#9663 = AXIS2_PLACEMENT_3D('',#9664,#9665,#9666);
#9664 = CARTESIAN_POINT('',(4.008709430171E-17,9.342725045706E-02,
    -9.999999999996E-02));
#9665 = DIRECTION('',(0.,-1.,0.));
#9666 = DIRECTION('',(0.,0.,-1.));
#9667 = ADVANCED_FACE('',(#9668),#9674,.F.);
#9668 = FACE_BOUND('',#9669,.F.);
#9669 = EDGE_LOOP('',(#9670,#9671,#9672,#9673));
#9670 = ORIENTED_EDGE('',*,*,#9460,.F.);
#9671 = ORIENTED_EDGE('',*,*,#8868,.F.);
#9672 = ORIENTED_EDGE('',*,*,#9476,.T.);
#9673 = ORIENTED_EDGE('',*,*,#9099,.T.);
#9674 = CYLINDRICAL_SURFACE('',#9675,2.54000000001E-02);
#9675 = AXIS2_PLACEMENT_3D('',#9676,#9677,#9678);
#9676 = CARTESIAN_POINT('',(0.381,0.6096,1.8746));
#9677 = DIRECTION('',(-1.,0.,0.));
#9678 = DIRECTION('',(0.,0.,1.));
#9679 = ADVANCED_FACE('',(#9680),#9699,.T.);
#9680 = FACE_BOUND('',#9681,.T.);
#9681 = EDGE_LOOP('',(#9682,#9690,#9691,#9692,#9693));
#9682 = ORIENTED_EDGE('',*,*,#9683,.T.);
#9683 = EDGE_CURVE('',#9684,#8895,#9686,.T.);
#9684 = VERTEX_POINT('',#9685);
#9685 = CARTESIAN_POINT('',(0.6,-5.08E-03,1.0127));
#9686 = LINE('',#9687,#9688);
#9687 = CARTESIAN_POINT('',(0.6,-5.08E-03,1.0127));
#9688 = VECTOR('',#9689,1.);
#9689 = DIRECTION('',(-0.707106781187,0.,0.707106781187));
#9690 = ORIENTED_EDGE('',*,*,#8894,.T.);
#9691 = ORIENTED_EDGE('',*,*,#9076,.T.);
#9692 = ORIENTED_EDGE('',*,*,#9175,.F.);
#9693 = ORIENTED_EDGE('',*,*,#9694,.T.);
#9694 = EDGE_CURVE('',#9168,#9684,#9695,.T.);
#9695 = LINE('',#9696,#9697);
#9696 = CARTESIAN_POINT('',(0.381,-5.08E-03,1.0127));
#9697 = VECTOR('',#9698,1.);
#9698 = DIRECTION('',(-1.,-0.,0.));
#9699 = PLANE('',#9700);
#9700 = AXIS2_PLACEMENT_3D('',#9701,#9702,#9703);
#9701 = CARTESIAN_POINT('',(0.381,-5.08E-03,1.44365));
#9702 = DIRECTION('',(0.,1.,0.));
#9703 = DIRECTION('',(0.,-0.,1.));
#9704 = ADVANCED_FACE('',(#9705),#9723,.T.);
#9705 = FACE_BOUND('',#9706,.T.);
#9706 = EDGE_LOOP('',(#9707,#9715,#9721,#9722));
#9707 = ORIENTED_EDGE('',*,*,#9708,.T.);
#9708 = EDGE_CURVE('',#9684,#9709,#9711,.T.);
#9709 = VERTEX_POINT('',#9710);
#9710 = CARTESIAN_POINT('',(0.6,-1.778E-02,1.0127));
#9711 = LINE('',#9712,#9713);
#9712 = CARTESIAN_POINT('',(0.6,-1.143E-02,1.0127));
#9713 = VECTOR('',#9714,1.);
#9714 = DIRECTION('',(-0.,-1.,-0.));
#9715 = ORIENTED_EDGE('',*,*,#9716,.T.);
#9716 = EDGE_CURVE('',#9709,#8903,#9717,.T.);
#9717 = LINE('',#9718,#9719);
#9718 = CARTESIAN_POINT('',(0.395352364227,-1.778E-02,1.217347635773));
#9719 = VECTOR('',#9720,1.);
#9720 = DIRECTION('',(-0.707106781187,0.,0.707106781187));
#9721 = ORIENTED_EDGE('',*,*,#8902,.T.);
#9722 = ORIENTED_EDGE('',*,*,#9683,.F.);
#9723 = PLANE('',#9724);
#9724 = AXIS2_PLACEMENT_3D('',#9725,#9726,#9727);
#9725 = CARTESIAN_POINT('',(0.395352364227,-1.143E-02,1.217347635773));
#9726 = DIRECTION('',(-0.707106781187,0.,-0.707106781187));
#9727 = DIRECTION('',(-0.707106781187,0.,0.707106781187));
#9728 = ADVANCED_FACE('',(#9729),#9746,.T.);
#9729 = FACE_BOUND('',#9730,.T.);
#9730 = EDGE_LOOP('',(#9731,#9737,#9738,#9744,#9745));
#9731 = ORIENTED_EDGE('',*,*,#9732,.T.);
#9732 = EDGE_CURVE('',#9709,#9160,#9733,.T.);
#9733 = LINE('',#9734,#9735);
#9734 = CARTESIAN_POINT('',(0.381,-1.778E-02,1.0127));
#9735 = VECTOR('',#9736,1.);
#9736 = DIRECTION('',(1.,0.,0.));
#9737 = ORIENTED_EDGE('',*,*,#9159,.F.);
#9738 = ORIENTED_EDGE('',*,*,#9739,.T.);
#9739 = EDGE_CURVE('',#9151,#8911,#9740,.T.);
#9740 = LINE('',#9741,#9742);
#9741 = CARTESIAN_POINT('',(0.381,-1.778E-02,1.8746));
#9742 = VECTOR('',#9743,1.);
#9743 = DIRECTION('',(-1.,-0.,-0.));
#9744 = ORIENTED_EDGE('',*,*,#8910,.T.);
#9745 = ORIENTED_EDGE('',*,*,#9716,.F.);
#9746 = PLANE('',#9747);
#9747 = AXIS2_PLACEMENT_3D('',#9748,#9749,#9750);
#9748 = CARTESIAN_POINT('',(0.381,-1.778E-02,1.44365));
#9749 = DIRECTION('',(0.,-1.,0.));
#9750 = DIRECTION('',(0.,-0.,-1.));
#9751 = ADVANCED_FACE('',(#9752),#9763,.T.);
#9752 = FACE_BOUND('',#9753,.T.);
#9753 = EDGE_LOOP('',(#9754,#9755,#9756,#9762));
#9754 = ORIENTED_EDGE('',*,*,#9739,.F.);
#9755 = ORIENTED_EDGE('',*,*,#9150,.F.);
#9756 = ORIENTED_EDGE('',*,*,#9757,.T.);
#9757 = EDGE_CURVE('',#9143,#8919,#9758,.T.);
#9758 = LINE('',#9759,#9760);
#9759 = CARTESIAN_POINT('',(1.369,2.032E-02,1.9127));
#9760 = VECTOR('',#9761,1.);
#9761 = DIRECTION('',(-1.,-0.,-0.));
#9762 = ORIENTED_EDGE('',*,*,#8918,.T.);
#9763 = CYLINDRICAL_SURFACE('',#9764,3.810000000008E-02);
#9764 = AXIS2_PLACEMENT_3D('',#9765,#9766,#9767);
#9765 = CARTESIAN_POINT('',(1.369,2.032000000007E-02,1.8746));
#9766 = DIRECTION('',(1.,0.,0.));
#9767 = DIRECTION('',(0.,0.,-1.));
#9768 = ADVANCED_FACE('',(#9769),#9780,.T.);
#9769 = FACE_BOUND('',#9770,.T.);
#9770 = EDGE_LOOP('',(#9771,#9777,#9778,#9779));
#9771 = ORIENTED_EDGE('',*,*,#9772,.T.);
#9772 = EDGE_CURVE('',#9134,#8928,#9773,.T.);
#9773 = LINE('',#9774,#9775);
#9774 = CARTESIAN_POINT('',(0.381,0.6096,1.9127));
#9775 = VECTOR('',#9776,1.);
#9776 = DIRECTION('',(-1.,-0.,0.));
#9777 = ORIENTED_EDGE('',*,*,#8927,.T.);
#9778 = ORIENTED_EDGE('',*,*,#9757,.F.);
#9779 = ORIENTED_EDGE('',*,*,#9142,.F.);
#9780 = PLANE('',#9781);
#9781 = AXIS2_PLACEMENT_3D('',#9782,#9783,#9784);
#9782 = CARTESIAN_POINT('',(0.381,0.31496,1.9127));
#9783 = DIRECTION('',(0.,0.,1.));
#9784 = DIRECTION('',(1.,0.,-0.));
#9785 = ADVANCED_FACE('',(#9786),#9797,.T.);
#9786 = FACE_BOUND('',#9787,.T.);
#9787 = EDGE_LOOP('',(#9788,#9789,#9790,#9796));
#9788 = ORIENTED_EDGE('',*,*,#9772,.F.);
#9789 = ORIENTED_EDGE('',*,*,#9133,.F.);
#9790 = ORIENTED_EDGE('',*,*,#9791,.T.);
#9791 = EDGE_CURVE('',#9126,#8936,#9792,.T.);
#9792 = LINE('',#9793,#9794);
#9793 = CARTESIAN_POINT('',(1.369,0.6477,1.8746));
#9794 = VECTOR('',#9795,1.);
#9795 = DIRECTION('',(-1.,-0.,-0.));
#9796 = ORIENTED_EDGE('',*,*,#8935,.T.);
#9797 = CYLINDRICAL_SURFACE('',#9798,3.810000000022E-02);
#9798 = AXIS2_PLACEMENT_3D('',#9799,#9800,#9801);
#9799 = CARTESIAN_POINT('',(1.369,0.6096,1.8746));
#9800 = DIRECTION('',(1.,0.,0.));
#9801 = DIRECTION('',(0.,0.,-1.));
#9802 = ADVANCED_FACE('',(#9803),#9810,.T.);
#9803 = FACE_BOUND('',#9804,.T.);
#9804 = EDGE_LOOP('',(#9805,#9806,#9807,#9808,#9809));
#9805 = ORIENTED_EDGE('',*,*,#9384,.T.);
#9806 = ORIENTED_EDGE('',*,*,#8944,.T.);
#9807 = ORIENTED_EDGE('',*,*,#9791,.F.);
#9808 = ORIENTED_EDGE('',*,*,#9125,.F.);
#9809 = ORIENTED_EDGE('',*,*,#9366,.T.);
#9810 = PLANE('',#9811);
#9811 = AXIS2_PLACEMENT_3D('',#9812,#9813,#9814);
#9812 = CARTESIAN_POINT('',(0.,0.6477,1.899277657564));
#9813 = DIRECTION('',(0.,1.,0.));
#9814 = DIRECTION('',(0.,-0.,1.));
#9815 = ADVANCED_FACE('',(#9816),#9828,.T.);
#9816 = FACE_BOUND('',#9817,.T.);
#9817 = EDGE_LOOP('',(#9818,#9819,#9820,#9826,#9827));
#9818 = ORIENTED_EDGE('',*,*,#9426,.T.);
#9819 = ORIENTED_EDGE('',*,*,#9198,.F.);
#9820 = ORIENTED_EDGE('',*,*,#9821,.T.);
#9821 = EDGE_CURVE('',#9199,#8976,#9822,.T.);
#9822 = LINE('',#9823,#9824);
#9823 = CARTESIAN_POINT('',(0.,0.6477,1.8746));
#9824 = VECTOR('',#9825,1.);
#9825 = DIRECTION('',(1.,0.,-0.));
#9826 = ORIENTED_EDGE('',*,*,#8975,.T.);
#9827 = ORIENTED_EDGE('',*,*,#9402,.T.);
#9828 = PLANE('',#9829);
#9829 = AXIS2_PLACEMENT_3D('',#9830,#9831,#9832);
#9830 = CARTESIAN_POINT('',(0.,0.6477,1.899277657564));
#9831 = DIRECTION('',(0.,1.,0.));
#9832 = DIRECTION('',(0.,-0.,1.));
#9833 = ADVANCED_FACE('',(#9834),#9845,.T.);
#9834 = FACE_BOUND('',#9835,.T.);
#9835 = EDGE_LOOP('',(#9836,#9842,#9843,#9844));
#9836 = ORIENTED_EDGE('',*,*,#9837,.T.);
#9837 = EDGE_CURVE('',#9283,#8984,#9838,.T.);
#9838 = LINE('',#9839,#9840);
#9839 = CARTESIAN_POINT('',(-0.381,0.6096,1.9127));
#9840 = VECTOR('',#9841,1.);
#9841 = DIRECTION('',(1.,0.,0.));
#9842 = ORIENTED_EDGE('',*,*,#8983,.T.);
#9843 = ORIENTED_EDGE('',*,*,#9821,.F.);
#9844 = ORIENTED_EDGE('',*,*,#9290,.F.);
#9845 = CYLINDRICAL_SURFACE('',#9846,3.810000000022E-02);
#9846 = AXIS2_PLACEMENT_3D('',#9847,#9848,#9849);
#9847 = CARTESIAN_POINT('',(-0.381,0.6096,1.8746));
#9848 = DIRECTION('',(1.,0.,0.));
#9849 = DIRECTION('',(0.,0.,-1.));
#9850 = ADVANCED_FACE('',(#9851),#9862,.F.);
#9851 = FACE_BOUND('',#9852,.T.);
#9852 = EDGE_LOOP('',(#9853,#9854,#9855,#9856));
#9853 = ORIENTED_EDGE('',*,*,#8992,.T.);
#9854 = ORIENTED_EDGE('',*,*,#9837,.F.);
#9855 = ORIENTED_EDGE('',*,*,#9282,.F.);
#9856 = ORIENTED_EDGE('',*,*,#9857,.F.);
#9857 = EDGE_CURVE('',#8993,#9274,#9858,.T.);
#9858 = LINE('',#9859,#9860);
#9859 = CARTESIAN_POINT('',(-0.381,2.032E-02,1.9127));
#9860 = VECTOR('',#9861,1.);
#9861 = DIRECTION('',(-1.,0.,-0.));
#9862 = PLANE('',#9863);
#9863 = AXIS2_PLACEMENT_3D('',#9864,#9865,#9866);
#9864 = CARTESIAN_POINT('',(-0.381,0.31496,1.9127));
#9865 = DIRECTION('',(0.,0.,-1.));
#9866 = DIRECTION('',(-1.,0.,-0.));
#9867 = ADVANCED_FACE('',(#9868),#9879,.T.);
#9868 = FACE_BOUND('',#9869,.T.);
#9869 = EDGE_LOOP('',(#9870,#9876,#9877,#9878));
#9870 = ORIENTED_EDGE('',*,*,#9871,.T.);
#9871 = EDGE_CURVE('',#9266,#9001,#9872,.T.);
#9872 = LINE('',#9873,#9874);
#9873 = CARTESIAN_POINT('',(-0.381,-1.778000000001E-02,1.8746));
#9874 = VECTOR('',#9875,1.);
#9875 = DIRECTION('',(1.,0.,0.));
#9876 = ORIENTED_EDGE('',*,*,#9000,.T.);
#9877 = ORIENTED_EDGE('',*,*,#9857,.T.);
#9878 = ORIENTED_EDGE('',*,*,#9273,.F.);
#9879 = CYLINDRICAL_SURFACE('',#9880,3.810000000008E-02);
#9880 = AXIS2_PLACEMENT_3D('',#9881,#9882,#9883);
#9881 = CARTESIAN_POINT('',(-0.381,2.032000000007E-02,1.8746));
#9882 = DIRECTION('',(1.,0.,0.));
#9883 = DIRECTION('',(0.,0.,-1.));
#9884 = ADVANCED_FACE('',(#9885),#9904,.F.);
#9885 = FACE_BOUND('',#9886,.T.);
#9886 = EDGE_LOOP('',(#9887,#9888,#9896,#9902,#9903));
#9887 = ORIENTED_EDGE('',*,*,#9265,.F.);
#9888 = ORIENTED_EDGE('',*,*,#9889,.F.);
#9889 = EDGE_CURVE('',#9890,#9258,#9892,.T.);
#9890 = VERTEX_POINT('',#9891);
#9891 = CARTESIAN_POINT('',(-0.6,-1.778E-02,1.1127));
#9892 = LINE('',#9893,#9894);
#9893 = CARTESIAN_POINT('',(-0.381,-1.778E-02,1.1127));
#9894 = VECTOR('',#9895,1.);
#9895 = DIRECTION('',(-1.,-0.,0.));
#9896 = ORIENTED_EDGE('',*,*,#9897,.F.);
#9897 = EDGE_CURVE('',#9010,#9890,#9898,.T.);
#9898 = LINE('',#9899,#9900);
#9899 = CARTESIAN_POINT('',(-0.4,-1.778E-02,1.3127));
#9900 = VECTOR('',#9901,1.);
#9901 = DIRECTION('',(-0.707106781187,0.,-0.707106781187));
#9902 = ORIENTED_EDGE('',*,*,#9009,.T.);
#9903 = ORIENTED_EDGE('',*,*,#9871,.F.);
#9904 = PLANE('',#9905);
#9905 = AXIS2_PLACEMENT_3D('',#9906,#9907,#9908);
#9906 = CARTESIAN_POINT('',(-0.381,-1.778E-02,1.49365));
#9907 = DIRECTION('',(0.,1.,0.));
#9908 = DIRECTION('',(0.,-0.,1.));
#9909 = ADVANCED_FACE('',(#9910),#9928,.F.);
#9910 = FACE_BOUND('',#9911,.T.);
#9911 = EDGE_LOOP('',(#9912,#9913,#9921,#9927));
#9912 = ORIENTED_EDGE('',*,*,#9897,.T.);
#9913 = ORIENTED_EDGE('',*,*,#9914,.F.);
#9914 = EDGE_CURVE('',#9915,#9890,#9917,.T.);
#9915 = VERTEX_POINT('',#9916);
#9916 = CARTESIAN_POINT('',(-0.6,-5.08E-03,1.1127));
#9917 = LINE('',#9918,#9919);
#9918 = CARTESIAN_POINT('',(-0.6,-1.143E-02,1.1127));
#9919 = VECTOR('',#9920,1.);
#9920 = DIRECTION('',(-0.,-1.,0.));
#9921 = ORIENTED_EDGE('',*,*,#9922,.F.);
#9922 = EDGE_CURVE('',#9018,#9915,#9923,.T.);
#9923 = LINE('',#9924,#9925);
#9924 = CARTESIAN_POINT('',(-0.395352364227,-5.08E-03,1.317347635773));
#9925 = VECTOR('',#9926,1.);
#9926 = DIRECTION('',(-0.707106781187,-0.,-0.707106781187));
#9927 = ORIENTED_EDGE('',*,*,#9017,.T.);
#9928 = PLANE('',#9929);
#9929 = AXIS2_PLACEMENT_3D('',#9930,#9931,#9932);
#9930 = CARTESIAN_POINT('',(-0.395352364227,-1.143E-02,1.317347635773));
#9931 = DIRECTION('',(-0.707106781187,0.,0.707106781187));
#9932 = DIRECTION('',(0.707106781187,0.,0.707106781187));
#9933 = ADVANCED_FACE('',(#9934),#9946,.F.);
#9934 = FACE_BOUND('',#9935,.T.);
#9935 = EDGE_LOOP('',(#9936,#9937,#9938,#9944,#9945));
#9936 = ORIENTED_EDGE('',*,*,#9025,.T.);
#9937 = ORIENTED_EDGE('',*,*,#9922,.T.);
#9938 = ORIENTED_EDGE('',*,*,#9939,.F.);
#9939 = EDGE_CURVE('',#9250,#9915,#9940,.T.);
#9940 = LINE('',#9941,#9942);
#9941 = CARTESIAN_POINT('',(-0.381,-5.08E-03,1.1127));
#9942 = VECTOR('',#9943,1.);
#9943 = DIRECTION('',(1.,0.,0.));
#9944 = ORIENTED_EDGE('',*,*,#9249,.F.);
#9945 = ORIENTED_EDGE('',*,*,#9307,.T.);
#9946 = PLANE('',#9947);
#9947 = AXIS2_PLACEMENT_3D('',#9948,#9949,#9950);
#9948 = CARTESIAN_POINT('',(-0.381,-5.08E-03,1.49365));
#9949 = DIRECTION('',(0.,-1.,0.));
#9950 = DIRECTION('',(0.,-0.,-1.));
#9951 = ADVANCED_FACE('',(#9952),#9958,.F.);
#9952 = FACE_BOUND('',#9953,.F.);
#9953 = EDGE_LOOP('',(#9954,#9955,#9956,#9957));
#9954 = ORIENTED_EDGE('',*,*,#9443,.F.);
#9955 = ORIENTED_EDGE('',*,*,#9223,.T.);
#9956 = ORIENTED_EDGE('',*,*,#9494,.F.);
#9957 = ORIENTED_EDGE('',*,*,#9050,.F.);
#9958 = CYLINDRICAL_SURFACE('',#9959,2.54000000001E-02);
#9959 = AXIS2_PLACEMENT_3D('',#9960,#9961,#9962);
#9960 = CARTESIAN_POINT('',(-1.369,0.6096,1.8746));
#9961 = DIRECTION('',(-1.,0.,0.));
#9962 = DIRECTION('',(0.,0.,1.));
#9963 = ADVANCED_FACE('',(#9964),#9970,.T.);
#9964 = FACE_BOUND('',#9965,.T.);
#9965 = EDGE_LOOP('',(#9966,#9967,#9968,#9969));
#9966 = ORIENTED_EDGE('',*,*,#9167,.F.);
#9967 = ORIENTED_EDGE('',*,*,#9732,.F.);
#9968 = ORIENTED_EDGE('',*,*,#9708,.F.);
#9969 = ORIENTED_EDGE('',*,*,#9694,.F.);
#9970 = PLANE('',#9971);
#9971 = AXIS2_PLACEMENT_3D('',#9972,#9973,#9974);
#9972 = CARTESIAN_POINT('',(0.585,-1.143E-02,1.0127));
#9973 = DIRECTION('',(0.,0.,-1.));
#9974 = DIRECTION('',(-1.,0.,-0.));
#9975 = ADVANCED_FACE('',(#9976),#9982,.F.);
#9976 = FACE_BOUND('',#9977,.T.);
#9977 = EDGE_LOOP('',(#9978,#9979,#9980,#9981));
#9978 = ORIENTED_EDGE('',*,*,#9889,.T.);
#9979 = ORIENTED_EDGE('',*,*,#9257,.F.);
#9980 = ORIENTED_EDGE('',*,*,#9939,.T.);
#9981 = ORIENTED_EDGE('',*,*,#9914,.T.);
#9982 = PLANE('',#9983);
#9983 = AXIS2_PLACEMENT_3D('',#9984,#9985,#9986);
#9984 = CARTESIAN_POINT('',(-0.585,-1.143E-02,1.1127));
#9985 = DIRECTION('',(0.,0.,1.));
#9986 = DIRECTION('',(1.,0.,-0.));
#9987 = ADVANCED_FACE('',(#9988),#10068,.T.);
#9988 = FACE_BOUND('',#9989,.T.);
#9989 = EDGE_LOOP('',(#9990,#9991,#10000,#10008,#10017,#10025,#10034,
    #10042,#10051,#10059,#10066,#10067));
#9990 = ORIENTED_EDGE('',*,*,#7793,.F.);
#9991 = ORIENTED_EDGE('',*,*,#9992,.T.);
#9992 = EDGE_CURVE('',#7785,#9993,#9995,.T.);
#9993 = VERTEX_POINT('',#9994);
#9994 = CARTESIAN_POINT('',(-0.275,0.885,0.651248960066));
#9995 = CIRCLE('',#9996,0.8);
#9996 = AXIS2_PLACEMENT_3D('',#9997,#9998,#9999);
#9997 = CARTESIAN_POINT('',(1.802724636235E-13,0.885,-0.1));
#9998 = DIRECTION('',(0.,-1.,0.));
#9999 = DIRECTION('',(0.,0.,-1.));
#10000 = ORIENTED_EDGE('',*,*,#10001,.T.);
#10001 = EDGE_CURVE('',#9993,#10002,#10004,.T.);
#10002 = VERTEX_POINT('',#10003);
#10003 = CARTESIAN_POINT('',(-0.275,1.035,0.651248960066));
#10004 = LINE('',#10005,#10006);
#10005 = CARTESIAN_POINT('',(-0.275,0.728427250457,0.651248960066));
#10006 = VECTOR('',#10007,1.);
#10007 = DIRECTION('',(-0.,1.,-0.));
#10008 = ORIENTED_EDGE('',*,*,#10009,.T.);
#10009 = EDGE_CURVE('',#10002,#10010,#10012,.T.);
#10010 = VERTEX_POINT('',#10011);
#10011 = CARTESIAN_POINT('',(-0.751248960066,1.035,0.175));
#10012 = CIRCLE('',#10013,0.8);
#10013 = AXIS2_PLACEMENT_3D('',#10014,#10015,#10016);
#10014 = CARTESIAN_POINT('',(1.802724636235E-13,1.035,-0.1));
#10015 = DIRECTION('',(0.,-1.,0.));
#10016 = DIRECTION('',(0.,0.,-1.));
#10017 = ORIENTED_EDGE('',*,*,#10018,.T.);
#10018 = EDGE_CURVE('',#10010,#10019,#10021,.T.);
#10019 = VERTEX_POINT('',#10020);
#10020 = CARTESIAN_POINT('',(-0.751248960066,0.885,0.175));
#10021 = LINE('',#10022,#10023);
#10022 = CARTESIAN_POINT('',(-0.751248960066,0.728427250457,0.175));
#10023 = VECTOR('',#10024,1.);
#10024 = DIRECTION('',(0.,-1.,0.));
#10025 = ORIENTED_EDGE('',*,*,#10026,.T.);
#10026 = EDGE_CURVE('',#10019,#10027,#10029,.T.);
#10027 = VERTEX_POINT('',#10028);
#10028 = CARTESIAN_POINT('',(-0.751248960066,0.885,-0.375));
#10029 = CIRCLE('',#10030,0.8);
#10030 = AXIS2_PLACEMENT_3D('',#10031,#10032,#10033);
#10031 = CARTESIAN_POINT('',(1.802724636235E-13,0.885,-0.1));
#10032 = DIRECTION('',(0.,-1.,0.));
#10033 = DIRECTION('',(0.,0.,-1.));
#10034 = ORIENTED_EDGE('',*,*,#10035,.T.);
#10035 = EDGE_CURVE('',#10027,#10036,#10038,.T.);
#10036 = VERTEX_POINT('',#10037);
#10037 = CARTESIAN_POINT('',(-0.751248960066,1.035,-0.375));
#10038 = LINE('',#10039,#10040);
#10039 = CARTESIAN_POINT('',(-0.751248960066,0.728427250457,-0.375));
#10040 = VECTOR('',#10041,1.);
#10041 = DIRECTION('',(-0.,1.,-0.));
#10042 = ORIENTED_EDGE('',*,*,#10043,.T.);
#10043 = EDGE_CURVE('',#10036,#10044,#10046,.T.);
#10044 = VERTEX_POINT('',#10045);
#10045 = CARTESIAN_POINT('',(-0.275,1.035,-0.851248960066));
#10046 = CIRCLE('',#10047,0.8);
#10047 = AXIS2_PLACEMENT_3D('',#10048,#10049,#10050);
#10048 = CARTESIAN_POINT('',(1.802724636235E-13,1.035,-0.1));
#10049 = DIRECTION('',(0.,-1.,0.));
#10050 = DIRECTION('',(0.,0.,-1.));
#10051 = ORIENTED_EDGE('',*,*,#10052,.T.);
#10052 = EDGE_CURVE('',#10044,#10053,#10055,.T.);
#10053 = VERTEX_POINT('',#10054);
#10054 = CARTESIAN_POINT('',(-0.275,0.885,-0.851248960066));
#10055 = LINE('',#10056,#10057);
#10056 = CARTESIAN_POINT('',(-0.275,0.728427250457,-0.851248960066));
#10057 = VECTOR('',#10058,1.);
#10058 = DIRECTION('',(0.,-1.,0.));
#10059 = ORIENTED_EDGE('',*,*,#10060,.T.);
#10060 = EDGE_CURVE('',#10053,#7807,#10061,.T.);
#10061 = CIRCLE('',#10062,0.8);
#10062 = AXIS2_PLACEMENT_3D('',#10063,#10064,#10065);
#10063 = CARTESIAN_POINT('',(1.802724636235E-13,0.885,-0.1));
#10064 = DIRECTION('',(0.,-1.,0.));
#10065 = DIRECTION('',(0.,0.,-1.));
#10066 = ORIENTED_EDGE('',*,*,#7806,.T.);
#10067 = ORIENTED_EDGE('',*,*,#7510,.F.);
#10068 = CYLINDRICAL_SURFACE('',#10069,0.8);
#10069 = AXIS2_PLACEMENT_3D('',#10070,#10071,#10072);
#10070 = CARTESIAN_POINT('',(1.802724636235E-13,0.728427250457,-0.1));
#10071 = DIRECTION('',(0.,-1.,0.));
#10072 = DIRECTION('',(0.,0.,-1.));
#10073 = ADVANCED_FACE('',(#10074),#10154,.T.);
#10074 = FACE_BOUND('',#10075,.T.);
#10075 = EDGE_LOOP('',(#10076,#10086,#10094,#10102,#10110,#10116,#10117,
    #10123,#10124,#10132,#10140,#10148));
#10076 = ORIENTED_EDGE('',*,*,#10077,.T.);
#10077 = EDGE_CURVE('',#10078,#10080,#10082,.T.);
#10078 = VERTEX_POINT('',#10079);
#10079 = CARTESIAN_POINT('',(-0.42,0.,-1.9));
#10080 = VERTEX_POINT('',#10081);
#10081 = CARTESIAN_POINT('',(0.42,0.,-1.9));
#10082 = LINE('',#10083,#10084);
#10083 = CARTESIAN_POINT('',(0.7592,0.,-1.9));
#10084 = VECTOR('',#10085,1.);
#10085 = DIRECTION('',(1.,0.,0.));
#10086 = ORIENTED_EDGE('',*,*,#10087,.T.);
#10087 = EDGE_CURVE('',#10080,#10088,#10090,.T.);
#10088 = VERTEX_POINT('',#10089);
#10089 = CARTESIAN_POINT('',(0.42,0.,-1.8));
#10090 = LINE('',#10091,#10092);
#10091 = CARTESIAN_POINT('',(0.42,0.,-1.6));
#10092 = VECTOR('',#10093,1.);
#10093 = DIRECTION('',(-0.,0.,1.));
#10094 = ORIENTED_EDGE('',*,*,#10095,.T.);
#10095 = EDGE_CURVE('',#10088,#10096,#10098,.T.);
#10096 = VERTEX_POINT('',#10097);
#10097 = CARTESIAN_POINT('',(0.425,0.,-1.8));
#10098 = LINE('',#10099,#10100);
#10099 = CARTESIAN_POINT('',(0.7592,0.,-1.8));
#10100 = VECTOR('',#10101,1.);
#10101 = DIRECTION('',(1.,0.,0.));
#10102 = ORIENTED_EDGE('',*,*,#10103,.T.);
#10103 = EDGE_CURVE('',#10096,#10104,#10106,.T.);
#10104 = VERTEX_POINT('',#10105);
#10105 = CARTESIAN_POINT('',(0.425,0.,-2.05));
#10106 = LINE('',#10107,#10108);
#10107 = CARTESIAN_POINT('',(0.425,0.,-1.6));
#10108 = VECTOR('',#10109,1.);
#10109 = DIRECTION('',(0.,-0.,-1.));
#10110 = ORIENTED_EDGE('',*,*,#10111,.T.);
#10111 = EDGE_CURVE('',#10104,#9632,#10112,.T.);
#10112 = LINE('',#10113,#10114);
#10113 = CARTESIAN_POINT('',(0.7592,0.,-2.05));
#10114 = VECTOR('',#10115,1.);
#10115 = DIRECTION('',(1.,0.,0.));
#10116 = ORIENTED_EDGE('',*,*,#9631,.F.);
#10117 = ORIENTED_EDGE('',*,*,#10118,.T.);
#10118 = EDGE_CURVE('',#9624,#9552,#10119,.T.);
#10119 = LINE('',#10120,#10121);
#10120 = CARTESIAN_POINT('',(0.7592,0.,-1.15));
#10121 = VECTOR('',#10122,1.);
#10122 = DIRECTION('',(-1.,-0.,-0.));
#10123 = ORIENTED_EDGE('',*,*,#9551,.F.);
#10124 = ORIENTED_EDGE('',*,*,#10125,.T.);
#10125 = EDGE_CURVE('',#9544,#10126,#10128,.T.);
#10126 = VERTEX_POINT('',#10127);
#10127 = CARTESIAN_POINT('',(-0.425,0.,-2.05));
#10128 = LINE('',#10129,#10130);
#10129 = CARTESIAN_POINT('',(0.7592,0.,-2.05));
#10130 = VECTOR('',#10131,1.);
#10131 = DIRECTION('',(1.,0.,0.));
#10132 = ORIENTED_EDGE('',*,*,#10133,.T.);
#10133 = EDGE_CURVE('',#10126,#10134,#10136,.T.);
#10134 = VERTEX_POINT('',#10135);
#10135 = CARTESIAN_POINT('',(-0.425,0.,-1.8));
#10136 = LINE('',#10137,#10138);
#10137 = CARTESIAN_POINT('',(-0.425,0.,-1.6));
#10138 = VECTOR('',#10139,1.);
#10139 = DIRECTION('',(-0.,0.,1.));
#10140 = ORIENTED_EDGE('',*,*,#10141,.T.);
#10141 = EDGE_CURVE('',#10134,#10142,#10144,.T.);
#10142 = VERTEX_POINT('',#10143);
#10143 = CARTESIAN_POINT('',(-0.42,0.,-1.8));
#10144 = LINE('',#10145,#10146);
#10145 = CARTESIAN_POINT('',(0.7592,0.,-1.8));
#10146 = VECTOR('',#10147,1.);
#10147 = DIRECTION('',(1.,0.,0.));
#10148 = ORIENTED_EDGE('',*,*,#10149,.T.);
#10149 = EDGE_CURVE('',#10142,#10078,#10150,.T.);
#10150 = LINE('',#10151,#10152);
#10151 = CARTESIAN_POINT('',(-0.42,0.,-1.6));
#10152 = VECTOR('',#10153,1.);
#10153 = DIRECTION('',(0.,-0.,-1.));
#10154 = PLANE('',#10155);
#10155 = AXIS2_PLACEMENT_3D('',#10156,#10157,#10158);
#10156 = CARTESIAN_POINT('',(0.7592,0.,-1.6));
#10157 = DIRECTION('',(0.,-1.,0.));
#10158 = DIRECTION('',(0.,-0.,-1.));
#10159 = ADVANCED_FACE('',(#10160),#10178,.T.);
#10160 = FACE_BOUND('',#10161,.T.);
#10161 = EDGE_LOOP('',(#10162,#10163,#10171,#10177));
#10162 = ORIENTED_EDGE('',*,*,#9543,.F.);
#10163 = ORIENTED_EDGE('',*,*,#10164,.T.);
#10164 = EDGE_CURVE('',#9536,#10165,#10167,.T.);
#10165 = VERTEX_POINT('',#10166);
#10166 = CARTESIAN_POINT('',(-0.425,0.1,-2.05));
#10167 = LINE('',#10168,#10169);
#10168 = CARTESIAN_POINT('',(0.7592,0.1,-2.05));
#10169 = VECTOR('',#10170,1.);
#10170 = DIRECTION('',(1.,-0.,0.));
#10171 = ORIENTED_EDGE('',*,*,#10172,.T.);
#10172 = EDGE_CURVE('',#10165,#10126,#10173,.T.);
#10173 = LINE('',#10174,#10175);
#10174 = CARTESIAN_POINT('',(-0.425,5.E-02,-2.05));
#10175 = VECTOR('',#10176,1.);
#10176 = DIRECTION('',(-0.,-1.,-0.));
#10177 = ORIENTED_EDGE('',*,*,#10125,.F.);
#10178 = PLANE('',#10179);
#10179 = AXIS2_PLACEMENT_3D('',#10180,#10181,#10182);
#10180 = CARTESIAN_POINT('',(0.7592,5.E-02,-2.05));
#10181 = DIRECTION('',(0.,0.,-1.));
#10182 = DIRECTION('',(-1.,0.,-0.));
#10183 = ADVANCED_FACE('',(#10184),#10236,.T.);
#10184 = FACE_BOUND('',#10185,.T.);
#10185 = EDGE_LOOP('',(#10186,#10196,#10204,#10212,#10220,#10226,#10227,
    #10228,#10229,#10230));
#10186 = ORIENTED_EDGE('',*,*,#10187,.T.);
#10187 = EDGE_CURVE('',#10188,#10190,#10192,.T.);
#10188 = VERTEX_POINT('',#10189);
#10189 = CARTESIAN_POINT('',(0.425,0.1,-2.05));
#10190 = VERTEX_POINT('',#10191);
#10191 = CARTESIAN_POINT('',(0.425,0.1,-1.8));
#10192 = LINE('',#10193,#10194);
#10193 = CARTESIAN_POINT('',(0.425,0.1,-1.6));
#10194 = VECTOR('',#10195,1.);
#10195 = DIRECTION('',(0.,-0.,1.));
#10196 = ORIENTED_EDGE('',*,*,#10197,.T.);
#10197 = EDGE_CURVE('',#10190,#10198,#10200,.T.);
#10198 = VERTEX_POINT('',#10199);
#10199 = CARTESIAN_POINT('',(0.42,0.1,-1.8));
#10200 = LINE('',#10201,#10202);
#10201 = CARTESIAN_POINT('',(0.7592,0.1,-1.8));
#10202 = VECTOR('',#10203,1.);
#10203 = DIRECTION('',(-1.,-0.,0.));
#10204 = ORIENTED_EDGE('',*,*,#10205,.T.);
#10205 = EDGE_CURVE('',#10198,#10206,#10208,.T.);
#10206 = VERTEX_POINT('',#10207);
#10207 = CARTESIAN_POINT('',(-0.42,0.1,-1.8));
#10208 = LINE('',#10209,#10210);
#10209 = CARTESIAN_POINT('',(0.7592,0.1,-1.8));
#10210 = VECTOR('',#10211,1.);
#10211 = DIRECTION('',(-1.,-0.,0.));
#10212 = ORIENTED_EDGE('',*,*,#10213,.T.);
#10213 = EDGE_CURVE('',#10206,#10214,#10216,.T.);
#10214 = VERTEX_POINT('',#10215);
#10215 = CARTESIAN_POINT('',(-0.425,0.1,-1.8));
#10216 = LINE('',#10217,#10218);
#10217 = CARTESIAN_POINT('',(0.7592,0.1,-1.8));
#10218 = VECTOR('',#10219,1.);
#10219 = DIRECTION('',(-1.,-0.,0.));
#10220 = ORIENTED_EDGE('',*,*,#10221,.T.);
#10221 = EDGE_CURVE('',#10214,#10165,#10222,.T.);
#10222 = LINE('',#10223,#10224);
#10223 = CARTESIAN_POINT('',(-0.425,0.1,-1.6));
#10224 = VECTOR('',#10225,1.);
#10225 = DIRECTION('',(-0.,0.,-1.));
#10226 = ORIENTED_EDGE('',*,*,#10164,.F.);
#10227 = ORIENTED_EDGE('',*,*,#9535,.F.);
#10228 = ORIENTED_EDGE('',*,*,#9573,.F.);
#10229 = ORIENTED_EDGE('',*,*,#9597,.F.);
#10230 = ORIENTED_EDGE('',*,*,#10231,.T.);
#10231 = EDGE_CURVE('',#9598,#10188,#10232,.T.);
#10232 = LINE('',#10233,#10234);
#10233 = CARTESIAN_POINT('',(0.7592,0.1,-2.05));
#10234 = VECTOR('',#10235,1.);
#10235 = DIRECTION('',(-1.,-0.,0.));
#10236 = PLANE('',#10237);
#10237 = AXIS2_PLACEMENT_3D('',#10238,#10239,#10240);
#10238 = CARTESIAN_POINT('',(0.7592,0.1,-1.6));
#10239 = DIRECTION('',(0.,1.,0.));
#10240 = DIRECTION('',(0.,-0.,1.));
#10241 = ADVANCED_FACE('',(#10242),#10253,.T.);
#10242 = FACE_BOUND('',#10243,.T.);
#10243 = EDGE_LOOP('',(#10244,#10245,#10246,#10252));
#10244 = ORIENTED_EDGE('',*,*,#9639,.F.);
#10245 = ORIENTED_EDGE('',*,*,#10111,.F.);
#10246 = ORIENTED_EDGE('',*,*,#10247,.T.);
#10247 = EDGE_CURVE('',#10104,#10188,#10248,.T.);
#10248 = LINE('',#10249,#10250);
#10249 = CARTESIAN_POINT('',(0.425,5.E-02,-2.05));
#10250 = VECTOR('',#10251,1.);
#10251 = DIRECTION('',(0.,1.,0.));
#10252 = ORIENTED_EDGE('',*,*,#10231,.F.);
#10253 = PLANE('',#10254);
#10254 = AXIS2_PLACEMENT_3D('',#10255,#10256,#10257);
#10255 = CARTESIAN_POINT('',(0.7592,5.E-02,-2.05));
#10256 = DIRECTION('',(0.,0.,-1.));
#10257 = DIRECTION('',(-1.,0.,-0.));
#10258 = ADVANCED_FACE('',(#10259,#10269),#10280,.F.);
#10259 = FACE_BOUND('',#10260,.T.);
#10260 = EDGE_LOOP('',(#10261,#10262));
#10261 = ORIENTED_EDGE('',*,*,#7546,.F.);
#10262 = ORIENTED_EDGE('',*,*,#10263,.F.);
#10263 = EDGE_CURVE('',#7549,#7547,#10264,.T.);
#10264 = CIRCLE('',#10265,0.545495049384);
#10265 = AXIS2_PLACEMENT_3D('',#10266,#10267,#10268);
#10266 = CARTESIAN_POINT('',(1.142508123341E-13,0.1,-9.999999999962E-02)
  );
#10267 = DIRECTION('',(-7.023694330456E-14,-1.,-9.517565357333E-14));
#10268 = DIRECTION('',(2.425403154548E-31,-9.517565357333E-14,1.));
#10269 = FACE_BOUND('',#10270,.T.);
#10270 = EDGE_LOOP('',(#10271,#10272,#10273,#10274));
#10271 = ORIENTED_EDGE('',*,*,#9615,.F.);
#10272 = ORIENTED_EDGE('',*,*,#9653,.F.);
#10273 = ORIENTED_EDGE('',*,*,#9510,.F.);
#10274 = ORIENTED_EDGE('',*,*,#10275,.F.);
#10275 = EDGE_CURVE('',#9616,#9511,#10276,.T.);
#10276 = LINE('',#10277,#10278);
#10277 = CARTESIAN_POINT('',(0.,0.1,-1.05));
#10278 = VECTOR('',#10279,1.);
#10279 = DIRECTION('',(-1.,-0.,0.));
#10280 = PLANE('',#10281);
#10281 = AXIS2_PLACEMENT_3D('',#10282,#10283,#10284);
#10282 = CARTESIAN_POINT('',(0.,0.1,-1.0836));
#10283 = DIRECTION('',(0.,1.,0.));
#10284 = DIRECTION('',(0.,-0.,1.));
#10285 = ADVANCED_FACE('',(#10286),#10369,.F.);
#10286 = FACE_BOUND('',#10287,.T.);
#10287 = EDGE_LOOP('',(#10288,#10298,#10306,#10327,#10335,#10341,#10342,
    #10363));
#10288 = ORIENTED_EDGE('',*,*,#10289,.F.);
#10289 = EDGE_CURVE('',#10290,#10292,#10294,.T.);
#10290 = VERTEX_POINT('',#10291);
#10291 = CARTESIAN_POINT('',(0.275,1.135,1.15));
#10292 = VERTEX_POINT('',#10293);
#10293 = CARTESIAN_POINT('',(0.275,1.085,1.15));
#10294 = LINE('',#10295,#10296);
#10295 = CARTESIAN_POINT('',(0.275,0.878427250457,1.15));
#10296 = VECTOR('',#10297,1.);
#10297 = DIRECTION('',(-0.,-1.,-0.));
#10298 = ORIENTED_EDGE('',*,*,#10299,.F.);
#10299 = EDGE_CURVE('',#10300,#10290,#10302,.T.);
#10300 = VERTEX_POINT('',#10301);
#10301 = CARTESIAN_POINT('',(0.275,1.135,0.704285397107));
#10302 = LINE('',#10303,#10304);
#10303 = CARTESIAN_POINT('',(0.275,1.135,0.873882143424));
#10304 = VECTOR('',#10305,1.);
#10305 = DIRECTION('',(-0.,-0.,1.));
#10306 = ORIENTED_EDGE('',*,*,#10307,.F.);
#10307 = EDGE_CURVE('',#10308,#10300,#10310,.T.);
#10308 = VERTEX_POINT('',#10309);
#10309 = CARTESIAN_POINT('',(0.275,1.035,0.597764286848));
#10310 = B_SPLINE_CURVE_WITH_KNOTS('',3,(#10311,#10312,#10313,#10314,
    #10315,#10316,#10317,#10318,#10319,#10320,#10321,#10322,#10323,
    #10324,#10325,#10326),.UNSPECIFIED.,.F.,.F.,(4,3,3,3,3,4),(
    2.354616551724E-17,3.191745368866E-05,6.376876461144E-05,
    9.662558674225E-05,1.31647752911E-04,1.612517886009E-04),
  .UNSPECIFIED.);
#10311 = CARTESIAN_POINT('',(0.275,1.035,0.597764286848));
#10312 = CARTESIAN_POINT('',(0.275,1.045639151229,0.597764286848));
#10313 = CARTESIAN_POINT('',(0.275,1.05642475248,0.599649317571));
#10314 = CARTESIAN_POINT('',(0.275,1.066448576537,0.603215055948));
#10315 = CARTESIAN_POINT('',(0.275,1.076460739497,0.606776646164));
#10316 = CARTESIAN_POINT('',(0.275000000003,1.085983356949,
    0.612098948063));
#10317 = CARTESIAN_POINT('',(0.275000000003,1.094325790471,
    0.618681662924));
#10318 = CARTESIAN_POINT('',(0.275000000003,1.102934162626,
    0.625474220415));
#10319 = CARTESIAN_POINT('',(0.275000000001,1.11051225449,0.633773974283
    ));
#10320 = CARTESIAN_POINT('',(0.275000000001,1.116582787734,
    0.642905870831));
#10321 = CARTESIAN_POINT('',(0.275000000001,1.12304859228,0.652632373566
    ));
#10322 = CARTESIAN_POINT('',(0.275,1.127974012111,0.663551055248));
#10323 = CARTESIAN_POINT('',(0.275,1.131050250491,0.674818186263));
#10324 = CARTESIAN_POINT('',(0.275,1.133660481935,0.684378505077));
#10325 = CARTESIAN_POINT('',(0.275,1.135,0.694375149683));
#10326 = CARTESIAN_POINT('',(0.275,1.135,0.704285397107));
#10327 = ORIENTED_EDGE('',*,*,#10328,.F.);
#10328 = EDGE_CURVE('',#10329,#10308,#10331,.T.);
#10329 = VERTEX_POINT('',#10330);
#10330 = CARTESIAN_POINT('',(0.275,0.885,0.597764286848));
#10331 = LINE('',#10332,#10333);
#10332 = CARTESIAN_POINT('',(0.275,0.878427250457,0.597764286848));
#10333 = VECTOR('',#10334,1.);
#10334 = DIRECTION('',(0.,1.,0.));
#10335 = ORIENTED_EDGE('',*,*,#10336,.F.);
#10336 = EDGE_CURVE('',#7783,#10329,#10337,.T.);
#10337 = LINE('',#10338,#10339);
#10338 = CARTESIAN_POINT('',(0.275,0.885,0.873882143424));
#10339 = VECTOR('',#10340,1.);
#10340 = DIRECTION('',(0.,0.,-1.));
#10341 = ORIENTED_EDGE('',*,*,#7874,.F.);
#10342 = ORIENTED_EDGE('',*,*,#10343,.F.);
#10343 = EDGE_CURVE('',#10344,#7866,#10346,.T.);
#10344 = VERTEX_POINT('',#10345);
#10345 = CARTESIAN_POINT('',(0.275,1.085,0.704285397107));
#10346 = B_SPLINE_CURVE_WITH_KNOTS('',3,(#10347,#10348,#10349,#10350,
    #10351,#10352,#10353,#10354,#10355,#10356,#10357,#10358,#10359,
    #10360,#10361,#10362),.UNSPECIFIED.,.F.,.F.,(4,3,3,3,3,4),(0.,
    1.860882663427E-05,3.724439557622E-05,5.540656890868E-05,
    7.251608697845E-05,8.048010074741E-05),.UNSPECIFIED.);
#10347 = CARTESIAN_POINT('',(0.275,1.085,0.704285397107));
#10348 = CARTESIAN_POINT('',(0.275,1.085,0.698082454896));
#10349 = CARTESIAN_POINT('',(0.275,1.083940803207,0.691793642611));
#10350 = CARTESIAN_POINT('',(0.275,1.081896843902,0.685937131496));
#10351 = CARTESIAN_POINT('',(0.275,1.079851293479,0.680076061385));
#10352 = CARTESIAN_POINT('',(0.275000000002,1.076757051543,
    0.674480349689));
#10353 = CARTESIAN_POINT('',(0.275000000002,1.072840046652,
    0.669664387473));
#10354 = CARTESIAN_POINT('',(0.275000000002,1.069024249008,0.66497285969
    ));
#10355 = CARTESIAN_POINT('',(0.275000000004,1.064308004726,
    0.660884619658));
#10356 = CARTESIAN_POINT('',(0.275000000004,1.059087827131,
    0.657831671825));
#10357 = CARTESIAN_POINT('',(0.275000000004,1.054166816579,
    0.654953687653));
#10358 = CARTESIAN_POINT('',(0.275000000002,1.048649204702,
    0.652913865085));
#10359 = CARTESIAN_POINT('',(0.275000000002,1.043032127083,
    0.651940429538));
#10360 = CARTESIAN_POINT('',(0.275000000002,1.040384314776,
    0.651481565553));
#10361 = CARTESIAN_POINT('',(0.275,1.03768727858,0.651248960066));
#10362 = CARTESIAN_POINT('',(0.275,1.035,0.651248960066));
#10363 = ORIENTED_EDGE('',*,*,#10364,.F.);
#10364 = EDGE_CURVE('',#10292,#10344,#10365,.T.);
#10365 = LINE('',#10366,#10367);
#10366 = CARTESIAN_POINT('',(0.275,1.085,0.873882143424));
#10367 = VECTOR('',#10368,1.);
#10368 = DIRECTION('',(0.,0.,-1.));
#10369 = PLANE('',#10370);
#10370 = AXIS2_PLACEMENT_3D('',#10371,#10372,#10373);
#10371 = CARTESIAN_POINT('',(0.275,0.878427250457,0.873882143424));
#10372 = DIRECTION('',(1.,-0.,0.));
#10373 = DIRECTION('',(0.,0.,-1.));
#10374 = ADVANCED_FACE('',(#10375),#10409,.F.);
#10375 = FACE_BOUND('',#10376,.F.);
#10376 = EDGE_LOOP('',(#10377,#10378,#10389,#10408));
#10377 = ORIENTED_EDGE('',*,*,#10343,.F.);
#10378 = ORIENTED_EDGE('',*,*,#10379,.T.);
#10379 = EDGE_CURVE('',#10344,#10380,#10382,.T.);
#10380 = VERTEX_POINT('',#10381);
#10381 = CARTESIAN_POINT('',(0.804285397107,1.085,0.175));
#10382 = B_SPLINE_CURVE_WITH_KNOTS('',3,(#10383,#10384,#10385,#10386,
    #10387,#10388),.UNSPECIFIED.,.F.,.F.,(4,2,4),(0.,0.5,1.),
  .UNSPECIFIED.);
#10383 = CARTESIAN_POINT('',(0.275,1.085,0.704285397107));
#10384 = CARTESIAN_POINT('',(0.400141312079,1.085,0.661497276192));
#10385 = CARTESIAN_POINT('',(0.507821461013,1.085,0.594754475165));
#10386 = CARTESIAN_POINT('',(0.694260067004,1.085,0.407327052852));
#10387 = CARTESIAN_POINT('',(0.762008278037,1.085,0.298646798182));
#10388 = CARTESIAN_POINT('',(0.804285397107,1.085,0.175));
#10389 = ORIENTED_EDGE('',*,*,#10390,.T.);
#10390 = EDGE_CURVE('',#10380,#7858,#10391,.T.);
#10391 = B_SPLINE_CURVE_WITH_KNOTS('',3,(#10392,#10393,#10394,#10395,
    #10396,#10397,#10398,#10399,#10400,#10401,#10402,#10403,#10404,
    #10405,#10406,#10407),.UNSPECIFIED.,.F.,.F.,(4,3,3,3,3,4),(
    1.084202172486E-19,1.860882663427E-05,3.724439557623E-05,
    5.540656890876E-05,7.251608697867E-05,8.04801007472E-05),
  .UNSPECIFIED.);
#10392 = CARTESIAN_POINT('',(0.804285397107,1.085,0.175));
#10393 = CARTESIAN_POINT('',(0.798082454896,1.085,0.175));
#10394 = CARTESIAN_POINT('',(0.791793642611,1.083940803207,0.175));
#10395 = CARTESIAN_POINT('',(0.785937131496,1.081896843902,0.175));
#10396 = CARTESIAN_POINT('',(0.780076061384,1.079851293479,0.175));
#10397 = CARTESIAN_POINT('',(0.774480349689,1.076757051543,
    0.175000000004));
#10398 = CARTESIAN_POINT('',(0.769664387473,1.072840046651,
    0.175000000004));
#10399 = CARTESIAN_POINT('',(0.76497285969,1.069024249008,0.175000000004
    ));
#10400 = CARTESIAN_POINT('',(0.760884619658,1.064308004726,
    0.175000000008));
#10401 = CARTESIAN_POINT('',(0.757831671826,1.059087827131,
    0.175000000008));
#10402 = CARTESIAN_POINT('',(0.754953687653,1.054166816579,
    0.175000000008));
#10403 = CARTESIAN_POINT('',(0.752913865085,1.048649204702,
    0.175000000003));
#10404 = CARTESIAN_POINT('',(0.751940429538,1.043032127082,
    0.175000000003));
#10405 = CARTESIAN_POINT('',(0.751481565553,1.040384314776,
    0.175000000003));
#10406 = CARTESIAN_POINT('',(0.751248960066,1.03768727858,0.175));
#10407 = CARTESIAN_POINT('',(0.751248960066,1.035,0.175));
#10408 = ORIENTED_EDGE('',*,*,#7865,.T.);
#10409 = ( BOUNDED_SURFACE() B_SPLINE_SURFACE(3,3,(
    (#10410,#10411,#10412,#10413)
    ,(#10414,#10415,#10416,#10417)
    ,(#10418,#10419,#10420,#10421)
    ,(#10422,#10423,#10424,#10425
)),.UNSPECIFIED.,.F.,.F.,.F.) B_SPLINE_SURFACE_WITH_KNOTS((4,4),(4,4),(
    0.,1.),(0.,1.),.PIECEWISE_BEZIER_KNOTS.) 
GEOMETRIC_REPRESENTATION_ITEM() RATIONAL_B_SPLINE_SURFACE((
    (1.,0.930283072694,0.930283072694,1.)
    ,(0.804737854123,0.748634003646,0.748634003646,0.804737854123)
    ,(0.804737854123,0.748634003646,0.748634003646,0.804737854123)
,(1.,0.930283072694,0.930283072694,1.
))) REPRESENTATION_ITEM('') SURFACE() );
#10410 = CARTESIAN_POINT('',(0.805777956852,1.085,0.170595425409));
#10411 = CARTESIAN_POINT('',(0.71944391401,1.085,0.427680586928));
#10412 = CARTESIAN_POINT('',(0.527680586928,1.085,0.61944391401));
#10413 = CARTESIAN_POINT('',(0.270595425409,1.085,0.705777956852));
#10414 = CARTESIAN_POINT('',(0.778012439272,1.085,0.161271241274));
#10415 = CARTESIAN_POINT('',(0.694653297101,1.085,0.40949775568));
#10416 = CARTESIAN_POINT('',(0.50949775568,1.085,0.594653297101));
#10417 = CARTESIAN_POINT('',(0.261271241274,1.085,0.678012439271));
#10418 = CARTESIAN_POINT('',(0.758379253507,1.064289321881,
    0.154678047443));
#10419 = CARTESIAN_POINT('',(0.677123683774,1.064289321881,
    0.396640552403));
#10420 = CARTESIAN_POINT('',(0.496640552403,1.064289321881,
    0.577123683774));
#10421 = CARTESIAN_POINT('',(0.254678047443,1.064289321881,
    0.658379253507));
#10422 = CARTESIAN_POINT('',(0.758379253507,1.035,0.154678047443));
#10423 = CARTESIAN_POINT('',(0.677123683774,1.035,0.396640552403));
#10424 = CARTESIAN_POINT('',(0.496640552403,1.035,0.577123683774));
#10425 = CARTESIAN_POINT('',(0.254678047443,1.035,0.658379253507));
#10426 = ADVANCED_FACE('',(#10427),#10490,.F.);
#10427 = FACE_BOUND('',#10428,.T.);
#10428 = EDGE_LOOP('',(#10429,#10430,#10431,#10439,#10447,#10468,#10476,
    #10484));
#10429 = ORIENTED_EDGE('',*,*,#10390,.T.);
#10430 = ORIENTED_EDGE('',*,*,#7857,.F.);
#10431 = ORIENTED_EDGE('',*,*,#10432,.F.);
#10432 = EDGE_CURVE('',#10433,#7849,#10435,.T.);
#10433 = VERTEX_POINT('',#10434);
#10434 = CARTESIAN_POINT('',(0.697764286848,0.885,0.175));
#10435 = LINE('',#10436,#10437);
#10436 = CARTESIAN_POINT('',(0.973882143424,0.885,0.175));
#10437 = VECTOR('',#10438,1.);
#10438 = DIRECTION('',(1.,0.,-0.));
#10439 = ORIENTED_EDGE('',*,*,#10440,.F.);
#10440 = EDGE_CURVE('',#10441,#10433,#10443,.T.);
#10441 = VERTEX_POINT('',#10442);
#10442 = CARTESIAN_POINT('',(0.697764286848,1.035,0.175));
#10443 = LINE('',#10444,#10445);
#10444 = CARTESIAN_POINT('',(0.697764286848,0.878427250457,0.175));
#10445 = VECTOR('',#10446,1.);
#10446 = DIRECTION('',(0.,-1.,-0.));
#10447 = ORIENTED_EDGE('',*,*,#10448,.F.);
#10448 = EDGE_CURVE('',#10449,#10441,#10451,.T.);
#10449 = VERTEX_POINT('',#10450);
#10450 = CARTESIAN_POINT('',(0.804285397107,1.135,0.175));
#10451 = B_SPLINE_CURVE_WITH_KNOTS('',3,(#10452,#10453,#10454,#10455,
    #10456,#10457,#10458,#10459,#10460,#10461,#10462,#10463,#10464,
    #10465,#10466,#10467),.UNSPECIFIED.,.F.,.F.,(4,3,3,3,3,4),(
    1.084202172486E-19,3.739880465899E-05,7.484135200921E-05,
    1.114684410651E-04,1.458526383972E-04,1.612596466464E-04),
  .UNSPECIFIED.);
#10452 = CARTESIAN_POINT('',(0.804285397107,1.135,0.175));
#10453 = CARTESIAN_POINT('',(0.791819128888,1.135,0.175));
#10454 = CARTESIAN_POINT('',(0.779181106728,1.132861283978,0.175));
#10455 = CARTESIAN_POINT('',(0.767412768078,1.128748614682,0.175));
#10456 = CARTESIAN_POINT('',(0.755637233822,1.124633430745,0.175));
#10457 = CARTESIAN_POINT('',(0.744394916743,1.118418147301,
    0.175000000009));
#10458 = CARTESIAN_POINT('',(0.73471148698,1.110554996923,0.175000000009
    ));
#10459 = CARTESIAN_POINT('',(0.72524500834,1.102868015459,0.175000000009
    ));
#10460 = CARTESIAN_POINT('',(0.716991214938,1.093362294457,0.175));
#10461 = CARTESIAN_POINT('',(0.710841496465,1.082832106208,0.175));
#10462 = CARTESIAN_POINT('',(0.705064877687,1.0729407781,0.175));
#10463 = CARTESIAN_POINT('',(0.700981206624,1.061841228336,0.175));
#10464 = CARTESIAN_POINT('',(0.699071091486,1.05054701936,0.175));
#10465 = CARTESIAN_POINT('',(0.698203860914,1.045419222025,0.175));
#10466 = CARTESIAN_POINT('',(0.697764286848,1.040200614807,0.175));
#10467 = CARTESIAN_POINT('',(0.697764286848,1.035,0.175));
#10468 = ORIENTED_EDGE('',*,*,#10469,.F.);
#10469 = EDGE_CURVE('',#10470,#10449,#10472,.T.);
#10470 = VERTEX_POINT('',#10471);
#10471 = CARTESIAN_POINT('',(1.25,1.135,0.175));
#10472 = LINE('',#10473,#10474);
#10473 = CARTESIAN_POINT('',(0.973882143424,1.135,0.175));
#10474 = VECTOR('',#10475,1.);
#10475 = DIRECTION('',(-1.,-0.,0.));
#10476 = ORIENTED_EDGE('',*,*,#10477,.F.);
#10477 = EDGE_CURVE('',#10478,#10470,#10480,.T.);
#10478 = VERTEX_POINT('',#10479);
#10479 = CARTESIAN_POINT('',(1.25,1.085,0.175));
#10480 = LINE('',#10481,#10482);
#10481 = CARTESIAN_POINT('',(1.25,0.878427250457,0.175));
#10482 = VECTOR('',#10483,1.);
#10483 = DIRECTION('',(-0.,1.,0.));
#10484 = ORIENTED_EDGE('',*,*,#10485,.F.);
#10485 = EDGE_CURVE('',#10380,#10478,#10486,.T.);
#10486 = LINE('',#10487,#10488);
#10487 = CARTESIAN_POINT('',(0.973882143424,1.085,0.175));
#10488 = VECTOR('',#10489,1.);
#10489 = DIRECTION('',(1.,0.,-0.));
#10490 = PLANE('',#10491);
#10491 = AXIS2_PLACEMENT_3D('',#10492,#10493,#10494);
#10492 = CARTESIAN_POINT('',(0.973882143424,0.878427250457,0.175));
#10493 = DIRECTION('',(0.,0.,1.));
#10494 = DIRECTION('',(1.,0.,-0.));
#10495 = ADVANCED_FACE('',(#10496),#10515,.T.);
#10496 = FACE_BOUND('',#10497,.T.);
#10497 = EDGE_LOOP('',(#10498,#10506,#10513,#10514));
#10498 = ORIENTED_EDGE('',*,*,#10499,.T.);
#10499 = EDGE_CURVE('',#7841,#10500,#10502,.T.);
#10500 = VERTEX_POINT('',#10501);
#10501 = CARTESIAN_POINT('',(0.697764286848,0.885,-0.375));
#10502 = LINE('',#10503,#10504);
#10503 = CARTESIAN_POINT('',(0.,0.885,-0.375));
#10504 = VECTOR('',#10505,1.);
#10505 = DIRECTION('',(-1.,-0.,0.));
#10506 = ORIENTED_EDGE('',*,*,#10507,.T.);
#10507 = EDGE_CURVE('',#10500,#10433,#10508,.T.);
#10508 = CIRCLE('',#10509,0.75);
#10509 = AXIS2_PLACEMENT_3D('',#10510,#10511,#10512);
#10510 = CARTESIAN_POINT('',(2.248201624866E-14,0.885,-0.1));
#10511 = DIRECTION('',(0.,-1.,0.));
#10512 = DIRECTION('',(0.,0.,-1.));
#10513 = ORIENTED_EDGE('',*,*,#10432,.T.);
#10514 = ORIENTED_EDGE('',*,*,#7848,.F.);
#10515 = PLANE('',#10516);
#10516 = AXIS2_PLACEMENT_3D('',#10517,#10518,#10519);
#10517 = CARTESIAN_POINT('',(0.,0.885,0.732));
#10518 = DIRECTION('',(0.,1.,0.));
#10519 = DIRECTION('',(0.,-0.,1.));
#10520 = ADVANCED_FACE('',(#10521),#10597,.F.);
#10521 = FACE_BOUND('',#10522,.T.);
#10522 = EDGE_LOOP('',(#10523,#10533,#10541,#10562,#10568,#10569,#10570,
    #10591));
#10523 = ORIENTED_EDGE('',*,*,#10524,.F.);
#10524 = EDGE_CURVE('',#10525,#10527,#10529,.T.);
#10525 = VERTEX_POINT('',#10526);
#10526 = CARTESIAN_POINT('',(1.25,1.135,-0.375));
#10527 = VERTEX_POINT('',#10528);
#10528 = CARTESIAN_POINT('',(1.25,1.085,-0.375));
#10529 = LINE('',#10530,#10531);
#10530 = CARTESIAN_POINT('',(1.25,0.878427250457,-0.375));
#10531 = VECTOR('',#10532,1.);
#10532 = DIRECTION('',(-0.,-1.,-0.));
#10533 = ORIENTED_EDGE('',*,*,#10534,.F.);
#10534 = EDGE_CURVE('',#10535,#10525,#10537,.T.);
#10535 = VERTEX_POINT('',#10536);
#10536 = CARTESIAN_POINT('',(0.804285397107,1.135,-0.375));
#10537 = LINE('',#10538,#10539);
#10538 = CARTESIAN_POINT('',(0.973882143424,1.135,-0.375));
#10539 = VECTOR('',#10540,1.);
#10540 = DIRECTION('',(1.,-0.,0.));
#10541 = ORIENTED_EDGE('',*,*,#10542,.F.);
#10542 = EDGE_CURVE('',#10543,#10535,#10545,.T.);
#10543 = VERTEX_POINT('',#10544);
#10544 = CARTESIAN_POINT('',(0.697764286848,1.035,-0.375));
#10545 = B_SPLINE_CURVE_WITH_KNOTS('',3,(#10546,#10547,#10548,#10549,
    #10550,#10551,#10552,#10553,#10554,#10555,#10556,#10557,#10558,
    #10559,#10560,#10561),.UNSPECIFIED.,.F.,.F.,(4,3,3,3,3,4),(
    5.27595548005E-18,3.191745368866E-05,6.376876461144E-05,
    9.662558674225E-05,1.31647752911E-04,1.612517886008E-04),
  .UNSPECIFIED.);
#10546 = CARTESIAN_POINT('',(0.697764286848,1.035,-0.375));
#10547 = CARTESIAN_POINT('',(0.697764286848,1.045639151229,-0.375));
#10548 = CARTESIAN_POINT('',(0.699649317571,1.05642475248,-0.375));
#10549 = CARTESIAN_POINT('',(0.703215055948,1.066448576537,-0.375));
#10550 = CARTESIAN_POINT('',(0.706776646164,1.076460739497,-0.375));
#10551 = CARTESIAN_POINT('',(0.712098948062,1.085983356949,
    -0.375000000003));
#10552 = CARTESIAN_POINT('',(0.718681662924,1.094325790471,
    -0.375000000003));
#10553 = CARTESIAN_POINT('',(0.725474220415,1.102934162626,
    -0.375000000003));
#10554 = CARTESIAN_POINT('',(0.733773974283,1.11051225449,
    -0.375000000002));
#10555 = CARTESIAN_POINT('',(0.742905870831,1.116582787734,
    -0.375000000002));
#10556 = CARTESIAN_POINT('',(0.752632373566,1.12304859228,
    -0.375000000002));
#10557 = CARTESIAN_POINT('',(0.763551055248,1.127974012111,-0.375));
#10558 = CARTESIAN_POINT('',(0.774818186263,1.131050250491,-0.375));
#10559 = CARTESIAN_POINT('',(0.784378505077,1.133660481935,-0.375));
#10560 = CARTESIAN_POINT('',(0.794375149683,1.135,-0.375));
#10561 = CARTESIAN_POINT('',(0.804285397107,1.135,-0.375));
#10562 = ORIENTED_EDGE('',*,*,#10563,.F.);
#10563 = EDGE_CURVE('',#10500,#10543,#10564,.T.);
#10564 = LINE('',#10565,#10566);
#10565 = CARTESIAN_POINT('',(0.697764286848,0.878427250457,-0.375));
#10566 = VECTOR('',#10567,1.);
#10567 = DIRECTION('',(0.,1.,0.));
#10568 = ORIENTED_EDGE('',*,*,#10499,.F.);
#10569 = ORIENTED_EDGE('',*,*,#7840,.F.);
#10570 = ORIENTED_EDGE('',*,*,#10571,.F.);
#10571 = EDGE_CURVE('',#10572,#7832,#10574,.T.);
#10572 = VERTEX_POINT('',#10573);
#10573 = CARTESIAN_POINT('',(0.804285397107,1.085,-0.375));
#10574 = B_SPLINE_CURVE_WITH_KNOTS('',3,(#10575,#10576,#10577,#10578,
    #10579,#10580,#10581,#10582,#10583,#10584,#10585,#10586,#10587,
    #10588,#10589,#10590),.UNSPECIFIED.,.F.,.F.,(4,3,3,3,3,4),(0.,
    1.860882663428E-05,3.724439557623E-05,5.540656890869E-05,
    7.251608697844E-05,8.048010074718E-05),.UNSPECIFIED.);
#10575 = CARTESIAN_POINT('',(0.804285397107,1.085,-0.375));
#10576 = CARTESIAN_POINT('',(0.798082454896,1.085,-0.375));
#10577 = CARTESIAN_POINT('',(0.791793642611,1.083940803207,-0.375));
#10578 = CARTESIAN_POINT('',(0.785937131496,1.081896843902,-0.375));
#10579 = CARTESIAN_POINT('',(0.780076061384,1.079851293479,-0.375));
#10580 = CARTESIAN_POINT('',(0.774480349689,1.076757051543,
    -0.375000000002));
#10581 = CARTESIAN_POINT('',(0.769664387473,1.072840046651,
    -0.375000000002));
#10582 = CARTESIAN_POINT('',(0.76497285969,1.069024249008,
    -0.375000000002));
#10583 = CARTESIAN_POINT('',(0.760884619657,1.064308004726,
    -0.375000000004));
#10584 = CARTESIAN_POINT('',(0.757831671825,1.059087827131,
    -0.375000000004));
#10585 = CARTESIAN_POINT('',(0.754953687653,1.054166816579,
    -0.375000000004));
#10586 = CARTESIAN_POINT('',(0.752913865085,1.048649204702,
    -0.375000000002));
#10587 = CARTESIAN_POINT('',(0.751940429538,1.043032127082,
    -0.375000000002));
#10588 = CARTESIAN_POINT('',(0.751481565553,1.040384314776,
    -0.375000000002));
#10589 = CARTESIAN_POINT('',(0.751248960066,1.03768727858,-0.375));
#10590 = CARTESIAN_POINT('',(0.751248960066,1.035,-0.375));
#10591 = ORIENTED_EDGE('',*,*,#10592,.F.);
#10592 = EDGE_CURVE('',#10527,#10572,#10593,.T.);
#10593 = LINE('',#10594,#10595);
#10594 = CARTESIAN_POINT('',(0.973882143424,1.085,-0.375));
#10595 = VECTOR('',#10596,1.);
#10596 = DIRECTION('',(-1.,0.,-0.));
#10597 = PLANE('',#10598);
#10598 = AXIS2_PLACEMENT_3D('',#10599,#10600,#10601);
#10599 = CARTESIAN_POINT('',(0.973882143424,0.878427250457,-0.375));
#10600 = DIRECTION('',(0.,0.,-1.));
#10601 = DIRECTION('',(-1.,0.,-0.));
#10602 = ADVANCED_FACE('',(#10603),#10637,.F.);
#10603 = FACE_BOUND('',#10604,.F.);
#10604 = EDGE_LOOP('',(#10605,#10606,#10617,#10636));
#10605 = ORIENTED_EDGE('',*,*,#10571,.F.);
#10606 = ORIENTED_EDGE('',*,*,#10607,.T.);
#10607 = EDGE_CURVE('',#10572,#10608,#10610,.T.);
#10608 = VERTEX_POINT('',#10609);
#10609 = CARTESIAN_POINT('',(0.275,1.085,-0.904285397107));
#10610 = B_SPLINE_CURVE_WITH_KNOTS('',3,(#10611,#10612,#10613,#10614,
    #10615,#10616),.UNSPECIFIED.,.F.,.F.,(4,2,4),(0.,0.5,1.),
  .UNSPECIFIED.);
#10611 = CARTESIAN_POINT('',(0.804285397107,1.085,-0.375));
#10612 = CARTESIAN_POINT('',(0.761497276192,1.085,-0.500141312079));
#10613 = CARTESIAN_POINT('',(0.694754475165,1.085,-0.607821461013));
#10614 = CARTESIAN_POINT('',(0.507327052852,1.085,-0.794260067004));
#10615 = CARTESIAN_POINT('',(0.398646798182,1.085,-0.862008278037));
#10616 = CARTESIAN_POINT('',(0.275,1.085,-0.904285397107));
#10617 = ORIENTED_EDGE('',*,*,#10618,.T.);
#10618 = EDGE_CURVE('',#10608,#7824,#10619,.T.);
#10619 = B_SPLINE_CURVE_WITH_KNOTS('',3,(#10620,#10621,#10622,#10623,
    #10624,#10625,#10626,#10627,#10628,#10629,#10630,#10631,#10632,
    #10633,#10634,#10635),.UNSPECIFIED.,.F.,.F.,(4,3,3,3,3,4),(0.,
    1.860882663427E-05,3.724439557623E-05,5.540656890877E-05,
    7.251608697869E-05,8.048010074738E-05),.UNSPECIFIED.);
#10620 = CARTESIAN_POINT('',(0.275,1.085,-0.904285397107));
#10621 = CARTESIAN_POINT('',(0.275,1.085,-0.898082454896));
#10622 = CARTESIAN_POINT('',(0.275,1.083940803207,-0.891793642611));
#10623 = CARTESIAN_POINT('',(0.275,1.081896843902,-0.885937131496));
#10624 = CARTESIAN_POINT('',(0.275,1.079851293479,-0.880076061384));
#10625 = CARTESIAN_POINT('',(0.275000000004,1.076757051543,
    -0.874480349689));
#10626 = CARTESIAN_POINT('',(0.275000000004,1.072840046652,
    -0.869664387473));
#10627 = CARTESIAN_POINT('',(0.275000000004,1.069024249008,
    -0.86497285969));
#10628 = CARTESIAN_POINT('',(0.275000000008,1.064308004726,
    -0.860884619657));
#10629 = CARTESIAN_POINT('',(0.275000000008,1.059087827131,
    -0.857831671825));
#10630 = CARTESIAN_POINT('',(0.275000000008,1.054166816579,
    -0.854953687653));
#10631 = CARTESIAN_POINT('',(0.275000000003,1.048649204702,
    -0.852913865085));
#10632 = CARTESIAN_POINT('',(0.275000000003,1.043032127083,
    -0.851940429538));
#10633 = CARTESIAN_POINT('',(0.275000000003,1.040384314776,
    -0.851481565553));
#10634 = CARTESIAN_POINT('',(0.275,1.03768727858,-0.851248960066));
#10635 = CARTESIAN_POINT('',(0.275,1.035,-0.851248960066));
#10636 = ORIENTED_EDGE('',*,*,#7831,.T.);
#10637 = ( BOUNDED_SURFACE() B_SPLINE_SURFACE(3,3,(
    (#10638,#10639,#10640,#10641)
    ,(#10642,#10643,#10644,#10645)
    ,(#10646,#10647,#10648,#10649)
    ,(#10650,#10651,#10652,#10653
)),.UNSPECIFIED.,.F.,.F.,.F.) B_SPLINE_SURFACE_WITH_KNOTS((4,4),(4,4),(
    0.,1.),(0.,1.),.PIECEWISE_BEZIER_KNOTS.) 
GEOMETRIC_REPRESENTATION_ITEM() RATIONAL_B_SPLINE_SURFACE((
    (1.,0.930283072694,0.930283072694,1.)
    ,(0.804737854123,0.748634003646,0.748634003646,0.804737854123)
    ,(0.804737854123,0.748634003646,0.748634003646,0.804737854123)
,(1.,0.930283072694,0.930283072694,1.
))) REPRESENTATION_ITEM('') SURFACE() );
#10638 = CARTESIAN_POINT('',(0.270595425409,1.085,-0.905777956852));
#10639 = CARTESIAN_POINT('',(0.527680586928,1.085,-0.81944391401));
#10640 = CARTESIAN_POINT('',(0.71944391401,1.085,-0.627680586928));
#10641 = CARTESIAN_POINT('',(0.805777956852,1.085,-0.370595425409));
#10642 = CARTESIAN_POINT('',(0.261271241274,1.085,-0.878012439271));
#10643 = CARTESIAN_POINT('',(0.50949775568,1.085,-0.794653297101));
#10644 = CARTESIAN_POINT('',(0.694653297101,1.085,-0.60949775568));
#10645 = CARTESIAN_POINT('',(0.778012439272,1.085,-0.361271241274));
#10646 = CARTESIAN_POINT('',(0.254678047443,1.064289321881,
    -0.858379253507));
#10647 = CARTESIAN_POINT('',(0.496640552403,1.064289321881,
    -0.777123683774));
#10648 = CARTESIAN_POINT('',(0.677123683774,1.064289321881,
    -0.596640552403));
#10649 = CARTESIAN_POINT('',(0.758379253507,1.064289321881,
    -0.354678047443));
#10650 = CARTESIAN_POINT('',(0.254678047443,1.035,-0.858379253507));
#10651 = CARTESIAN_POINT('',(0.496640552403,1.035,-0.777123683774));
#10652 = CARTESIAN_POINT('',(0.677123683774,1.035,-0.596640552403));
#10653 = CARTESIAN_POINT('',(0.758379253507,1.035,-0.354678047443));
#10654 = ADVANCED_FACE('',(#10655),#10718,.F.);
#10655 = FACE_BOUND('',#10656,.T.);
#10656 = EDGE_LOOP('',(#10657,#10658,#10659,#10667,#10675,#10696,#10704,
    #10712));
#10657 = ORIENTED_EDGE('',*,*,#10618,.T.);
#10658 = ORIENTED_EDGE('',*,*,#7823,.F.);
#10659 = ORIENTED_EDGE('',*,*,#10660,.F.);
#10660 = EDGE_CURVE('',#10661,#7815,#10663,.T.);
#10661 = VERTEX_POINT('',#10662);
#10662 = CARTESIAN_POINT('',(0.275,0.885,-0.797764286848));
#10663 = LINE('',#10664,#10665);
#10664 = CARTESIAN_POINT('',(0.275,0.885,-1.073882143424));
#10665 = VECTOR('',#10666,1.);
#10666 = DIRECTION('',(0.,0.,-1.));
#10667 = ORIENTED_EDGE('',*,*,#10668,.F.);
#10668 = EDGE_CURVE('',#10669,#10661,#10671,.T.);
#10669 = VERTEX_POINT('',#10670);
#10670 = CARTESIAN_POINT('',(0.275,1.035,-0.797764286848));
#10671 = LINE('',#10672,#10673);
#10672 = CARTESIAN_POINT('',(0.275,0.878427250457,-0.797764286848));
#10673 = VECTOR('',#10674,1.);
#10674 = DIRECTION('',(-0.,-1.,-0.));
#10675 = ORIENTED_EDGE('',*,*,#10676,.F.);
#10676 = EDGE_CURVE('',#10677,#10669,#10679,.T.);
#10677 = VERTEX_POINT('',#10678);
#10678 = CARTESIAN_POINT('',(0.275,1.135,-0.904285397107));
#10679 = B_SPLINE_CURVE_WITH_KNOTS('',3,(#10680,#10681,#10682,#10683,
    #10684,#10685,#10686,#10687,#10688,#10689,#10690,#10691,#10692,
    #10693,#10694,#10695),.UNSPECIFIED.,.F.,.F.,(4,3,3,3,3,4),(0.,
    3.739880465899E-05,7.484135200921E-05,1.114684410651E-04,
    1.458526383972E-04,1.612596466464E-04),.UNSPECIFIED.);
#10680 = CARTESIAN_POINT('',(0.275,1.135,-0.904285397107));
#10681 = CARTESIAN_POINT('',(0.275,1.135,-0.891819128888));
#10682 = CARTESIAN_POINT('',(0.275,1.132861283978,-0.879181106728));
#10683 = CARTESIAN_POINT('',(0.275,1.128748614682,-0.867412768078));
#10684 = CARTESIAN_POINT('',(0.275,1.124633430745,-0.855637233822));
#10685 = CARTESIAN_POINT('',(0.275000000009,1.118418147301,
    -0.844394916743));
#10686 = CARTESIAN_POINT('',(0.275000000009,1.110554996923,
    -0.83471148698));
#10687 = CARTESIAN_POINT('',(0.275000000009,1.102868015459,
    -0.82524500834));
#10688 = CARTESIAN_POINT('',(0.275,1.093362294457,-0.816991214938));
#10689 = CARTESIAN_POINT('',(0.275,1.082832106208,-0.810841496465));
#10690 = CARTESIAN_POINT('',(0.275,1.0729407781,-0.805064877687));
#10691 = CARTESIAN_POINT('',(0.275,1.061841228336,-0.800981206624));
#10692 = CARTESIAN_POINT('',(0.275,1.05054701936,-0.799071091486));
#10693 = CARTESIAN_POINT('',(0.275,1.045419222025,-0.798203860914));
#10694 = CARTESIAN_POINT('',(0.275,1.040200614807,-0.797764286848));
#10695 = CARTESIAN_POINT('',(0.275,1.035,-0.797764286848));
#10696 = ORIENTED_EDGE('',*,*,#10697,.F.);
#10697 = EDGE_CURVE('',#10698,#10677,#10700,.T.);
#10698 = VERTEX_POINT('',#10699);
#10699 = CARTESIAN_POINT('',(0.275,1.135,-1.35));
#10700 = LINE('',#10701,#10702);
#10701 = CARTESIAN_POINT('',(0.275,1.135,-1.073882143424));
#10702 = VECTOR('',#10703,1.);
#10703 = DIRECTION('',(-0.,-0.,1.));
#10704 = ORIENTED_EDGE('',*,*,#10705,.F.);
#10705 = EDGE_CURVE('',#10706,#10698,#10708,.T.);
#10706 = VERTEX_POINT('',#10707);
#10707 = CARTESIAN_POINT('',(0.275,1.085,-1.35));
#10708 = LINE('',#10709,#10710);
#10709 = CARTESIAN_POINT('',(0.275,0.878427250457,-1.35));
#10710 = VECTOR('',#10711,1.);
#10711 = DIRECTION('',(0.,1.,0.));
#10712 = ORIENTED_EDGE('',*,*,#10713,.F.);
#10713 = EDGE_CURVE('',#10608,#10706,#10714,.T.);
#10714 = LINE('',#10715,#10716);
#10715 = CARTESIAN_POINT('',(0.275,1.085,-1.073882143424));
#10716 = VECTOR('',#10717,1.);
#10717 = DIRECTION('',(0.,0.,-1.));
#10718 = PLANE('',#10719);
#10719 = AXIS2_PLACEMENT_3D('',#10720,#10721,#10722);
#10720 = CARTESIAN_POINT('',(0.275,0.878427250457,-1.073882143424));
#10721 = DIRECTION('',(1.,-0.,0.));
#10722 = DIRECTION('',(0.,0.,-1.));
#10723 = ADVANCED_FACE('',(#10724),#10743,.T.);
#10724 = FACE_BOUND('',#10725,.T.);
#10725 = EDGE_LOOP('',(#10726,#10732,#10733,#10740,#10741,#10742));
#10726 = ORIENTED_EDGE('',*,*,#10727,.T.);
#10727 = EDGE_CURVE('',#10053,#7942,#10728,.T.);
#10728 = LINE('',#10729,#10730);
#10729 = CARTESIAN_POINT('',(-0.275,0.885,0.732));
#10730 = VECTOR('',#10731,1.);
#10731 = DIRECTION('',(0.,-0.,1.));
#10732 = ORIENTED_EDGE('',*,*,#7949,.T.);
#10733 = ORIENTED_EDGE('',*,*,#10734,.T.);
#10734 = EDGE_CURVE('',#7950,#10661,#10735,.T.);
#10735 = CIRCLE('',#10736,0.75);
#10736 = AXIS2_PLACEMENT_3D('',#10737,#10738,#10739);
#10737 = CARTESIAN_POINT('',(2.248201624866E-14,0.885,-0.1));
#10738 = DIRECTION('',(0.,-1.,0.));
#10739 = DIRECTION('',(0.,0.,-1.));
#10740 = ORIENTED_EDGE('',*,*,#10660,.T.);
#10741 = ORIENTED_EDGE('',*,*,#7814,.F.);
#10742 = ORIENTED_EDGE('',*,*,#10060,.F.);
#10743 = PLANE('',#10744);
#10744 = AXIS2_PLACEMENT_3D('',#10745,#10746,#10747);
#10745 = CARTESIAN_POINT('',(0.,0.885,0.732));
#10746 = DIRECTION('',(0.,1.,0.));
#10747 = DIRECTION('',(0.,-0.,1.));
#10748 = ADVANCED_FACE('',(#10749),#10818,.F.);
#10749 = FACE_BOUND('',#10750,.T.);
#10750 = EDGE_LOOP('',(#10751,#10761,#10769,#10788,#10789,#10790,#10791,
    #10812));
#10751 = ORIENTED_EDGE('',*,*,#10752,.F.);
#10752 = EDGE_CURVE('',#10753,#10755,#10757,.T.);
#10753 = VERTEX_POINT('',#10754);
#10754 = CARTESIAN_POINT('',(-0.275,1.135,-1.35));
#10755 = VERTEX_POINT('',#10756);
#10756 = CARTESIAN_POINT('',(-0.275,1.085,-1.35));
#10757 = LINE('',#10758,#10759);
#10758 = CARTESIAN_POINT('',(-0.275,0.878427250457,-1.35));
#10759 = VECTOR('',#10760,1.);
#10760 = DIRECTION('',(-0.,-1.,0.));
#10761 = ORIENTED_EDGE('',*,*,#10762,.F.);
#10762 = EDGE_CURVE('',#10763,#10753,#10765,.T.);
#10763 = VERTEX_POINT('',#10764);
#10764 = CARTESIAN_POINT('',(-0.275,1.135,-0.904285397107));
#10765 = LINE('',#10766,#10767);
#10766 = CARTESIAN_POINT('',(-0.275,1.135,-1.073882143424));
#10767 = VECTOR('',#10768,1.);
#10768 = DIRECTION('',(-0.,-0.,-1.));
#10769 = ORIENTED_EDGE('',*,*,#10770,.F.);
#10770 = EDGE_CURVE('',#7933,#10763,#10771,.T.);
#10771 = B_SPLINE_CURVE_WITH_KNOTS('',3,(#10772,#10773,#10774,#10775,
    #10776,#10777,#10778,#10779,#10780,#10781,#10782,#10783,#10784,
    #10785,#10786,#10787),.UNSPECIFIED.,.F.,.F.,(4,3,3,3,3,4),(
    6.594944350063E-18,3.191745368866E-05,6.376876461144E-05,
    9.662558674226E-05,1.31647752911E-04,1.612517886009E-04),
  .UNSPECIFIED.);
#10772 = CARTESIAN_POINT('',(-0.275,1.035,-0.797764286848));
#10773 = CARTESIAN_POINT('',(-0.275,1.045639151229,-0.797764286848));
#10774 = CARTESIAN_POINT('',(-0.275,1.05642475248,-0.799649317571));
#10775 = CARTESIAN_POINT('',(-0.275,1.066448576537,-0.803215055948));
#10776 = CARTESIAN_POINT('',(-0.275,1.076460739497,-0.806776646164));
#10777 = CARTESIAN_POINT('',(-0.275000000003,1.085983356949,
    -0.812098948062));
#10778 = CARTESIAN_POINT('',(-0.275000000003,1.094325790471,
    -0.818681662924));
#10779 = CARTESIAN_POINT('',(-0.275000000003,1.102934162626,
    -0.825474220415));
#10780 = CARTESIAN_POINT('',(-0.275000000001,1.11051225449,
    -0.833773974283));
#10781 = CARTESIAN_POINT('',(-0.275000000001,1.116582787734,
    -0.842905870831));
#10782 = CARTESIAN_POINT('',(-0.275000000001,1.12304859228,
    -0.852632373566));
#10783 = CARTESIAN_POINT('',(-0.275,1.127974012111,-0.863551055248));
#10784 = CARTESIAN_POINT('',(-0.275,1.131050250491,-0.874818186263));
#10785 = CARTESIAN_POINT('',(-0.275,1.133660481935,-0.884378505077));
#10786 = CARTESIAN_POINT('',(-0.275,1.135,-0.894375149683));
#10787 = CARTESIAN_POINT('',(-0.275,1.135,-0.904285397107));
#10788 = ORIENTED_EDGE('',*,*,#7941,.F.);
#10789 = ORIENTED_EDGE('',*,*,#10727,.F.);
#10790 = ORIENTED_EDGE('',*,*,#10052,.F.);
#10791 = ORIENTED_EDGE('',*,*,#10792,.F.);
#10792 = EDGE_CURVE('',#10793,#10044,#10795,.T.);
#10793 = VERTEX_POINT('',#10794);
#10794 = CARTESIAN_POINT('',(-0.275,1.085,-0.904285397107));
#10795 = B_SPLINE_CURVE_WITH_KNOTS('',3,(#10796,#10797,#10798,#10799,
    #10800,#10801,#10802,#10803,#10804,#10805,#10806,#10807,#10808,
    #10809,#10810,#10811),.UNSPECIFIED.,.F.,.F.,(4,3,3,3,3,4),(
    1.084202172486E-19,1.86088266343E-05,3.724439557629E-05,
    5.540656890878E-05,7.251608697857E-05,8.048010074743E-05),
  .UNSPECIFIED.);
#10796 = CARTESIAN_POINT('',(-0.275,1.085,-0.904285397107));
#10797 = CARTESIAN_POINT('',(-0.275,1.085,-0.898082454896));
#10798 = CARTESIAN_POINT('',(-0.275,1.083940803207,-0.891793642611));
#10799 = CARTESIAN_POINT('',(-0.275,1.081896843902,-0.885937131496));
#10800 = CARTESIAN_POINT('',(-0.275,1.079851293479,-0.880076061384));
#10801 = CARTESIAN_POINT('',(-0.275000000002,1.076757051543,
    -0.874480349689));
#10802 = CARTESIAN_POINT('',(-0.275000000002,1.072840046652,
    -0.869664387473));
#10803 = CARTESIAN_POINT('',(-0.275000000002,1.069024249008,
    -0.86497285969));
#10804 = CARTESIAN_POINT('',(-0.275000000004,1.064308004726,
    -0.860884619657));
#10805 = CARTESIAN_POINT('',(-0.275000000004,1.059087827131,
    -0.857831671825));
#10806 = CARTESIAN_POINT('',(-0.275000000004,1.054166816579,
    -0.854953687653));
#10807 = CARTESIAN_POINT('',(-0.275000000002,1.048649204702,
    -0.852913865085));
#10808 = CARTESIAN_POINT('',(-0.275000000002,1.043032127082,
    -0.851940429538));
#10809 = CARTESIAN_POINT('',(-0.275000000002,1.040384314776,
    -0.851481565553));
#10810 = CARTESIAN_POINT('',(-0.275,1.03768727858,-0.851248960066));
#10811 = CARTESIAN_POINT('',(-0.275,1.035,-0.851248960066));
#10812 = ORIENTED_EDGE('',*,*,#10813,.F.);
#10813 = EDGE_CURVE('',#10755,#10793,#10814,.T.);
#10814 = LINE('',#10815,#10816);
#10815 = CARTESIAN_POINT('',(-0.275,1.085,-1.073882143424));
#10816 = VECTOR('',#10817,1.);
#10817 = DIRECTION('',(0.,0.,1.));
#10818 = PLANE('',#10819);
#10819 = AXIS2_PLACEMENT_3D('',#10820,#10821,#10822);
#10820 = CARTESIAN_POINT('',(-0.275,0.878427250457,-1.073882143424));
#10821 = DIRECTION('',(-1.,0.,0.));
#10822 = DIRECTION('',(0.,0.,1.));
#10823 = ADVANCED_FACE('',(#10824),#10858,.F.);
#10824 = FACE_BOUND('',#10825,.F.);
#10825 = EDGE_LOOP('',(#10826,#10827,#10838,#10857));
#10826 = ORIENTED_EDGE('',*,*,#10792,.F.);
#10827 = ORIENTED_EDGE('',*,*,#10828,.T.);
#10828 = EDGE_CURVE('',#10793,#10829,#10831,.T.);
#10829 = VERTEX_POINT('',#10830);
#10830 = CARTESIAN_POINT('',(-0.804285397107,1.085,-0.375));
#10831 = B_SPLINE_CURVE_WITH_KNOTS('',3,(#10832,#10833,#10834,#10835,
    #10836,#10837),.UNSPECIFIED.,.F.,.F.,(4,2,4),(0.,0.5,1.),
  .UNSPECIFIED.);
#10832 = CARTESIAN_POINT('',(-0.275,1.085,-0.904285397107));
#10833 = CARTESIAN_POINT('',(-0.400141312079,1.085,-0.861497276192));
#10834 = CARTESIAN_POINT('',(-0.507821461013,1.085,-0.794754475165));
#10835 = CARTESIAN_POINT('',(-0.694260067004,1.085,-0.607327052852));
#10836 = CARTESIAN_POINT('',(-0.762008278037,1.085,-0.498646798182));
#10837 = CARTESIAN_POINT('',(-0.804285397107,1.085,-0.375));
#10838 = ORIENTED_EDGE('',*,*,#10839,.T.);
#10839 = EDGE_CURVE('',#10829,#10036,#10840,.T.);
#10840 = B_SPLINE_CURVE_WITH_KNOTS('',3,(#10841,#10842,#10843,#10844,
    #10845,#10846,#10847,#10848,#10849,#10850,#10851,#10852,#10853,
    #10854,#10855,#10856),.UNSPECIFIED.,.F.,.F.,(4,3,3,3,3,4),(0.,
    1.860882663431E-05,3.72443955763E-05,5.540656890886E-05,
    7.25160869788E-05,8.048010074726E-05),.UNSPECIFIED.);
#10841 = CARTESIAN_POINT('',(-0.804285397107,1.085,-0.375));
#10842 = CARTESIAN_POINT('',(-0.798082454896,1.085,-0.375));
#10843 = CARTESIAN_POINT('',(-0.791793642611,1.083940803207,-0.375));
#10844 = CARTESIAN_POINT('',(-0.785937131496,1.081896843902,-0.375));
#10845 = CARTESIAN_POINT('',(-0.780076061384,1.079851293479,-0.375));
#10846 = CARTESIAN_POINT('',(-0.774480349689,1.076757051543,
    -0.375000000004));
#10847 = CARTESIAN_POINT('',(-0.769664387473,1.072840046651,
    -0.375000000004));
#10848 = CARTESIAN_POINT('',(-0.76497285969,1.069024249008,
    -0.375000000004));
#10849 = CARTESIAN_POINT('',(-0.760884619658,1.064308004726,
    -0.375000000008));
#10850 = CARTESIAN_POINT('',(-0.757831671825,1.059087827131,
    -0.375000000008));
#10851 = CARTESIAN_POINT('',(-0.754953687653,1.054166816579,
    -0.375000000008));
#10852 = CARTESIAN_POINT('',(-0.752913865085,1.048649204702,
    -0.375000000003));
#10853 = CARTESIAN_POINT('',(-0.751940429538,1.043032127082,
    -0.375000000003));
#10854 = CARTESIAN_POINT('',(-0.751481565553,1.040384314776,
    -0.375000000003));
#10855 = CARTESIAN_POINT('',(-0.751248960066,1.03768727858,-0.375));
#10856 = CARTESIAN_POINT('',(-0.751248960066,1.035,-0.375));
#10857 = ORIENTED_EDGE('',*,*,#10043,.T.);
#10858 = ( BOUNDED_SURFACE() B_SPLINE_SURFACE(3,3,(
    (#10859,#10860,#10861,#10862)
    ,(#10863,#10864,#10865,#10866)
    ,(#10867,#10868,#10869,#10870)
    ,(#10871,#10872,#10873,#10874
)),.UNSPECIFIED.,.F.,.F.,.F.) B_SPLINE_SURFACE_WITH_KNOTS((4,4),(4,4),(
    0.,1.),(0.,1.),.PIECEWISE_BEZIER_KNOTS.) 
GEOMETRIC_REPRESENTATION_ITEM() RATIONAL_B_SPLINE_SURFACE((
    (1.,0.930283072694,0.930283072694,1.)
    ,(0.804737854123,0.748634003647,0.748634003647,0.804737854123)
    ,(0.804737854123,0.748634003647,0.748634003647,0.804737854123)
,(1.,0.930283072694,0.930283072694,1.
))) REPRESENTATION_ITEM('') SURFACE() );
#10859 = CARTESIAN_POINT('',(-0.805777956852,1.085,-0.370595425409));
#10860 = CARTESIAN_POINT('',(-0.71944391401,1.085,-0.627680586928));
#10861 = CARTESIAN_POINT('',(-0.527680586928,1.085,-0.81944391401));
#10862 = CARTESIAN_POINT('',(-0.270595425409,1.085,-0.905777956852));
#10863 = CARTESIAN_POINT('',(-0.778012439272,1.085,-0.361271241274));
#10864 = CARTESIAN_POINT('',(-0.694653297101,1.085,-0.60949775568));
#10865 = CARTESIAN_POINT('',(-0.50949775568,1.085,-0.794653297101));
#10866 = CARTESIAN_POINT('',(-0.261271241274,1.085,-0.878012439271));
#10867 = CARTESIAN_POINT('',(-0.758379253507,1.064289321881,
    -0.354678047443));
#10868 = CARTESIAN_POINT('',(-0.677123683774,1.064289321881,
    -0.596640552403));
#10869 = CARTESIAN_POINT('',(-0.496640552403,1.064289321881,
    -0.777123683774));
#10870 = CARTESIAN_POINT('',(-0.254678047443,1.064289321881,
    -0.858379253507));
#10871 = CARTESIAN_POINT('',(-0.758379253507,1.035,-0.354678047443));
#10872 = CARTESIAN_POINT('',(-0.677123683774,1.035,-0.596640552403));
#10873 = CARTESIAN_POINT('',(-0.496640552403,1.035,-0.777123683774));
#10874 = CARTESIAN_POINT('',(-0.254678047443,1.035,-0.858379253507));
#10875 = ADVANCED_FACE('',(#10876),#10930,.F.);
#10876 = FACE_BOUND('',#10877,.T.);
#10877 = EDGE_LOOP('',(#10878,#10879,#10880,#10886,#10887,#10908,#10916,
    #10924));
#10878 = ORIENTED_EDGE('',*,*,#10839,.T.);
#10879 = ORIENTED_EDGE('',*,*,#10035,.F.);
#10880 = ORIENTED_EDGE('',*,*,#10881,.F.);
#10881 = EDGE_CURVE('',#7916,#10027,#10882,.T.);
#10882 = LINE('',#10883,#10884);
#10883 = CARTESIAN_POINT('',(-0.973882143424,0.885,-0.375));
#10884 = VECTOR('',#10885,1.);
#10885 = DIRECTION('',(-1.,0.,-0.));
#10886 = ORIENTED_EDGE('',*,*,#7924,.F.);
#10887 = ORIENTED_EDGE('',*,*,#10888,.F.);
#10888 = EDGE_CURVE('',#10889,#7925,#10891,.T.);
#10889 = VERTEX_POINT('',#10890);
#10890 = CARTESIAN_POINT('',(-0.804285397107,1.135,-0.375));
#10891 = B_SPLINE_CURVE_WITH_KNOTS('',3,(#10892,#10893,#10894,#10895,
    #10896,#10897,#10898,#10899,#10900,#10901,#10902,#10903,#10904,
    #10905,#10906,#10907),.UNSPECIFIED.,.F.,.F.,(4,3,3,3,3,4),(0.,
    3.7398804659E-05,7.484135200922E-05,1.114684410651E-04,
    1.458526383973E-04,1.612596466464E-04),.UNSPECIFIED.);
#10892 = CARTESIAN_POINT('',(-0.804285397107,1.135,-0.375));
#10893 = CARTESIAN_POINT('',(-0.791819128888,1.135,-0.375));
#10894 = CARTESIAN_POINT('',(-0.779181106728,1.132861283978,-0.375));
#10895 = CARTESIAN_POINT('',(-0.767412768078,1.128748614682,-0.375));
#10896 = CARTESIAN_POINT('',(-0.755637233822,1.124633430745,-0.375));
#10897 = CARTESIAN_POINT('',(-0.744394916743,1.118418147301,
    -0.375000000009));
#10898 = CARTESIAN_POINT('',(-0.73471148698,1.110554996923,
    -0.375000000009));
#10899 = CARTESIAN_POINT('',(-0.72524500834,1.102868015459,
    -0.375000000009));
#10900 = CARTESIAN_POINT('',(-0.716991214938,1.093362294457,-0.375));
#10901 = CARTESIAN_POINT('',(-0.710841496465,1.082832106208,-0.375));
#10902 = CARTESIAN_POINT('',(-0.705064877687,1.0729407781,-0.375));
#10903 = CARTESIAN_POINT('',(-0.700981206624,1.061841228336,-0.375));
#10904 = CARTESIAN_POINT('',(-0.699071091486,1.05054701936,-0.375));
#10905 = CARTESIAN_POINT('',(-0.698203860914,1.045419222025,-0.375));
#10906 = CARTESIAN_POINT('',(-0.697764286848,1.040200614807,-0.375));
#10907 = CARTESIAN_POINT('',(-0.697764286848,1.035,-0.375));
#10908 = ORIENTED_EDGE('',*,*,#10909,.F.);
#10909 = EDGE_CURVE('',#10910,#10889,#10912,.T.);
#10910 = VERTEX_POINT('',#10911);
#10911 = CARTESIAN_POINT('',(-1.25,1.135,-0.375));
#10912 = LINE('',#10913,#10914);
#10913 = CARTESIAN_POINT('',(-0.973882143424,1.135,-0.375));
#10914 = VECTOR('',#10915,1.);
#10915 = DIRECTION('',(1.,-0.,0.));
#10916 = ORIENTED_EDGE('',*,*,#10917,.F.);
#10917 = EDGE_CURVE('',#10918,#10910,#10920,.T.);
#10918 = VERTEX_POINT('',#10919);
#10919 = CARTESIAN_POINT('',(-1.25,1.085,-0.375));
#10920 = LINE('',#10921,#10922);
#10921 = CARTESIAN_POINT('',(-1.25,0.878427250457,-0.375));
#10922 = VECTOR('',#10923,1.);
#10923 = DIRECTION('',(0.,1.,0.));
#10924 = ORIENTED_EDGE('',*,*,#10925,.F.);
#10925 = EDGE_CURVE('',#10829,#10918,#10926,.T.);
#10926 = LINE('',#10927,#10928);
#10927 = CARTESIAN_POINT('',(-0.973882143424,1.085,-0.375));
#10928 = VECTOR('',#10929,1.);
#10929 = DIRECTION('',(-1.,0.,-0.));
#10930 = PLANE('',#10931);
#10931 = AXIS2_PLACEMENT_3D('',#10932,#10933,#10934);
#10932 = CARTESIAN_POINT('',(-0.973882143424,0.878427250457,-0.375));
#10933 = DIRECTION('',(0.,0.,-1.));
#10934 = DIRECTION('',(-1.,0.,-0.));
#10935 = ADVANCED_FACE('',(#10936),#10947,.T.);
#10936 = FACE_BOUND('',#10937,.T.);
#10937 = EDGE_LOOP('',(#10938,#10939,#10940,#10946));
#10938 = ORIENTED_EDGE('',*,*,#10881,.T.);
#10939 = ORIENTED_EDGE('',*,*,#10026,.F.);
#10940 = ORIENTED_EDGE('',*,*,#10941,.T.);
#10941 = EDGE_CURVE('',#10019,#7908,#10942,.T.);
#10942 = LINE('',#10943,#10944);
#10943 = CARTESIAN_POINT('',(0.,0.885,0.175));
#10944 = VECTOR('',#10945,1.);
#10945 = DIRECTION('',(1.,0.,-0.));
#10946 = ORIENTED_EDGE('',*,*,#7915,.T.);
#10947 = PLANE('',#10948);
#10948 = AXIS2_PLACEMENT_3D('',#10949,#10950,#10951);
#10949 = CARTESIAN_POINT('',(0.,0.885,0.732));
#10950 = DIRECTION('',(0.,1.,0.));
#10951 = DIRECTION('',(0.,-0.,1.));
#10952 = ADVANCED_FACE('',(#10953),#11022,.F.);
#10953 = FACE_BOUND('',#10954,.T.);
#10954 = EDGE_LOOP('',(#10955,#10965,#10973,#10992,#10993,#10994,#10995,
    #11016));
#10955 = ORIENTED_EDGE('',*,*,#10956,.F.);
#10956 = EDGE_CURVE('',#10957,#10959,#10961,.T.);
#10957 = VERTEX_POINT('',#10958);
#10958 = CARTESIAN_POINT('',(-1.25,1.135,0.175));
#10959 = VERTEX_POINT('',#10960);
#10960 = CARTESIAN_POINT('',(-1.25,1.085,0.175));
#10961 = LINE('',#10962,#10963);
#10962 = CARTESIAN_POINT('',(-1.25,0.878427250457,0.175));
#10963 = VECTOR('',#10964,1.);
#10964 = DIRECTION('',(0.,-1.,-0.));
#10965 = ORIENTED_EDGE('',*,*,#10966,.F.);
#10966 = EDGE_CURVE('',#10967,#10957,#10969,.T.);
#10967 = VERTEX_POINT('',#10968);
#10968 = CARTESIAN_POINT('',(-0.804285397107,1.135,0.175));
#10969 = LINE('',#10970,#10971);
#10970 = CARTESIAN_POINT('',(-0.973882143424,1.135,0.175));
#10971 = VECTOR('',#10972,1.);
#10972 = DIRECTION('',(-1.,-0.,0.));
#10973 = ORIENTED_EDGE('',*,*,#10974,.F.);
#10974 = EDGE_CURVE('',#7899,#10967,#10975,.T.);
#10975 = B_SPLINE_CURVE_WITH_KNOTS('',3,(#10976,#10977,#10978,#10979,
    #10980,#10981,#10982,#10983,#10984,#10985,#10986,#10987,#10988,
    #10989,#10990,#10991),.UNSPECIFIED.,.F.,.F.,(4,3,3,3,3,4),(
    2.424349759031E-18,3.191745368866E-05,6.376876461144E-05,
    9.662558674225E-05,1.31647752911E-04,1.612517886008E-04),
  .UNSPECIFIED.);
#10976 = CARTESIAN_POINT('',(-0.697764286848,1.035,0.175));
#10977 = CARTESIAN_POINT('',(-0.697764286848,1.045639151229,0.175));
#10978 = CARTESIAN_POINT('',(-0.699649317571,1.05642475248,0.175));
#10979 = CARTESIAN_POINT('',(-0.703215055948,1.066448576537,0.175));
#10980 = CARTESIAN_POINT('',(-0.706776646164,1.076460739497,0.175));
#10981 = CARTESIAN_POINT('',(-0.712098948062,1.085983356949,
    0.175000000003));
#10982 = CARTESIAN_POINT('',(-0.718681662924,1.094325790471,
    0.175000000003));
#10983 = CARTESIAN_POINT('',(-0.725474220415,1.102934162626,
    0.175000000003));
#10984 = CARTESIAN_POINT('',(-0.733773974283,1.11051225449,
    0.175000000002));
#10985 = CARTESIAN_POINT('',(-0.742905870831,1.116582787734,
    0.175000000002));
#10986 = CARTESIAN_POINT('',(-0.752632373566,1.12304859228,
    0.175000000002));
#10987 = CARTESIAN_POINT('',(-0.763551055248,1.127974012111,0.175));
#10988 = CARTESIAN_POINT('',(-0.774818186263,1.131050250491,0.175));
#10989 = CARTESIAN_POINT('',(-0.784378505077,1.133660481935,0.175));
#10990 = CARTESIAN_POINT('',(-0.794375149683,1.135,0.175));
#10991 = CARTESIAN_POINT('',(-0.804285397107,1.135,0.175));
#10992 = ORIENTED_EDGE('',*,*,#7907,.F.);
#10993 = ORIENTED_EDGE('',*,*,#10941,.F.);
#10994 = ORIENTED_EDGE('',*,*,#10018,.F.);
#10995 = ORIENTED_EDGE('',*,*,#10996,.F.);
#10996 = EDGE_CURVE('',#10997,#10010,#10999,.T.);
#10997 = VERTEX_POINT('',#10998);
#10998 = CARTESIAN_POINT('',(-0.804285397107,1.085,0.175));
#10999 = B_SPLINE_CURVE_WITH_KNOTS('',3,(#11000,#11001,#11002,#11003,
    #11004,#11005,#11006,#11007,#11008,#11009,#11010,#11011,#11012,
    #11013,#11014,#11015),.UNSPECIFIED.,.F.,.F.,(4,3,3,3,3,4),(0.,
    1.860882663431E-05,3.724439557631E-05,5.54065689088E-05,
    7.251608697858E-05,8.048010074723E-05),.UNSPECIFIED.);
#11000 = CARTESIAN_POINT('',(-0.804285397107,1.085,0.175));
#11001 = CARTESIAN_POINT('',(-0.798082454896,1.085,0.175));
#11002 = CARTESIAN_POINT('',(-0.791793642611,1.083940803207,0.175));
#11003 = CARTESIAN_POINT('',(-0.785937131496,1.081896843902,0.175));
#11004 = CARTESIAN_POINT('',(-0.780076061384,1.079851293479,0.175));
#11005 = CARTESIAN_POINT('',(-0.774480349689,1.076757051543,
    0.175000000002));
#11006 = CARTESIAN_POINT('',(-0.769664387473,1.072840046651,
    0.175000000002));
#11007 = CARTESIAN_POINT('',(-0.76497285969,1.069024249008,
    0.175000000002));
#11008 = CARTESIAN_POINT('',(-0.760884619657,1.064308004726,
    0.175000000004));
#11009 = CARTESIAN_POINT('',(-0.757831671825,1.059087827131,
    0.175000000004));
#11010 = CARTESIAN_POINT('',(-0.754953687653,1.054166816579,
    0.175000000004));
#11011 = CARTESIAN_POINT('',(-0.752913865085,1.048649204702,
    0.175000000002));
#11012 = CARTESIAN_POINT('',(-0.751940429538,1.043032127082,
    0.175000000002));
#11013 = CARTESIAN_POINT('',(-0.751481565553,1.040384314776,
    0.175000000002));
#11014 = CARTESIAN_POINT('',(-0.751248960066,1.03768727858,0.175));
#11015 = CARTESIAN_POINT('',(-0.751248960066,1.035,0.175));
#11016 = ORIENTED_EDGE('',*,*,#11017,.F.);
#11017 = EDGE_CURVE('',#10959,#10997,#11018,.T.);
#11018 = LINE('',#11019,#11020);
#11019 = CARTESIAN_POINT('',(-0.973882143424,1.085,0.175));
#11020 = VECTOR('',#11021,1.);
#11021 = DIRECTION('',(1.,0.,-0.));
#11022 = PLANE('',#11023);
#11023 = AXIS2_PLACEMENT_3D('',#11024,#11025,#11026);
#11024 = CARTESIAN_POINT('',(-0.973882143424,0.878427250457,0.175));
#11025 = DIRECTION('',(0.,0.,1.));
#11026 = DIRECTION('',(1.,0.,-0.));
#11027 = ADVANCED_FACE('',(#11028),#11062,.F.);
#11028 = FACE_BOUND('',#11029,.F.);
#11029 = EDGE_LOOP('',(#11030,#11031,#11042,#11061));
#11030 = ORIENTED_EDGE('',*,*,#10996,.F.);
#11031 = ORIENTED_EDGE('',*,*,#11032,.T.);
#11032 = EDGE_CURVE('',#10997,#11033,#11035,.T.);
#11033 = VERTEX_POINT('',#11034);
#11034 = CARTESIAN_POINT('',(-0.275,1.085,0.704285397107));
#11035 = B_SPLINE_CURVE_WITH_KNOTS('',3,(#11036,#11037,#11038,#11039,
    #11040,#11041),.UNSPECIFIED.,.F.,.F.,(4,2,4),(0.,0.5,1.),
  .UNSPECIFIED.);
#11036 = CARTESIAN_POINT('',(-0.804285397107,1.085,0.175));
#11037 = CARTESIAN_POINT('',(-0.761497276192,1.085,0.300141312079));
#11038 = CARTESIAN_POINT('',(-0.694754475165,1.085,0.407821461013));
#11039 = CARTESIAN_POINT('',(-0.507327052852,1.085,0.594260067004));
#11040 = CARTESIAN_POINT('',(-0.398646798182,1.085,0.662008278037));
#11041 = CARTESIAN_POINT('',(-0.275,1.085,0.704285397107));
#11042 = ORIENTED_EDGE('',*,*,#11043,.T.);
#11043 = EDGE_CURVE('',#11033,#10002,#11044,.T.);
#11044 = B_SPLINE_CURVE_WITH_KNOTS('',3,(#11045,#11046,#11047,#11048,
    #11049,#11050,#11051,#11052,#11053,#11054,#11055,#11056,#11057,
    #11058,#11059,#11060),.UNSPECIFIED.,.F.,.F.,(4,3,3,3,3,4),(0.,
    1.860882663431E-05,3.72443955763E-05,5.540656890888E-05,
    7.251608697884E-05,8.048010074747E-05),.UNSPECIFIED.);
#11045 = CARTESIAN_POINT('',(-0.275,1.085,0.704285397107));
#11046 = CARTESIAN_POINT('',(-0.275,1.085,0.698082454896));
#11047 = CARTESIAN_POINT('',(-0.275,1.083940803207,0.691793642611));
#11048 = CARTESIAN_POINT('',(-0.275,1.081896843902,0.685937131496));
#11049 = CARTESIAN_POINT('',(-0.275,1.079851293479,0.680076061384));
#11050 = CARTESIAN_POINT('',(-0.275000000004,1.076757051543,
    0.674480349689));
#11051 = CARTESIAN_POINT('',(-0.275000000004,1.072840046652,
    0.669664387473));
#11052 = CARTESIAN_POINT('',(-0.275000000004,1.069024249008,
    0.66497285969));
#11053 = CARTESIAN_POINT('',(-0.275000000008,1.064308004726,
    0.660884619657));
#11054 = CARTESIAN_POINT('',(-0.275000000008,1.059087827131,
    0.657831671825));
#11055 = CARTESIAN_POINT('',(-0.275000000008,1.054166816579,
    0.654953687653));
#11056 = CARTESIAN_POINT('',(-0.275000000003,1.048649204702,
    0.652913865085));
#11057 = CARTESIAN_POINT('',(-0.275000000003,1.043032127082,
    0.651940429538));
#11058 = CARTESIAN_POINT('',(-0.275000000003,1.040384314776,
    0.651481565552));
#11059 = CARTESIAN_POINT('',(-0.275,1.03768727858,0.651248960065));
#11060 = CARTESIAN_POINT('',(-0.275,1.035,0.651248960066));
#11061 = ORIENTED_EDGE('',*,*,#10009,.T.);
#11062 = ( BOUNDED_SURFACE() B_SPLINE_SURFACE(3,3,(
    (#11063,#11064,#11065,#11066)
    ,(#11067,#11068,#11069,#11070)
    ,(#11071,#11072,#11073,#11074)
    ,(#11075,#11076,#11077,#11078
)),.UNSPECIFIED.,.F.,.F.,.F.) B_SPLINE_SURFACE_WITH_KNOTS((4,4),(4,4),(
    0.,1.),(0.,1.),.PIECEWISE_BEZIER_KNOTS.) 
GEOMETRIC_REPRESENTATION_ITEM() RATIONAL_B_SPLINE_SURFACE((
    (1.,0.930283072694,0.930283072694,1.)
    ,(0.804737854122,0.748634003646,0.748634003646,0.804737854122)
    ,(0.804737854122,0.748634003646,0.748634003646,0.804737854122)
,(1.,0.930283072694,0.930283072694,1.
))) REPRESENTATION_ITEM('') SURFACE() );
#11063 = CARTESIAN_POINT('',(-0.270595425409,1.085,0.705777956852));
#11064 = CARTESIAN_POINT('',(-0.527680586928,1.085,0.61944391401));
#11065 = CARTESIAN_POINT('',(-0.71944391401,1.085,0.427680586928));
#11066 = CARTESIAN_POINT('',(-0.805777956852,1.085,0.170595425409));
#11067 = CARTESIAN_POINT('',(-0.261271241274,1.085,0.678012439271));
#11068 = CARTESIAN_POINT('',(-0.50949775568,1.085,0.594653297101));
#11069 = CARTESIAN_POINT('',(-0.694653297101,1.085,0.40949775568));
#11070 = CARTESIAN_POINT('',(-0.778012439272,1.085,0.161271241274));
#11071 = CARTESIAN_POINT('',(-0.254678047443,1.064289321881,
    0.658379253507));
#11072 = CARTESIAN_POINT('',(-0.496640552403,1.064289321881,
    0.577123683774));
#11073 = CARTESIAN_POINT('',(-0.677123683774,1.064289321881,
    0.396640552403));
#11074 = CARTESIAN_POINT('',(-0.758379253507,1.064289321881,
    0.154678047443));
#11075 = CARTESIAN_POINT('',(-0.254678047443,1.035,0.658379253507));
#11076 = CARTESIAN_POINT('',(-0.496640552403,1.035,0.577123683774));
#11077 = CARTESIAN_POINT('',(-0.677123683774,1.035,0.396640552403));
#11078 = CARTESIAN_POINT('',(-0.758379253507,1.035,0.154678047443));
#11079 = ADVANCED_FACE('',(#11080),#11134,.F.);
#11080 = FACE_BOUND('',#11081,.T.);
#11081 = EDGE_LOOP('',(#11082,#11083,#11084,#11090,#11091,#11112,#11120,
    #11128));
#11082 = ORIENTED_EDGE('',*,*,#11043,.T.);
#11083 = ORIENTED_EDGE('',*,*,#10001,.F.);
#11084 = ORIENTED_EDGE('',*,*,#11085,.F.);
#11085 = EDGE_CURVE('',#7891,#9993,#11086,.T.);
#11086 = LINE('',#11087,#11088);
#11087 = CARTESIAN_POINT('',(-0.275,0.885,0.873882143424));
#11088 = VECTOR('',#11089,1.);
#11089 = DIRECTION('',(0.,0.,1.));
#11090 = ORIENTED_EDGE('',*,*,#7888,.F.);
#11091 = ORIENTED_EDGE('',*,*,#11092,.F.);
#11092 = EDGE_CURVE('',#11093,#7889,#11095,.T.);
#11093 = VERTEX_POINT('',#11094);
#11094 = CARTESIAN_POINT('',(-0.275,1.135,0.704285397107));
#11095 = B_SPLINE_CURVE_WITH_KNOTS('',3,(#11096,#11097,#11098,#11099,
    #11100,#11101,#11102,#11103,#11104,#11105,#11106,#11107,#11108,
    #11109,#11110,#11111),.UNSPECIFIED.,.F.,.F.,(4,3,3,3,3,4),(0.,
    3.7398804659E-05,7.484135200921E-05,1.114684410651E-04,
    1.458526383972E-04,1.612596466465E-04),.UNSPECIFIED.);
#11096 = CARTESIAN_POINT('',(-0.275,1.135,0.704285397107));
#11097 = CARTESIAN_POINT('',(-0.275,1.135,0.691819128888));
#11098 = CARTESIAN_POINT('',(-0.275,1.132861283978,0.679181106728));
#11099 = CARTESIAN_POINT('',(-0.275,1.128748614682,0.667412768078));
#11100 = CARTESIAN_POINT('',(-0.275,1.124633430745,0.655637233822));
#11101 = CARTESIAN_POINT('',(-0.275000000009,1.118418147301,
    0.644394916743));
#11102 = CARTESIAN_POINT('',(-0.275000000009,1.110554996923,
    0.63471148698));
#11103 = CARTESIAN_POINT('',(-0.275000000009,1.102868015459,
    0.62524500834));
#11104 = CARTESIAN_POINT('',(-0.275,1.093362294457,0.616991214938));
#11105 = CARTESIAN_POINT('',(-0.275,1.082832106208,0.610841496466));
#11106 = CARTESIAN_POINT('',(-0.275,1.0729407781,0.605064877687));
#11107 = CARTESIAN_POINT('',(-0.275,1.061841228336,0.600981206624));
#11108 = CARTESIAN_POINT('',(-0.275,1.05054701936,0.599071091486));
#11109 = CARTESIAN_POINT('',(-0.275,1.045419222025,0.598203860914));
#11110 = CARTESIAN_POINT('',(-0.275,1.040200614807,0.597764286848));
#11111 = CARTESIAN_POINT('',(-0.275,1.035,0.597764286848));
#11112 = ORIENTED_EDGE('',*,*,#11113,.F.);
#11113 = EDGE_CURVE('',#11114,#11093,#11116,.T.);
#11114 = VERTEX_POINT('',#11115);
#11115 = CARTESIAN_POINT('',(-0.275,1.135,1.15));
#11116 = LINE('',#11117,#11118);
#11117 = CARTESIAN_POINT('',(-0.275,1.135,0.873882143424));
#11118 = VECTOR('',#11119,1.);
#11119 = DIRECTION('',(-0.,-0.,-1.));
#11120 = ORIENTED_EDGE('',*,*,#11121,.F.);
#11121 = EDGE_CURVE('',#11122,#11114,#11124,.T.);
#11122 = VERTEX_POINT('',#11123);
#11123 = CARTESIAN_POINT('',(-0.275,1.085,1.15));
#11124 = LINE('',#11125,#11126);
#11125 = CARTESIAN_POINT('',(-0.275,0.878427250457,1.15));
#11126 = VECTOR('',#11127,1.);
#11127 = DIRECTION('',(0.,1.,-0.));
#11128 = ORIENTED_EDGE('',*,*,#11129,.F.);
#11129 = EDGE_CURVE('',#11033,#11122,#11130,.T.);
#11130 = LINE('',#11131,#11132);
#11131 = CARTESIAN_POINT('',(-0.275,1.085,0.873882143424));
#11132 = VECTOR('',#11133,1.);
#11133 = DIRECTION('',(0.,0.,1.));
#11134 = PLANE('',#11135);
#11135 = AXIS2_PLACEMENT_3D('',#11136,#11137,#11138);
#11136 = CARTESIAN_POINT('',(-0.275,0.878427250457,0.873882143424));
#11137 = DIRECTION('',(-1.,0.,0.));
#11138 = DIRECTION('',(0.,0.,1.));
#11139 = ADVANCED_FACE('',(#11140),#11154,.T.);
#11140 = FACE_BOUND('',#11141,.T.);
#11141 = EDGE_LOOP('',(#11142,#11143,#11150,#11151,#11152,#11153));
#11142 = ORIENTED_EDGE('',*,*,#10336,.T.);
#11143 = ORIENTED_EDGE('',*,*,#11144,.T.);
#11144 = EDGE_CURVE('',#10329,#7972,#11145,.T.);
#11145 = CIRCLE('',#11146,0.75);
#11146 = AXIS2_PLACEMENT_3D('',#11147,#11148,#11149);
#11147 = CARTESIAN_POINT('',(2.248201624866E-14,0.885,-0.1));
#11148 = DIRECTION('',(0.,-1.,0.));
#11149 = DIRECTION('',(0.,0.,-1.));
#11150 = ORIENTED_EDGE('',*,*,#7979,.T.);
#11151 = ORIENTED_EDGE('',*,*,#11085,.T.);
#11152 = ORIENTED_EDGE('',*,*,#9992,.F.);
#11153 = ORIENTED_EDGE('',*,*,#7782,.F.);
#11154 = PLANE('',#11155);
#11155 = AXIS2_PLACEMENT_3D('',#11156,#11157,#11158);
#11156 = CARTESIAN_POINT('',(0.,0.885,0.732));
#11157 = DIRECTION('',(0.,1.,0.));
#11158 = DIRECTION('',(0.,-0.,1.));
#11159 = ADVANCED_FACE('',(#11160),#11191,.T.);
#11160 = FACE_BOUND('',#11161,.T.);
#11161 = EDGE_LOOP('',(#11162,#11172,#11178,#11184,#11185));
#11162 = ORIENTED_EDGE('',*,*,#11163,.T.);
#11163 = EDGE_CURVE('',#11164,#11166,#11168,.T.);
#11164 = VERTEX_POINT('',#11165);
#11165 = CARTESIAN_POINT('',(0.42,1.1,-1.9));
#11166 = VERTEX_POINT('',#11167);
#11167 = CARTESIAN_POINT('',(0.42,1.1,-1.8));
#11168 = LINE('',#11169,#11170);
#11169 = CARTESIAN_POINT('',(0.42,1.1,-1.85));
#11170 = VECTOR('',#11171,1.);
#11171 = DIRECTION('',(-0.,-0.,1.));
#11172 = ORIENTED_EDGE('',*,*,#11173,.T.);
#11173 = EDGE_CURVE('',#11166,#10198,#11174,.T.);
#11174 = LINE('',#11175,#11176);
#11175 = CARTESIAN_POINT('',(0.42,-2.2E-02,-1.8));
#11176 = VECTOR('',#11177,1.);
#11177 = DIRECTION('',(-0.,-1.,-0.));
#11178 = ORIENTED_EDGE('',*,*,#11179,.T.);
#11179 = EDGE_CURVE('',#10198,#10088,#11180,.T.);
#11180 = LINE('',#11181,#11182);
#11181 = CARTESIAN_POINT('',(0.42,-2.2E-02,-1.8));
#11182 = VECTOR('',#11183,1.);
#11183 = DIRECTION('',(-0.,-1.,-0.));
#11184 = ORIENTED_EDGE('',*,*,#10087,.F.);
#11185 = ORIENTED_EDGE('',*,*,#11186,.T.);
#11186 = EDGE_CURVE('',#10080,#11164,#11187,.T.);
#11187 = LINE('',#11188,#11189);
#11188 = CARTESIAN_POINT('',(0.42,-2.2E-02,-1.9));
#11189 = VECTOR('',#11190,1.);
#11190 = DIRECTION('',(0.,1.,0.));
#11191 = PLANE('',#11192);
#11192 = AXIS2_PLACEMENT_3D('',#11193,#11194,#11195);
#11193 = CARTESIAN_POINT('',(0.42,-2.2E-02,-1.85));
#11194 = DIRECTION('',(1.,-0.,0.));
#11195 = DIRECTION('',(0.,0.,-1.));
#11196 = ADVANCED_FACE('',(#11197),#11215,.T.);
#11197 = FACE_BOUND('',#11198,.T.);
#11198 = EDGE_LOOP('',(#11199,#11207,#11208,#11209));
#11199 = ORIENTED_EDGE('',*,*,#11200,.T.);
#11200 = EDGE_CURVE('',#11201,#11164,#11203,.T.);
#11201 = VERTEX_POINT('',#11202);
#11202 = CARTESIAN_POINT('',(-0.42,1.1,-1.9));
#11203 = LINE('',#11204,#11205);
#11204 = CARTESIAN_POINT('',(0.,1.1,-1.9));
#11205 = VECTOR('',#11206,1.);
#11206 = DIRECTION('',(1.,-0.,0.));
#11207 = ORIENTED_EDGE('',*,*,#11186,.F.);
#11208 = ORIENTED_EDGE('',*,*,#10077,.F.);
#11209 = ORIENTED_EDGE('',*,*,#11210,.T.);
#11210 = EDGE_CURVE('',#10078,#11201,#11211,.T.);
#11211 = LINE('',#11212,#11213);
#11212 = CARTESIAN_POINT('',(-0.42,-2.2E-02,-1.9));
#11213 = VECTOR('',#11214,1.);
#11214 = DIRECTION('',(0.,1.,0.));
#11215 = PLANE('',#11216);
#11216 = AXIS2_PLACEMENT_3D('',#11217,#11218,#11219);
#11217 = CARTESIAN_POINT('',(0.,-2.2E-02,-1.9));
#11218 = DIRECTION('',(0.,0.,-1.));
#11219 = DIRECTION('',(-1.,0.,-0.));
#11220 = ADVANCED_FACE('',(#11221),#11245,.T.);
#11221 = FACE_BOUND('',#11222,.T.);
#11222 = EDGE_LOOP('',(#11223,#11224,#11225,#11231,#11239));
#11223 = ORIENTED_EDGE('',*,*,#11210,.F.);
#11224 = ORIENTED_EDGE('',*,*,#10149,.F.);
#11225 = ORIENTED_EDGE('',*,*,#11226,.T.);
#11226 = EDGE_CURVE('',#10142,#10206,#11227,.T.);
#11227 = LINE('',#11228,#11229);
#11228 = CARTESIAN_POINT('',(-0.42,-2.2E-02,-1.8));
#11229 = VECTOR('',#11230,1.);
#11230 = DIRECTION('',(0.,1.,-0.));
#11231 = ORIENTED_EDGE('',*,*,#11232,.T.);
#11232 = EDGE_CURVE('',#10206,#11233,#11235,.T.);
#11233 = VERTEX_POINT('',#11234);
#11234 = CARTESIAN_POINT('',(-0.42,1.1,-1.8));
#11235 = LINE('',#11236,#11237);
#11236 = CARTESIAN_POINT('',(-0.42,-2.2E-02,-1.8));
#11237 = VECTOR('',#11238,1.);
#11238 = DIRECTION('',(0.,1.,-0.));
#11239 = ORIENTED_EDGE('',*,*,#11240,.T.);
#11240 = EDGE_CURVE('',#11233,#11201,#11241,.T.);
#11241 = LINE('',#11242,#11243);
#11242 = CARTESIAN_POINT('',(-0.42,1.1,-1.85));
#11243 = VECTOR('',#11244,1.);
#11244 = DIRECTION('',(-0.,-0.,-1.));
#11245 = PLANE('',#11246);
#11246 = AXIS2_PLACEMENT_3D('',#11247,#11248,#11249);
#11247 = CARTESIAN_POINT('',(-0.42,-2.2E-02,-1.85));
#11248 = DIRECTION('',(-1.,0.,0.));
#11249 = DIRECTION('',(0.,0.,1.));
#11250 = ADVANCED_FACE('',(#11251),#11262,.F.);
#11251 = FACE_BOUND('',#11252,.T.);
#11252 = EDGE_LOOP('',(#11253,#11254,#11260,#11261));
#11253 = ORIENTED_EDGE('',*,*,#10141,.F.);
#11254 = ORIENTED_EDGE('',*,*,#11255,.F.);
#11255 = EDGE_CURVE('',#10214,#10134,#11256,.T.);
#11256 = LINE('',#11257,#11258);
#11257 = CARTESIAN_POINT('',(-0.425,-6.572749542933E-03,-1.8));
#11258 = VECTOR('',#11259,1.);
#11259 = DIRECTION('',(0.,-1.,-0.));
#11260 = ORIENTED_EDGE('',*,*,#10213,.F.);
#11261 = ORIENTED_EDGE('',*,*,#11226,.F.);
#11262 = PLANE('',#11263);
#11263 = AXIS2_PLACEMENT_3D('',#11264,#11265,#11266);
#11264 = CARTESIAN_POINT('',(0.,-6.572749542933E-03,-1.8));
#11265 = DIRECTION('',(0.,0.,1.));
#11266 = DIRECTION('',(1.,0.,-0.));
#11267 = ADVANCED_FACE('',(#11268),#11274,.F.);
#11268 = FACE_BOUND('',#11269,.T.);
#11269 = EDGE_LOOP('',(#11270,#11271,#11272,#11273));
#11270 = ORIENTED_EDGE('',*,*,#11255,.T.);
#11271 = ORIENTED_EDGE('',*,*,#10133,.F.);
#11272 = ORIENTED_EDGE('',*,*,#10172,.F.);
#11273 = ORIENTED_EDGE('',*,*,#10221,.F.);
#11274 = PLANE('',#11275);
#11275 = AXIS2_PLACEMENT_3D('',#11276,#11277,#11278);
#11276 = CARTESIAN_POINT('',(-0.425,-6.572749542933E-03,-1.925));
#11277 = DIRECTION('',(-1.,0.,0.));
#11278 = DIRECTION('',(0.,0.,1.));
#11279 = ADVANCED_FACE('',(#11280),#11286,.T.);
#11280 = FACE_BOUND('',#11281,.T.);
#11281 = EDGE_LOOP('',(#11282,#11283,#11284,#11285));
#11282 = ORIENTED_EDGE('',*,*,#10118,.F.);
#11283 = ORIENTED_EDGE('',*,*,#9623,.T.);
#11284 = ORIENTED_EDGE('',*,*,#10275,.T.);
#11285 = ORIENTED_EDGE('',*,*,#9559,.T.);
#11286 = PLANE('',#11287);
#11287 = AXIS2_PLACEMENT_3D('',#11288,#11289,#11290);
#11288 = CARTESIAN_POINT('',(0.7592,5.E-02,-1.1));
#11289 = DIRECTION('',(0.,-0.707106781186,0.707106781187));
#11290 = DIRECTION('',(0.,-0.707106781187,-0.707106781186));
#11291 = ADVANCED_FACE('',(#11292),#11303,.F.);
#11292 = FACE_BOUND('',#11293,.T.);
#11293 = EDGE_LOOP('',(#11294,#11295,#11296,#11302));
#11294 = ORIENTED_EDGE('',*,*,#10247,.F.);
#11295 = ORIENTED_EDGE('',*,*,#10103,.F.);
#11296 = ORIENTED_EDGE('',*,*,#11297,.F.);
#11297 = EDGE_CURVE('',#10190,#10096,#11298,.T.);
#11298 = LINE('',#11299,#11300);
#11299 = CARTESIAN_POINT('',(0.425,-6.572749542933E-03,-1.8));
#11300 = VECTOR('',#11301,1.);
#11301 = DIRECTION('',(-0.,-1.,-0.));
#11302 = ORIENTED_EDGE('',*,*,#10187,.F.);
#11303 = PLANE('',#11304);
#11304 = AXIS2_PLACEMENT_3D('',#11305,#11306,#11307);
#11305 = CARTESIAN_POINT('',(0.425,-6.572749542933E-03,-1.925));
#11306 = DIRECTION('',(1.,-0.,0.));
#11307 = DIRECTION('',(0.,0.,-1.));
#11308 = ADVANCED_FACE('',(#11309),#11315,.F.);
#11309 = FACE_BOUND('',#11310,.T.);
#11310 = EDGE_LOOP('',(#11311,#11312,#11313,#11314));
#11311 = ORIENTED_EDGE('',*,*,#10197,.F.);
#11312 = ORIENTED_EDGE('',*,*,#11297,.T.);
#11313 = ORIENTED_EDGE('',*,*,#10095,.F.);
#11314 = ORIENTED_EDGE('',*,*,#11179,.F.);
#11315 = PLANE('',#11316);
#11316 = AXIS2_PLACEMENT_3D('',#11317,#11318,#11319);
#11317 = CARTESIAN_POINT('',(0.,-6.572749542933E-03,-1.8));
#11318 = DIRECTION('',(0.,0.,1.));
#11319 = DIRECTION('',(1.,0.,-0.));
#11320 = ADVANCED_FACE('',(#11321),#11332,.T.);
#11321 = FACE_BOUND('',#11322,.T.);
#11322 = EDGE_LOOP('',(#11323,#11329,#11330,#11331));
#11323 = ORIENTED_EDGE('',*,*,#11324,.T.);
#11324 = EDGE_CURVE('',#11166,#11233,#11325,.T.);
#11325 = LINE('',#11326,#11327);
#11326 = CARTESIAN_POINT('',(0.,1.1,-1.8));
#11327 = VECTOR('',#11328,1.);
#11328 = DIRECTION('',(-1.,-0.,0.));
#11329 = ORIENTED_EDGE('',*,*,#11232,.F.);
#11330 = ORIENTED_EDGE('',*,*,#10205,.F.);
#11331 = ORIENTED_EDGE('',*,*,#11173,.F.);
#11332 = PLANE('',#11333);
#11333 = AXIS2_PLACEMENT_3D('',#11334,#11335,#11336);
#11334 = CARTESIAN_POINT('',(0.,8.000000000001E-02,-1.8));
#11335 = DIRECTION('',(0.,0.,1.));
#11336 = DIRECTION('',(1.,0.,-0.));
#11337 = ADVANCED_FACE('',(#11338),#11350,.T.);
#11338 = FACE_BOUND('',#11339,.T.);
#11339 = EDGE_LOOP('',(#11340,#11341,#11342,#11343));
#11340 = ORIENTED_EDGE('',*,*,#7557,.F.);
#11341 = ORIENTED_EDGE('',*,*,#10263,.T.);
#11342 = ORIENTED_EDGE('',*,*,#7575,.T.);
#11343 = ORIENTED_EDGE('',*,*,#11344,.T.);
#11344 = EDGE_CURVE('',#7567,#7558,#11345,.T.);
#11345 = CIRCLE('',#11346,0.3175);
#11346 = AXIS2_PLACEMENT_3D('',#11347,#11348,#11349);
#11347 = CARTESIAN_POINT('',(1.196590569685E-13,0.177,
    -9.999999999961E-02));
#11348 = DIRECTION('',(7.023694330456E-14,1.,9.517565357333E-14));
#11349 = DIRECTION('',(8.551316800262E-31,-9.517565357333E-14,1.));
#11350 = ( BOUNDED_SURFACE() B_SPLINE_SURFACE(3,3,(
    (#11351,#11352,#11353,#11354)
    ,(#11355,#11356,#11357,#11358)
    ,(#11359,#11360,#11361,#11362)
    ,(#11363,#11364,#11365,#11366
)),.UNSPECIFIED.,.F.,.F.,.F.) B_SPLINE_SURFACE_WITH_KNOTS((4,4),(4,4),(
    0.,1.),(0.,1.),.PIECEWISE_BEZIER_KNOTS.) 
GEOMETRIC_REPRESENTATION_ITEM() RATIONAL_B_SPLINE_SURFACE((
    (1.,0.333333333333,0.333333333333,1.)
    ,(0.54664759846,0.182215866153,0.182215866153,0.54664759846)
    ,(0.54664759846,0.182215866153,0.182215866153,0.54664759846)
,(1.,0.333333333333,0.333333333333,1.
))) REPRESENTATION_ITEM('') SURFACE() );
#11351 = CARTESIAN_POINT('',(-9.119702567346E-14,9.999999999999E-02,
    0.445495049384));
#11352 = CARTESIAN_POINT('',(1.090990098769,9.999999999992E-02,
    0.445495049385));
#11353 = CARTESIAN_POINT('',(1.090990098769,0.1,-0.645495049384));
#11354 = CARTESIAN_POINT('',(-9.108794319854E-14,0.1,-0.645495049384));
#11355 = CARTESIAN_POINT('',(-6.588522131936E-14,-1.669365225016E-02,
    0.356526220931));
#11356 = CARTESIAN_POINT('',(0.913052441862,-1.669365225022E-02,
    0.356526220931));
#11357 = CARTESIAN_POINT('',(0.913052441862,-1.669365225014E-02,
    -0.556526220931));
#11358 = CARTESIAN_POINT('',(-6.579392991332E-14,-1.669365225007E-02,
    -0.55652622093));
#11359 = CARTESIAN_POINT('',(-1.022645070923E-14,3.025920501836E-02,
    0.217500000001));
#11360 = CARTESIAN_POINT('',(0.635000000001,3.025920501832E-02,
    0.217500000001));
#11361 = CARTESIAN_POINT('',(0.635000000001,3.025920501838E-02,-0.4175)
  );
#11362 = CARTESIAN_POINT('',(-1.016296033324E-14,3.025920501842E-02,
    -0.4175));
#11363 = CARTESIAN_POINT('',(8.017418831292E-17,0.177,0.217500000001));
#11364 = CARTESIAN_POINT('',(0.635000000001,0.177,0.217500000001));
#11365 = CARTESIAN_POINT('',(0.635000000001,0.177,-0.4175));
#11366 = CARTESIAN_POINT('',(1.436645643034E-16,0.177,-0.4175));
#11367 = ADVANCED_FACE('',(#11368,#11406),#11490,.F.);
#11368 = FACE_BOUND('',#11369,.T.);
#11369 = EDGE_LOOP('',(#11370,#11371,#11372,#11378,#11379,#11380,#11381,
    #11387,#11388,#11389,#11390,#11396,#11397,#11398,#11399,#11405));
#11370 = ORIENTED_EDGE('',*,*,#11032,.T.);
#11371 = ORIENTED_EDGE('',*,*,#11129,.T.);
#11372 = ORIENTED_EDGE('',*,*,#11373,.F.);
#11373 = EDGE_CURVE('',#10292,#11122,#11374,.T.);
#11374 = LINE('',#11375,#11376);
#11375 = CARTESIAN_POINT('',(3.633961487282E-07,1.085,1.15));
#11376 = VECTOR('',#11377,1.);
#11377 = DIRECTION('',(-1.,-0.,0.));
#11378 = ORIENTED_EDGE('',*,*,#10364,.T.);
#11379 = ORIENTED_EDGE('',*,*,#10379,.T.);
#11380 = ORIENTED_EDGE('',*,*,#10485,.T.);
#11381 = ORIENTED_EDGE('',*,*,#11382,.F.);
#11382 = EDGE_CURVE('',#10527,#10478,#11383,.T.);
#11383 = LINE('',#11384,#11385);
#11384 = CARTESIAN_POINT('',(1.25,1.085,1.565211035883));
#11385 = VECTOR('',#11386,1.);
#11386 = DIRECTION('',(0.,-0.,1.));
#11387 = ORIENTED_EDGE('',*,*,#10592,.T.);
#11388 = ORIENTED_EDGE('',*,*,#10607,.T.);
#11389 = ORIENTED_EDGE('',*,*,#10713,.T.);
#11390 = ORIENTED_EDGE('',*,*,#11391,.F.);
#11391 = EDGE_CURVE('',#10755,#10706,#11392,.T.);
#11392 = LINE('',#11393,#11394);
#11393 = CARTESIAN_POINT('',(3.633961487282E-07,1.085,-1.35));
#11394 = VECTOR('',#11395,1.);
#11395 = DIRECTION('',(1.,0.,-0.));
#11396 = ORIENTED_EDGE('',*,*,#10813,.T.);
#11397 = ORIENTED_EDGE('',*,*,#10828,.T.);
#11398 = ORIENTED_EDGE('',*,*,#10925,.T.);
#11399 = ORIENTED_EDGE('',*,*,#11400,.F.);
#11400 = EDGE_CURVE('',#10959,#10918,#11401,.T.);
#11401 = LINE('',#11402,#11403);
#11402 = CARTESIAN_POINT('',(-1.25,1.085,1.565211035883));
#11403 = VECTOR('',#11404,1.);
#11404 = DIRECTION('',(-0.,0.,-1.));
#11405 = ORIENTED_EDGE('',*,*,#11017,.T.);
#11406 = FACE_BOUND('',#11407,.T.);
#11407 = EDGE_LOOP('',(#11408,#11419,#11427,#11435,#11443,#11451,#11459,
    #11468,#11474,#11475,#11484));
#11408 = ORIENTED_EDGE('',*,*,#11409,.F.);
#11409 = EDGE_CURVE('',#11410,#11412,#11414,.T.);
#11410 = VERTEX_POINT('',#11411);
#11411 = CARTESIAN_POINT('',(1.295183384698,1.085,1.15));
#11412 = VERTEX_POINT('',#11413);
#11413 = CARTESIAN_POINT('',(0.972293851019,1.085,-1.614808458938));
#11414 = CIRCLE('',#11415,1.8);
#11415 = AXIS2_PLACEMENT_3D('',#11416,#11417,#11418);
#11416 = CARTESIAN_POINT('',(1.869904246093E-16,1.085,-0.1));
#11417 = DIRECTION('',(-0.,1.,0.));
#11418 = DIRECTION('',(8.881784197001E-16,0.,-1.));
#11419 = ORIENTED_EDGE('',*,*,#11420,.F.);
#11420 = EDGE_CURVE('',#11421,#11410,#11423,.T.);
#11421 = VERTEX_POINT('',#11422);
#11422 = CARTESIAN_POINT('',(0.895183384699,1.085,1.15));
#11423 = LINE('',#11424,#11425);
#11424 = CARTESIAN_POINT('',(3.633961487282E-07,1.085,1.15));
#11425 = VECTOR('',#11426,1.);
#11426 = DIRECTION('',(1.,0.,-0.));
#11427 = ORIENTED_EDGE('',*,*,#11428,.F.);
#11428 = EDGE_CURVE('',#11429,#11421,#11431,.T.);
#11429 = VERTEX_POINT('',#11430);
#11430 = CARTESIAN_POINT('',(0.895183384699,1.085,1.5));
#11431 = LINE('',#11432,#11433);
#11432 = CARTESIAN_POINT('',(0.895183384699,1.085,1.565211035883));
#11433 = VECTOR('',#11434,1.);
#11434 = DIRECTION('',(-0.,0.,-1.));
#11435 = ORIENTED_EDGE('',*,*,#11436,.F.);
#11436 = EDGE_CURVE('',#11437,#11429,#11439,.T.);
#11437 = VERTEX_POINT('',#11438);
#11438 = CARTESIAN_POINT('',(-0.895183384699,1.085,1.5));
#11439 = LINE('',#11440,#11441);
#11440 = CARTESIAN_POINT('',(3.633961487282E-07,1.085,1.5));
#11441 = VECTOR('',#11442,1.);
#11442 = DIRECTION('',(1.,0.,-0.));
#11443 = ORIENTED_EDGE('',*,*,#11444,.F.);
#11444 = EDGE_CURVE('',#11445,#11437,#11447,.T.);
#11445 = VERTEX_POINT('',#11446);
#11446 = CARTESIAN_POINT('',(-0.895183384699,1.085,1.15));
#11447 = LINE('',#11448,#11449);
#11448 = CARTESIAN_POINT('',(-0.895183384699,1.085,1.565211035883));
#11449 = VECTOR('',#11450,1.);
#11450 = DIRECTION('',(0.,-0.,1.));
#11451 = ORIENTED_EDGE('',*,*,#11452,.F.);
#11452 = EDGE_CURVE('',#11453,#11445,#11455,.T.);
#11453 = VERTEX_POINT('',#11454);
#11454 = CARTESIAN_POINT('',(-1.295183384698,1.085,1.15));
#11455 = LINE('',#11456,#11457);
#11456 = CARTESIAN_POINT('',(3.633961487282E-07,1.085,1.15));
#11457 = VECTOR('',#11458,1.);
#11458 = DIRECTION('',(1.,0.,-0.));
#11459 = ORIENTED_EDGE('',*,*,#11460,.F.);
#11460 = EDGE_CURVE('',#11461,#11453,#11463,.T.);
#11461 = VERTEX_POINT('',#11462);
#11462 = CARTESIAN_POINT('',(-0.972293851019,1.085,-1.614808458938));
#11463 = CIRCLE('',#11464,1.8);
#11464 = AXIS2_PLACEMENT_3D('',#11465,#11466,#11467);
#11465 = CARTESIAN_POINT('',(1.869904246093E-16,1.085,-0.1));
#11466 = DIRECTION('',(-0.,1.,0.));
#11467 = DIRECTION('',(0.,0.,-1.));
#11468 = ORIENTED_EDGE('',*,*,#11469,.F.);
#11469 = EDGE_CURVE('',#8036,#11461,#11470,.T.);
#11470 = LINE('',#11471,#11472);
#11471 = CARTESIAN_POINT('',(3.633961487282E-07,1.085,-1.614808458938));
#11472 = VECTOR('',#11473,1.);
#11473 = DIRECTION('',(-1.,-0.,0.));
#11474 = ORIENTED_EDGE('',*,*,#8035,.F.);
#11475 = ORIENTED_EDGE('',*,*,#11476,.F.);
#11476 = EDGE_CURVE('',#11477,#8028,#11479,.T.);
#11477 = VERTEX_POINT('',#11478);
#11478 = CARTESIAN_POINT('',(0.352293851019,1.085,-1.614808458938));
#11479 = CIRCLE('',#11480,0.5);
#11480 = AXIS2_PLACEMENT_3D('',#11481,#11482,#11483);
#11481 = CARTESIAN_POINT('',(0.,1.085,-1.26));
#11482 = DIRECTION('',(-0.,1.,0.));
#11483 = DIRECTION('',(0.,0.,-1.));
#11484 = ORIENTED_EDGE('',*,*,#11485,.F.);
#11485 = EDGE_CURVE('',#11412,#11477,#11486,.T.);
#11486 = LINE('',#11487,#11488);
#11487 = CARTESIAN_POINT('',(3.633961487282E-07,1.085,-1.614808458938));
#11488 = VECTOR('',#11489,1.);
#11489 = DIRECTION('',(-1.,-0.,0.));
#11490 = PLANE('',#11491);
#11491 = AXIS2_PLACEMENT_3D('',#11492,#11493,#11494);
#11492 = CARTESIAN_POINT('',(3.633961487282E-07,1.085,1.565211035883));
#11493 = DIRECTION('',(0.,1.,0.));
#11494 = DIRECTION('',(0.,-0.,1.));
#11495 = ADVANCED_FACE('',(#11496),#11507,.F.);
#11496 = FACE_BOUND('',#11497,.T.);
#11497 = EDGE_LOOP('',(#11498,#11499,#11505,#11506));
#11498 = ORIENTED_EDGE('',*,*,#11121,.T.);
#11499 = ORIENTED_EDGE('',*,*,#11500,.F.);
#11500 = EDGE_CURVE('',#10290,#11114,#11501,.T.);
#11501 = LINE('',#11502,#11503);
#11502 = CARTESIAN_POINT('',(0.,1.135,1.15));
#11503 = VECTOR('',#11504,1.);
#11504 = DIRECTION('',(-1.,-0.,0.));
#11505 = ORIENTED_EDGE('',*,*,#10289,.T.);
#11506 = ORIENTED_EDGE('',*,*,#11373,.T.);
#11507 = PLANE('',#11508);
#11508 = AXIS2_PLACEMENT_3D('',#11509,#11510,#11511);
#11509 = CARTESIAN_POINT('',(0.,1.078427250457,1.15));
#11510 = DIRECTION('',(0.,0.,1.));
#11511 = DIRECTION('',(1.,0.,-0.));
#11512 = ADVANCED_FACE('',(#11513,#11578),#11662,.T.);
#11513 = FACE_BOUND('',#11514,.T.);
#11514 = EDGE_LOOP('',(#11515,#11516,#11525,#11526,#11532,#11533,#11542,
    #11543,#11549,#11550,#11559,#11560,#11566,#11567,#11576,#11577));
#11515 = ORIENTED_EDGE('',*,*,#11113,.T.);
#11516 = ORIENTED_EDGE('',*,*,#11517,.T.);
#11517 = EDGE_CURVE('',#11093,#10967,#11518,.T.);
#11518 = B_SPLINE_CURVE_WITH_KNOTS('',3,(#11519,#11520,#11521,#11522,
    #11523,#11524),.UNSPECIFIED.,.F.,.F.,(4,2,4),(0.,0.5,1.),
  .UNSPECIFIED.);
#11519 = CARTESIAN_POINT('',(-0.275,1.135,0.704285397107));
#11520 = CARTESIAN_POINT('',(-0.398646798182,1.135,0.662008278037));
#11521 = CARTESIAN_POINT('',(-0.508332462858,1.135,0.593259961269));
#11522 = CARTESIAN_POINT('',(-0.693749065159,1.135,0.408821566748));
#11523 = CARTESIAN_POINT('',(-0.761497276192,1.135,0.300141312079));
#11524 = CARTESIAN_POINT('',(-0.804285397107,1.135,0.175));
#11525 = ORIENTED_EDGE('',*,*,#10966,.T.);
#11526 = ORIENTED_EDGE('',*,*,#11527,.T.);
#11527 = EDGE_CURVE('',#10957,#10910,#11528,.T.);
#11528 = LINE('',#11529,#11530);
#11529 = CARTESIAN_POINT('',(-1.25,1.135,1.565211035883));
#11530 = VECTOR('',#11531,1.);
#11531 = DIRECTION('',(-0.,0.,-1.));
#11532 = ORIENTED_EDGE('',*,*,#10909,.T.);
#11533 = ORIENTED_EDGE('',*,*,#11534,.T.);
#11534 = EDGE_CURVE('',#10889,#10763,#11535,.T.);
#11535 = B_SPLINE_CURVE_WITH_KNOTS('',3,(#11536,#11537,#11538,#11539,
    #11540,#11541),.UNSPECIFIED.,.F.,.F.,(4,2,4),(0.,0.5,1.),
  .UNSPECIFIED.);
#11536 = CARTESIAN_POINT('',(-0.804285397107,1.135,-0.375));
#11537 = CARTESIAN_POINT('',(-0.762008278037,1.135,-0.498646798182));
#11538 = CARTESIAN_POINT('',(-0.693259961269,1.135,-0.608332462858));
#11539 = CARTESIAN_POINT('',(-0.508821566748,1.135,-0.793749065159));
#11540 = CARTESIAN_POINT('',(-0.400141312079,1.135,-0.861497276192));
#11541 = CARTESIAN_POINT('',(-0.275,1.135,-0.904285397107));
#11542 = ORIENTED_EDGE('',*,*,#10762,.T.);
#11543 = ORIENTED_EDGE('',*,*,#11544,.T.);
#11544 = EDGE_CURVE('',#10753,#10698,#11545,.T.);
#11545 = LINE('',#11546,#11547);
#11546 = CARTESIAN_POINT('',(3.633961487282E-07,1.135,-1.35));
#11547 = VECTOR('',#11548,1.);
#11548 = DIRECTION('',(1.,0.,-0.));
#11549 = ORIENTED_EDGE('',*,*,#10697,.T.);
#11550 = ORIENTED_EDGE('',*,*,#11551,.T.);
#11551 = EDGE_CURVE('',#10677,#10535,#11552,.T.);
#11552 = B_SPLINE_CURVE_WITH_KNOTS('',3,(#11553,#11554,#11555,#11556,
    #11557,#11558),.UNSPECIFIED.,.F.,.F.,(4,2,4),(0.,0.5,1.),
  .UNSPECIFIED.);
#11553 = CARTESIAN_POINT('',(0.275,1.135,-0.904285397107));
#11554 = CARTESIAN_POINT('',(0.398646798182,1.135,-0.862008278037));
#11555 = CARTESIAN_POINT('',(0.508332462858,1.135,-0.793259961269));
#11556 = CARTESIAN_POINT('',(0.693749065159,1.135,-0.608821566748));
#11557 = CARTESIAN_POINT('',(0.761497276192,1.135,-0.500141312079));
#11558 = CARTESIAN_POINT('',(0.804285397107,1.135,-0.375));
#11559 = ORIENTED_EDGE('',*,*,#10534,.T.);
#11560 = ORIENTED_EDGE('',*,*,#11561,.T.);
#11561 = EDGE_CURVE('',#10525,#10470,#11562,.T.);
#11562 = LINE('',#11563,#11564);
#11563 = CARTESIAN_POINT('',(1.25,1.135,1.565211035883));
#11564 = VECTOR('',#11565,1.);
#11565 = DIRECTION('',(0.,-0.,1.));
#11566 = ORIENTED_EDGE('',*,*,#10469,.T.);
#11567 = ORIENTED_EDGE('',*,*,#11568,.T.);
#11568 = EDGE_CURVE('',#10449,#10300,#11569,.T.);
#11569 = B_SPLINE_CURVE_WITH_KNOTS('',3,(#11570,#11571,#11572,#11573,
    #11574,#11575),.UNSPECIFIED.,.F.,.F.,(4,2,4),(0.,0.5,1.),
  .UNSPECIFIED.);
#11570 = CARTESIAN_POINT('',(0.804285397107,1.135,0.175));
#11571 = CARTESIAN_POINT('',(0.762008278037,1.135,0.298646798182));
#11572 = CARTESIAN_POINT('',(0.693259961269,1.135,0.408332462858));
#11573 = CARTESIAN_POINT('',(0.508821566748,1.135,0.593749065159));
#11574 = CARTESIAN_POINT('',(0.400141312079,1.135,0.661497276192));
#11575 = CARTESIAN_POINT('',(0.275,1.135,0.704285397107));
#11576 = ORIENTED_EDGE('',*,*,#10299,.T.);
#11577 = ORIENTED_EDGE('',*,*,#11500,.T.);
#11578 = FACE_BOUND('',#11579,.T.);
#11579 = EDGE_LOOP('',(#11580,#11590,#11599,#11607,#11614,#11615,#11623,
    #11632,#11640,#11648,#11656));
#11580 = ORIENTED_EDGE('',*,*,#11581,.T.);
#11581 = EDGE_CURVE('',#11582,#11584,#11586,.T.);
#11582 = VERTEX_POINT('',#11583);
#11583 = CARTESIAN_POINT('',(0.895183384699,1.135,1.15));
#11584 = VERTEX_POINT('',#11585);
#11585 = CARTESIAN_POINT('',(1.295183384698,1.135,1.15));
#11586 = LINE('',#11587,#11588);
#11587 = CARTESIAN_POINT('',(3.633961487282E-07,1.135,1.15));
#11588 = VECTOR('',#11589,1.);
#11589 = DIRECTION('',(1.,0.,-0.));
#11590 = ORIENTED_EDGE('',*,*,#11591,.T.);
#11591 = EDGE_CURVE('',#11584,#11592,#11594,.T.);
#11592 = VERTEX_POINT('',#11593);
#11593 = CARTESIAN_POINT('',(0.972293851019,1.135,-1.614808458938));
#11594 = CIRCLE('',#11595,1.8);
#11595 = AXIS2_PLACEMENT_3D('',#11596,#11597,#11598);
#11596 = CARTESIAN_POINT('',(1.869904246093E-16,1.135,-0.1));
#11597 = DIRECTION('',(-0.,1.,0.));
#11598 = DIRECTION('',(8.881784197001E-16,0.,-1.));
#11599 = ORIENTED_EDGE('',*,*,#11600,.T.);
#11600 = EDGE_CURVE('',#11592,#11601,#11603,.T.);
#11601 = VERTEX_POINT('',#11602);
#11602 = CARTESIAN_POINT('',(0.352293851019,1.135,-1.614808458938));
#11603 = LINE('',#11604,#11605);
#11604 = CARTESIAN_POINT('',(3.633961487282E-07,1.135,-1.614808458938));
#11605 = VECTOR('',#11606,1.);
#11606 = DIRECTION('',(-1.,-0.,0.));
#11607 = ORIENTED_EDGE('',*,*,#11608,.T.);
#11608 = EDGE_CURVE('',#11601,#8017,#11609,.T.);
#11609 = CIRCLE('',#11610,0.5);
#11610 = AXIS2_PLACEMENT_3D('',#11611,#11612,#11613);
#11611 = CARTESIAN_POINT('',(0.,1.135,-1.26));
#11612 = DIRECTION('',(-0.,1.,0.));
#11613 = DIRECTION('',(0.,0.,-1.));
#11614 = ORIENTED_EDGE('',*,*,#8016,.T.);
#11615 = ORIENTED_EDGE('',*,*,#11616,.T.);
#11616 = EDGE_CURVE('',#8019,#11617,#11619,.T.);
#11617 = VERTEX_POINT('',#11618);
#11618 = CARTESIAN_POINT('',(-0.972293851019,1.135,-1.614808458938));
#11619 = LINE('',#11620,#11621);
#11620 = CARTESIAN_POINT('',(3.633961487282E-07,1.135,-1.614808458938));
#11621 = VECTOR('',#11622,1.);
#11622 = DIRECTION('',(-1.,-0.,0.));
#11623 = ORIENTED_EDGE('',*,*,#11624,.T.);
#11624 = EDGE_CURVE('',#11617,#11625,#11627,.T.);
#11625 = VERTEX_POINT('',#11626);
#11626 = CARTESIAN_POINT('',(-1.295183384698,1.135,1.15));
#11627 = CIRCLE('',#11628,1.8);
#11628 = AXIS2_PLACEMENT_3D('',#11629,#11630,#11631);
#11629 = CARTESIAN_POINT('',(1.869904246093E-16,1.135,-0.1));
#11630 = DIRECTION('',(-0.,1.,0.));
#11631 = DIRECTION('',(0.,0.,-1.));
#11632 = ORIENTED_EDGE('',*,*,#11633,.T.);
#11633 = EDGE_CURVE('',#11625,#11634,#11636,.T.);
#11634 = VERTEX_POINT('',#11635);
#11635 = CARTESIAN_POINT('',(-0.895183384699,1.135,1.15));
#11636 = LINE('',#11637,#11638);
#11637 = CARTESIAN_POINT('',(3.633961487282E-07,1.135,1.15));
#11638 = VECTOR('',#11639,1.);
#11639 = DIRECTION('',(1.,0.,-0.));
#11640 = ORIENTED_EDGE('',*,*,#11641,.T.);
#11641 = EDGE_CURVE('',#11634,#11642,#11644,.T.);
#11642 = VERTEX_POINT('',#11643);
#11643 = CARTESIAN_POINT('',(-0.895183384699,1.135,1.5));
#11644 = LINE('',#11645,#11646);
#11645 = CARTESIAN_POINT('',(-0.895183384699,1.135,1.565211035883));
#11646 = VECTOR('',#11647,1.);
#11647 = DIRECTION('',(0.,-0.,1.));
#11648 = ORIENTED_EDGE('',*,*,#11649,.T.);
#11649 = EDGE_CURVE('',#11642,#11650,#11652,.T.);
#11650 = VERTEX_POINT('',#11651);
#11651 = CARTESIAN_POINT('',(0.895183384699,1.135,1.5));
#11652 = LINE('',#11653,#11654);
#11653 = CARTESIAN_POINT('',(3.633961487282E-07,1.135,1.5));
#11654 = VECTOR('',#11655,1.);
#11655 = DIRECTION('',(1.,0.,-0.));
#11656 = ORIENTED_EDGE('',*,*,#11657,.T.);
#11657 = EDGE_CURVE('',#11650,#11582,#11658,.T.);
#11658 = LINE('',#11659,#11660);
#11659 = CARTESIAN_POINT('',(0.895183384699,1.135,1.565211035883));
#11660 = VECTOR('',#11661,1.);
#11661 = DIRECTION('',(-0.,0.,-1.));
#11662 = PLANE('',#11663);
#11663 = AXIS2_PLACEMENT_3D('',#11664,#11665,#11666);
#11664 = CARTESIAN_POINT('',(3.633961487282E-07,1.135,1.565211035883));
#11665 = DIRECTION('',(0.,1.,0.));
#11666 = DIRECTION('',(0.,-0.,1.));
#11667 = ADVANCED_FACE('',(#11668),#11680,.T.);
#11668 = FACE_BOUND('',#11669,.T.);
#11669 = EDGE_LOOP('',(#11670,#11671,#11678,#11679));
#11670 = ORIENTED_EDGE('',*,*,#10448,.T.);
#11671 = ORIENTED_EDGE('',*,*,#11672,.T.);
#11672 = EDGE_CURVE('',#10441,#10308,#11673,.T.);
#11673 = CIRCLE('',#11674,0.75);
#11674 = AXIS2_PLACEMENT_3D('',#11675,#11676,#11677);
#11675 = CARTESIAN_POINT('',(-8.937295348232E-14,1.035,-0.1));
#11676 = DIRECTION('',(-1.180079066826E-13,-1.,-3.008861534745E-14));
#11677 = DIRECTION('',(2.369020195602E-30,3.008861534745E-14,-1.));
#11678 = ORIENTED_EDGE('',*,*,#10307,.T.);
#11679 = ORIENTED_EDGE('',*,*,#11568,.F.);
#11680 = ( BOUNDED_SURFACE() B_SPLINE_SURFACE(3,3,(
    (#11681,#11682,#11683,#11684)
    ,(#11685,#11686,#11687,#11688)
    ,(#11689,#11690,#11691,#11692)
    ,(#11693,#11694,#11695,#11696
)),.UNSPECIFIED.,.F.,.F.,.F.) B_SPLINE_SURFACE_WITH_KNOTS((4,4),(4,4),(
    0.,1.),(0.,1.),.PIECEWISE_BEZIER_KNOTS.) 
GEOMETRIC_REPRESENTATION_ITEM() RATIONAL_B_SPLINE_SURFACE((
    (1.,0.930283072694,0.930283072694,1.)
    ,(0.804737854125,0.748634003648,0.748634003648,0.804737854125)
    ,(0.804737854125,0.748634003648,0.748634003648,0.804737854125)
,(1.,0.930283072694,0.930283072694,1.
))) REPRESENTATION_ITEM('') SURFACE() );
#11681 = CARTESIAN_POINT('',(0.805777956852,1.135,0.170595425409));
#11682 = CARTESIAN_POINT('',(0.71944391401,1.135,0.427680586928));
#11683 = CARTESIAN_POINT('',(0.527680586928,1.135,0.61944391401));
#11684 = CARTESIAN_POINT('',(0.270595425409,1.135,0.705777956852));
#11685 = CARTESIAN_POINT('',(0.750246921691,1.135,0.151947057139));
#11686 = CARTESIAN_POINT('',(0.669862680191,1.135,0.391314924432));
#11687 = CARTESIAN_POINT('',(0.491314924432,1.135,0.569862680191));
#11688 = CARTESIAN_POINT('',(0.251947057139,1.135,0.650246921691));
#11689 = CARTESIAN_POINT('',(0.710980550163,1.093578643763,
    0.138760669478));
#11690 = CARTESIAN_POINT('',(0.634803453538,1.093578643763,
    0.365600517878));
#11691 = CARTESIAN_POINT('',(0.465600517878,1.093578643763,
    0.534803453538));
#11692 = CARTESIAN_POINT('',(0.238760669478,1.093578643763,
    0.610980550163));
#11693 = CARTESIAN_POINT('',(0.710980550163,1.035,0.138760669478));
#11694 = CARTESIAN_POINT('',(0.634803453538,1.035,0.365600517878));
#11695 = CARTESIAN_POINT('',(0.465600517878,1.035,0.534803453538));
#11696 = CARTESIAN_POINT('',(0.238760669478,1.035,0.610980550163));
#11697 = ADVANCED_FACE('',(#11698),#11718,.F.);
#11698 = FACE_BOUND('',#11699,.F.);
#11699 = EDGE_LOOP('',(#11700,#11701,#11702,#11703,#11704,#11711,#11712,
    #11713,#11714,#11715,#11716,#11717));
#11700 = ORIENTED_EDGE('',*,*,#7613,.T.);
#11701 = ORIENTED_EDGE('',*,*,#7958,.F.);
#11702 = ORIENTED_EDGE('',*,*,#10734,.T.);
#11703 = ORIENTED_EDGE('',*,*,#10668,.F.);
#11704 = ORIENTED_EDGE('',*,*,#11705,.T.);
#11705 = EDGE_CURVE('',#10669,#10543,#11706,.T.);
#11706 = CIRCLE('',#11707,0.75);
#11707 = AXIS2_PLACEMENT_3D('',#11708,#11709,#11710);
#11708 = CARTESIAN_POINT('',(2.248201624866E-14,1.035,-0.1));
#11709 = DIRECTION('',(0.,-1.,0.));
#11710 = DIRECTION('',(0.,0.,-1.));
#11711 = ORIENTED_EDGE('',*,*,#10563,.F.);
#11712 = ORIENTED_EDGE('',*,*,#10507,.T.);
#11713 = ORIENTED_EDGE('',*,*,#10440,.F.);
#11714 = ORIENTED_EDGE('',*,*,#11672,.T.);
#11715 = ORIENTED_EDGE('',*,*,#10328,.F.);
#11716 = ORIENTED_EDGE('',*,*,#11144,.T.);
#11717 = ORIENTED_EDGE('',*,*,#7971,.T.);
#11718 = CYLINDRICAL_SURFACE('',#11719,0.75);
#11719 = AXIS2_PLACEMENT_3D('',#11720,#11721,#11722);
#11720 = CARTESIAN_POINT('',(2.248201624866E-14,0.728427250457,-0.1));
#11721 = DIRECTION('',(0.,-1.,0.));
#11722 = DIRECTION('',(0.,0.,-1.));
#11723 = ADVANCED_FACE('',(#11724),#11730,.F.);
#11724 = FACE_BOUND('',#11725,.T.);
#11725 = EDGE_LOOP('',(#11726,#11727,#11728,#11729));
#11726 = ORIENTED_EDGE('',*,*,#10477,.T.);
#11727 = ORIENTED_EDGE('',*,*,#11561,.F.);
#11728 = ORIENTED_EDGE('',*,*,#10524,.T.);
#11729 = ORIENTED_EDGE('',*,*,#11382,.T.);
#11730 = PLANE('',#11731);
#11731 = AXIS2_PLACEMENT_3D('',#11732,#11733,#11734);
#11732 = CARTESIAN_POINT('',(1.25,1.078427250457,-9.999999999999E-02));
#11733 = DIRECTION('',(1.,-0.,0.));
#11734 = DIRECTION('',(0.,0.,-1.));
#11735 = ADVANCED_FACE('',(#11736),#11742,.T.);
#11736 = FACE_BOUND('',#11737,.T.);
#11737 = EDGE_LOOP('',(#11738,#11739,#11740,#11741));
#11738 = ORIENTED_EDGE('',*,*,#10676,.T.);
#11739 = ORIENTED_EDGE('',*,*,#11705,.T.);
#11740 = ORIENTED_EDGE('',*,*,#10542,.T.);
#11741 = ORIENTED_EDGE('',*,*,#11551,.F.);
#11742 = ( BOUNDED_SURFACE() B_SPLINE_SURFACE(3,3,(
    (#11743,#11744,#11745,#11746)
    ,(#11747,#11748,#11749,#11750)
    ,(#11751,#11752,#11753,#11754)
    ,(#11755,#11756,#11757,#11758
)),.UNSPECIFIED.,.F.,.F.,.F.) B_SPLINE_SURFACE_WITH_KNOTS((4,4),(4,4),(
    0.,1.),(0.,1.),.PIECEWISE_BEZIER_KNOTS.) 
GEOMETRIC_REPRESENTATION_ITEM() RATIONAL_B_SPLINE_SURFACE((
    (1.,0.930283072694,0.930283072694,1.)
    ,(0.804737854125,0.748634003649,0.748634003649,0.804737854125)
    ,(0.804737854125,0.748634003649,0.748634003649,0.804737854125)
,(1.,0.930283072694,0.930283072694,1.
))) REPRESENTATION_ITEM('') SURFACE() );
#11743 = CARTESIAN_POINT('',(0.270595425409,1.135,-0.905777956852));
#11744 = CARTESIAN_POINT('',(0.527680586928,1.135,-0.81944391401));
#11745 = CARTESIAN_POINT('',(0.71944391401,1.135,-0.627680586928));
#11746 = CARTESIAN_POINT('',(0.805777956852,1.135,-0.370595425409));
#11747 = CARTESIAN_POINT('',(0.251947057139,1.135,-0.850246921691));
#11748 = CARTESIAN_POINT('',(0.491314924432,1.135,-0.769862680191));
#11749 = CARTESIAN_POINT('',(0.669862680191,1.135,-0.591314924432));
#11750 = CARTESIAN_POINT('',(0.750246921691,1.135,-0.351947057139));
#11751 = CARTESIAN_POINT('',(0.238760669478,1.093578643763,
    -0.810980550163));
#11752 = CARTESIAN_POINT('',(0.465600517878,1.093578643763,
    -0.734803453538));
#11753 = CARTESIAN_POINT('',(0.634803453538,1.093578643763,
    -0.565600517878));
#11754 = CARTESIAN_POINT('',(0.710980550163,1.093578643763,
    -0.338760669478));
#11755 = CARTESIAN_POINT('',(0.238760669478,1.035,-0.810980550163));
#11756 = CARTESIAN_POINT('',(0.465600517878,1.035,-0.734803453538));
#11757 = CARTESIAN_POINT('',(0.634803453538,1.035,-0.565600517878));
#11758 = CARTESIAN_POINT('',(0.710980550163,1.035,-0.338760669478));
#11759 = ADVANCED_FACE('',(#11760),#11766,.F.);
#11760 = FACE_BOUND('',#11761,.T.);
#11761 = EDGE_LOOP('',(#11762,#11763,#11764,#11765));
#11762 = ORIENTED_EDGE('',*,*,#10705,.T.);
#11763 = ORIENTED_EDGE('',*,*,#11544,.F.);
#11764 = ORIENTED_EDGE('',*,*,#10752,.T.);
#11765 = ORIENTED_EDGE('',*,*,#11391,.T.);
#11766 = PLANE('',#11767);
#11767 = AXIS2_PLACEMENT_3D('',#11768,#11769,#11770);
#11768 = CARTESIAN_POINT('',(0.,1.078427250457,-1.35));
#11769 = DIRECTION('',(0.,0.,-1.));
#11770 = DIRECTION('',(-1.,0.,-0.));
#11771 = ADVANCED_FACE('',(#11772),#11778,.T.);
#11772 = FACE_BOUND('',#11773,.T.);
#11773 = EDGE_LOOP('',(#11774,#11775,#11776,#11777));
#11774 = ORIENTED_EDGE('',*,*,#10888,.T.);
#11775 = ORIENTED_EDGE('',*,*,#7932,.T.);
#11776 = ORIENTED_EDGE('',*,*,#10770,.T.);
#11777 = ORIENTED_EDGE('',*,*,#11534,.F.);
#11778 = ( BOUNDED_SURFACE() B_SPLINE_SURFACE(3,3,(
    (#11779,#11780,#11781,#11782)
    ,(#11783,#11784,#11785,#11786)
    ,(#11787,#11788,#11789,#11790)
    ,(#11791,#11792,#11793,#11794
)),.UNSPECIFIED.,.F.,.F.,.F.) B_SPLINE_SURFACE_WITH_KNOTS((4,4),(4,4),(
    0.,1.),(0.,1.),.PIECEWISE_BEZIER_KNOTS.) 
GEOMETRIC_REPRESENTATION_ITEM() RATIONAL_B_SPLINE_SURFACE((
    (1.,0.930283072694,0.930283072694,1.)
    ,(0.804737854125,0.748634003648,0.748634003648,0.804737854125)
    ,(0.804737854125,0.748634003648,0.748634003648,0.804737854125)
,(1.,0.930283072694,0.930283072694,1.
))) REPRESENTATION_ITEM('') SURFACE() );
#11779 = CARTESIAN_POINT('',(-0.805777956852,1.135,-0.370595425409));
#11780 = CARTESIAN_POINT('',(-0.71944391401,1.135,-0.627680586928));
#11781 = CARTESIAN_POINT('',(-0.527680586928,1.135,-0.81944391401));
#11782 = CARTESIAN_POINT('',(-0.270595425409,1.135,-0.905777956852));
#11783 = CARTESIAN_POINT('',(-0.750246921691,1.135,-0.351947057139));
#11784 = CARTESIAN_POINT('',(-0.669862680191,1.135,-0.591314924432));
#11785 = CARTESIAN_POINT('',(-0.491314924432,1.135,-0.769862680191));
#11786 = CARTESIAN_POINT('',(-0.251947057139,1.135,-0.850246921691));
#11787 = CARTESIAN_POINT('',(-0.710980550163,1.093578643763,
    -0.338760669478));
#11788 = CARTESIAN_POINT('',(-0.634803453538,1.093578643763,
    -0.565600517878));
#11789 = CARTESIAN_POINT('',(-0.465600517878,1.093578643763,
    -0.734803453538));
#11790 = CARTESIAN_POINT('',(-0.238760669478,1.093578643763,
    -0.810980550163));
#11791 = CARTESIAN_POINT('',(-0.710980550163,1.035,-0.338760669478));
#11792 = CARTESIAN_POINT('',(-0.634803453538,1.035,-0.565600517878));
#11793 = CARTESIAN_POINT('',(-0.465600517878,1.035,-0.734803453538));
#11794 = CARTESIAN_POINT('',(-0.238760669478,1.035,-0.810980550163));
#11795 = ADVANCED_FACE('',(#11796),#11802,.F.);
#11796 = FACE_BOUND('',#11797,.T.);
#11797 = EDGE_LOOP('',(#11798,#11799,#11800,#11801));
#11798 = ORIENTED_EDGE('',*,*,#10917,.T.);
#11799 = ORIENTED_EDGE('',*,*,#11527,.F.);
#11800 = ORIENTED_EDGE('',*,*,#10956,.T.);
#11801 = ORIENTED_EDGE('',*,*,#11400,.T.);
#11802 = PLANE('',#11803);
#11803 = AXIS2_PLACEMENT_3D('',#11804,#11805,#11806);
#11804 = CARTESIAN_POINT('',(-1.25,1.078427250457,-9.999999999999E-02));
#11805 = DIRECTION('',(-1.,0.,0.));
#11806 = DIRECTION('',(0.,0.,1.));
#11807 = ADVANCED_FACE('',(#11808),#11814,.T.);
#11808 = FACE_BOUND('',#11809,.T.);
#11809 = EDGE_LOOP('',(#11810,#11811,#11812,#11813));
#11810 = ORIENTED_EDGE('',*,*,#11092,.T.);
#11811 = ORIENTED_EDGE('',*,*,#7898,.T.);
#11812 = ORIENTED_EDGE('',*,*,#10974,.T.);
#11813 = ORIENTED_EDGE('',*,*,#11517,.F.);
#11814 = ( BOUNDED_SURFACE() B_SPLINE_SURFACE(3,3,(
    (#11815,#11816,#11817,#11818)
    ,(#11819,#11820,#11821,#11822)
    ,(#11823,#11824,#11825,#11826)
    ,(#11827,#11828,#11829,#11830
)),.UNSPECIFIED.,.F.,.F.,.F.) B_SPLINE_SURFACE_WITH_KNOTS((4,4),(4,4),(
    0.,1.),(0.,1.),.PIECEWISE_BEZIER_KNOTS.) 
GEOMETRIC_REPRESENTATION_ITEM() RATIONAL_B_SPLINE_SURFACE((
    (1.,0.930283072694,0.930283072694,1.)
    ,(0.804737854125,0.748634003648,0.748634003648,0.804737854125)
    ,(0.804737854125,0.748634003648,0.748634003648,0.804737854125)
,(1.,0.930283072694,0.930283072694,1.
))) REPRESENTATION_ITEM('') SURFACE() );
#11815 = CARTESIAN_POINT('',(-0.270595425409,1.135,0.705777956852));
#11816 = CARTESIAN_POINT('',(-0.527680586928,1.135,0.61944391401));
#11817 = CARTESIAN_POINT('',(-0.71944391401,1.135,0.427680586928));
#11818 = CARTESIAN_POINT('',(-0.805777956852,1.135,0.170595425409));
#11819 = CARTESIAN_POINT('',(-0.251947057139,1.135,0.650246921691));
#11820 = CARTESIAN_POINT('',(-0.491314924432,1.135,0.569862680191));
#11821 = CARTESIAN_POINT('',(-0.669862680191,1.135,0.391314924432));
#11822 = CARTESIAN_POINT('',(-0.750246921691,1.135,0.151947057139));
#11823 = CARTESIAN_POINT('',(-0.238760669478,1.093578643763,
    0.610980550163));
#11824 = CARTESIAN_POINT('',(-0.465600517878,1.093578643763,
    0.534803453538));
#11825 = CARTESIAN_POINT('',(-0.634803453538,1.093578643763,
    0.365600517878));
#11826 = CARTESIAN_POINT('',(-0.710980550163,1.093578643763,
    0.138760669478));
#11827 = CARTESIAN_POINT('',(-0.238760669478,1.035,0.610980550163));
#11828 = CARTESIAN_POINT('',(-0.465600517878,1.035,0.534803453538));
#11829 = CARTESIAN_POINT('',(-0.634803453538,1.035,0.365600517878));
#11830 = CARTESIAN_POINT('',(-0.710980550163,1.035,0.138760669478));
#11831 = ADVANCED_FACE('',(#11832),#11838,.T.);
#11832 = FACE_BOUND('',#11833,.T.);
#11833 = EDGE_LOOP('',(#11834,#11835,#11836,#11837));
#11834 = ORIENTED_EDGE('',*,*,#11240,.F.);
#11835 = ORIENTED_EDGE('',*,*,#11324,.F.);
#11836 = ORIENTED_EDGE('',*,*,#11163,.F.);
#11837 = ORIENTED_EDGE('',*,*,#11200,.F.);
#11838 = PLANE('',#11839);
#11839 = AXIS2_PLACEMENT_3D('',#11840,#11841,#11842);
#11840 = CARTESIAN_POINT('',(0.,1.1,-1.906572749543));
#11841 = DIRECTION('',(0.,1.,0.));
#11842 = DIRECTION('',(0.,-0.,1.));
#11843 = ADVANCED_FACE('',(#11844),#11856,.F.);
#11844 = FACE_BOUND('',#11845,.F.);
#11845 = EDGE_LOOP('',(#11846,#11853,#11854,#11855));
#11846 = ORIENTED_EDGE('',*,*,#11847,.T.);
#11847 = EDGE_CURVE('',#7687,#7685,#11848,.T.);
#11848 = CIRCLE('',#11849,0.3175);
#11849 = AXIS2_PLACEMENT_3D('',#11850,#11851,#11852);
#11850 = CARTESIAN_POINT('',(8.017418860344E-17,0.685,-0.1));
#11851 = DIRECTION('',(0.,-1.,0.));
#11852 = DIRECTION('',(0.,0.,1.));
#11853 = ORIENTED_EDGE('',*,*,#7994,.F.);
#11854 = ORIENTED_EDGE('',*,*,#11344,.T.);
#11855 = ORIENTED_EDGE('',*,*,#8001,.T.);
#11856 = CYLINDRICAL_SURFACE('',#11857,0.3175);
#11857 = AXIS2_PLACEMENT_3D('',#11858,#11859,#11860);
#11858 = CARTESIAN_POINT('',(8.017418860344E-17,0.69516,-0.1));
#11859 = DIRECTION('',(0.,1.,0.));
#11860 = DIRECTION('',(0.,-0.,1.));
#11861 = ADVANCED_FACE('',(#11862),#11878,.F.);
#11862 = FACE_BOUND('',#11863,.T.);
#11863 = EDGE_LOOP('',(#11864,#11870,#11871,#11877));
#11864 = ORIENTED_EDGE('',*,*,#11865,.F.);
#11865 = EDGE_CURVE('',#11601,#11477,#11866,.T.);
#11866 = LINE('',#11867,#11868);
#11867 = CARTESIAN_POINT('',(0.352293851019,1.078427250457,
    -1.614808458938));
#11868 = VECTOR('',#11869,1.);
#11869 = DIRECTION('',(0.,-1.,-0.));
#11870 = ORIENTED_EDGE('',*,*,#11600,.F.);
#11871 = ORIENTED_EDGE('',*,*,#11872,.F.);
#11872 = EDGE_CURVE('',#11412,#11592,#11873,.T.);
#11873 = LINE('',#11874,#11875);
#11874 = CARTESIAN_POINT('',(0.97229385102,1.078427250457,
    -1.614808458938));
#11875 = VECTOR('',#11876,1.);
#11876 = DIRECTION('',(-0.,1.,0.));
#11877 = ORIENTED_EDGE('',*,*,#11485,.T.);
#11878 = PLANE('',#11879);
#11879 = AXIS2_PLACEMENT_3D('',#11880,#11881,#11882);
#11880 = CARTESIAN_POINT('',(0.66229385102,1.078427250457,
    -1.614808458938));
#11881 = DIRECTION('',(0.,0.,1.));
#11882 = DIRECTION('',(1.,0.,-0.));
#11883 = ADVANCED_FACE('',(#11884),#11895,.T.);
#11884 = FACE_BOUND('',#11885,.T.);
#11885 = EDGE_LOOP('',(#11886,#11892,#11893,#11894));
#11886 = ORIENTED_EDGE('',*,*,#11887,.T.);
#11887 = EDGE_CURVE('',#11584,#11410,#11888,.T.);
#11888 = LINE('',#11889,#11890);
#11889 = CARTESIAN_POINT('',(1.295183384698,1.078427250457,
    1.149999999999));
#11890 = VECTOR('',#11891,1.);
#11891 = DIRECTION('',(0.,-1.,0.));
#11892 = ORIENTED_EDGE('',*,*,#11409,.T.);
#11893 = ORIENTED_EDGE('',*,*,#11872,.T.);
#11894 = ORIENTED_EDGE('',*,*,#11591,.F.);
#11895 = CYLINDRICAL_SURFACE('',#11896,1.8);
#11896 = AXIS2_PLACEMENT_3D('',#11897,#11898,#11899);
#11897 = CARTESIAN_POINT('',(1.869904246093E-16,1.078427250457,-0.1));
#11898 = DIRECTION('',(0.,-1.,0.));
#11899 = DIRECTION('',(0.,0.,-1.));
#11900 = ADVANCED_FACE('',(#11901),#11912,.F.);
#11901 = FACE_BOUND('',#11902,.T.);
#11902 = EDGE_LOOP('',(#11903,#11904,#11905,#11911));
#11903 = ORIENTED_EDGE('',*,*,#11887,.F.);
#11904 = ORIENTED_EDGE('',*,*,#11581,.F.);
#11905 = ORIENTED_EDGE('',*,*,#11906,.F.);
#11906 = EDGE_CURVE('',#11421,#11582,#11907,.T.);
#11907 = LINE('',#11908,#11909);
#11908 = CARTESIAN_POINT('',(0.895183384699,1.078427250457,1.15));
#11909 = VECTOR('',#11910,1.);
#11910 = DIRECTION('',(0.,1.,0.));
#11911 = ORIENTED_EDGE('',*,*,#11420,.T.);
#11912 = PLANE('',#11913);
#11913 = AXIS2_PLACEMENT_3D('',#11914,#11915,#11916);
#11914 = CARTESIAN_POINT('',(1.095183384699,1.078427250457,1.15));
#11915 = DIRECTION('',(0.,0.,-1.));
#11916 = DIRECTION('',(-1.,0.,-0.));
#11917 = ADVANCED_FACE('',(#11918),#11929,.F.);
#11918 = FACE_BOUND('',#11919,.T.);
#11919 = EDGE_LOOP('',(#11920,#11921,#11922,#11928));
#11920 = ORIENTED_EDGE('',*,*,#11906,.T.);
#11921 = ORIENTED_EDGE('',*,*,#11657,.F.);
#11922 = ORIENTED_EDGE('',*,*,#11923,.F.);
#11923 = EDGE_CURVE('',#11429,#11650,#11924,.T.);
#11924 = LINE('',#11925,#11926);
#11925 = CARTESIAN_POINT('',(0.895183384699,1.078427250457,1.5));
#11926 = VECTOR('',#11927,1.);
#11927 = DIRECTION('',(0.,1.,-0.));
#11928 = ORIENTED_EDGE('',*,*,#11428,.T.);
#11929 = PLANE('',#11930);
#11930 = AXIS2_PLACEMENT_3D('',#11931,#11932,#11933);
#11931 = CARTESIAN_POINT('',(0.895183384699,1.078427250457,1.325));
#11932 = DIRECTION('',(-1.,0.,0.));
#11933 = DIRECTION('',(0.,0.,1.));
#11934 = ADVANCED_FACE('',(#11935),#11946,.T.);
#11935 = FACE_BOUND('',#11936,.T.);
#11936 = EDGE_LOOP('',(#11937,#11938,#11939,#11940));
#11937 = ORIENTED_EDGE('',*,*,#11436,.T.);
#11938 = ORIENTED_EDGE('',*,*,#11923,.T.);
#11939 = ORIENTED_EDGE('',*,*,#11649,.F.);
#11940 = ORIENTED_EDGE('',*,*,#11941,.T.);
#11941 = EDGE_CURVE('',#11642,#11437,#11942,.T.);
#11942 = LINE('',#11943,#11944);
#11943 = CARTESIAN_POINT('',(-0.895183384699,1.141572749543,1.5));
#11944 = VECTOR('',#11945,1.);
#11945 = DIRECTION('',(0.,-1.,-0.));
#11946 = PLANE('',#11947);
#11947 = AXIS2_PLACEMENT_3D('',#11948,#11949,#11950);
#11948 = CARTESIAN_POINT('',(0.,1.141572749543,1.5));
#11949 = DIRECTION('',(0.,0.,1.));
#11950 = DIRECTION('',(1.,0.,-0.));
#11951 = ADVANCED_FACE('',(#11952),#11963,.F.);
#11952 = FACE_BOUND('',#11953,.T.);
#11953 = EDGE_LOOP('',(#11954,#11960,#11961,#11962));
#11954 = ORIENTED_EDGE('',*,*,#11955,.F.);
#11955 = EDGE_CURVE('',#11445,#11634,#11956,.T.);
#11956 = LINE('',#11957,#11958);
#11957 = CARTESIAN_POINT('',(-0.895183384699,1.078427250457,1.15));
#11958 = VECTOR('',#11959,1.);
#11959 = DIRECTION('',(0.,1.,0.));
#11960 = ORIENTED_EDGE('',*,*,#11444,.T.);
#11961 = ORIENTED_EDGE('',*,*,#11941,.F.);
#11962 = ORIENTED_EDGE('',*,*,#11641,.F.);
#11963 = PLANE('',#11964);
#11964 = AXIS2_PLACEMENT_3D('',#11965,#11966,#11967);
#11965 = CARTESIAN_POINT('',(-0.895183384699,1.078427250457,1.325));
#11966 = DIRECTION('',(1.,-0.,0.));
#11967 = DIRECTION('',(0.,0.,-1.));
#11968 = ADVANCED_FACE('',(#11969),#11980,.F.);
#11969 = FACE_BOUND('',#11970,.T.);
#11970 = EDGE_LOOP('',(#11971,#11972,#11973,#11979));
#11971 = ORIENTED_EDGE('',*,*,#11955,.T.);
#11972 = ORIENTED_EDGE('',*,*,#11633,.F.);
#11973 = ORIENTED_EDGE('',*,*,#11974,.F.);
#11974 = EDGE_CURVE('',#11453,#11625,#11975,.T.);
#11975 = LINE('',#11976,#11977);
#11976 = CARTESIAN_POINT('',(-1.295183384699,1.078427250457,1.15));
#11977 = VECTOR('',#11978,1.);
#11978 = DIRECTION('',(0.,1.,0.));
#11979 = ORIENTED_EDGE('',*,*,#11452,.T.);
#11980 = PLANE('',#11981);
#11981 = AXIS2_PLACEMENT_3D('',#11982,#11983,#11984);
#11982 = CARTESIAN_POINT('',(-1.095183384699,1.078427250457,1.15));
#11983 = DIRECTION('',(0.,0.,-1.));
#11984 = DIRECTION('',(-1.,0.,-0.));
#11985 = ADVANCED_FACE('',(#11986),#11997,.T.);
#11986 = FACE_BOUND('',#11987,.T.);
#11987 = EDGE_LOOP('',(#11988,#11989,#11990,#11996));
#11988 = ORIENTED_EDGE('',*,*,#11974,.T.);
#11989 = ORIENTED_EDGE('',*,*,#11624,.F.);
#11990 = ORIENTED_EDGE('',*,*,#11991,.T.);
#11991 = EDGE_CURVE('',#11617,#11461,#11992,.T.);
#11992 = LINE('',#11993,#11994);
#11993 = CARTESIAN_POINT('',(-0.972293851019,1.078427250457,
    -1.614808458938));
#11994 = VECTOR('',#11995,1.);
#11995 = DIRECTION('',(0.,-1.,0.));
#11996 = ORIENTED_EDGE('',*,*,#11460,.T.);
#11997 = CYLINDRICAL_SURFACE('',#11998,1.8);
#11998 = AXIS2_PLACEMENT_3D('',#11999,#12000,#12001);
#11999 = CARTESIAN_POINT('',(1.869904246093E-16,1.078427250457,-0.1));
#12000 = DIRECTION('',(0.,-1.,0.));
#12001 = DIRECTION('',(0.,0.,-1.));
#12002 = ADVANCED_FACE('',(#12003),#12009,.F.);
#12003 = FACE_BOUND('',#12004,.T.);
#12004 = EDGE_LOOP('',(#12005,#12006,#12007,#12008));
#12005 = ORIENTED_EDGE('',*,*,#11991,.F.);
#12006 = ORIENTED_EDGE('',*,*,#11616,.F.);
#12007 = ORIENTED_EDGE('',*,*,#8044,.F.);
#12008 = ORIENTED_EDGE('',*,*,#11469,.T.);
#12009 = PLANE('',#12010);
#12010 = AXIS2_PLACEMENT_3D('',#12011,#12012,#12013);
#12011 = CARTESIAN_POINT('',(-0.66229385102,1.078427250457,
    -1.614808458938));
#12012 = DIRECTION('',(0.,0.,1.));
#12013 = DIRECTION('',(1.,0.,-0.));
#12014 = ADVANCED_FACE('',(#12015),#12021,.T.);
#12015 = FACE_BOUND('',#12016,.T.);
#12016 = EDGE_LOOP('',(#12017,#12018,#12019,#12020));
#12017 = ORIENTED_EDGE('',*,*,#8027,.F.);
#12018 = ORIENTED_EDGE('',*,*,#11608,.F.);
#12019 = ORIENTED_EDGE('',*,*,#11865,.T.);
#12020 = ORIENTED_EDGE('',*,*,#11476,.T.);
#12021 = CYLINDRICAL_SURFACE('',#12022,0.5);
#12022 = AXIS2_PLACEMENT_3D('',#12023,#12024,#12025);
#12023 = CARTESIAN_POINT('',(0.,1.078427250457,-1.26));
#12024 = DIRECTION('',(0.,-1.,0.));
#12025 = DIRECTION('',(0.,0.,-1.));
#12026 = ADVANCED_FACE('',(#12027),#12065,.F.);
#12027 = FACE_BOUND('',#12028,.F.);
#12028 = EDGE_LOOP('',(#12029,#12030,#12031,#12064));
#12029 = ORIENTED_EDGE('',*,*,#7964,.F.);
#12030 = ORIENTED_EDGE('',*,*,#7602,.F.);
#12031 = ORIENTED_EDGE('',*,*,#12032,.T.);
#12032 = EDGE_CURVE('',#7603,#7623,#12033,.T.);
#12033 = B_SPLINE_CURVE_WITH_KNOTS('',3,(#12034,#12035,#12036,#12037,
    #12038,#12039,#12040,#12041,#12042,#12043,#12044,#12045,#12046,
    #12047,#12048,#12049,#12050,#12051,#12052,#12053,#12054,#12055,
    #12056,#12057,#12058,#12059,#12060,#12061,#12062,#12063),
  .UNSPECIFIED.,.F.,.F.,(4,1,2,2,2,1,2,2,2,1,2,2,2,1,2,2,4),(0.,
    3.125E-02,4.6875E-02,6.25E-02,0.125,0.15625,0.171875,0.1875,0.25,
    0.28125,0.296875,0.3125,0.375,0.40625,0.421875,0.4375,0.5),
  .UNSPECIFIED.);
#12034 = CARTESIAN_POINT('',(-4.454641719253E-14,0.685,-0.8));
#12035 = CARTESIAN_POINT('',(-4.441749411034E-02,0.685,-0.8));
#12036 = CARTESIAN_POINT('',(-0.10993890178,0.685,-0.793856476343));
#12037 = CARTESIAN_POINT('',(-0.173803059205,0.685,-0.7784976672));
#12038 = CARTESIAN_POINT('',(-0.216010886323,0.685,-0.766210619886));
#12039 = CARTESIAN_POINT('',(-0.235275606073,0.685,-0.75969698526));
#12040 = CARTESIAN_POINT('',(-0.347229059176,0.685,-0.715471112681));
#12041 = CARTESIAN_POINT('',(-0.426829051439,0.685,-0.663015680146));
#12042 = CARTESIAN_POINT('',(-0.529047594526,0.685,-0.560954280173));
#12043 = CARTESIAN_POINT('',(-0.574086863288,0.685,-0.505775373912));
#12044 = CARTESIAN_POINT('',(-0.610021127874,0.685,-0.444374158241));
#12045 = CARTESIAN_POINT('',(-0.631953970005,0.685,-0.402057279036));
#12046 = CARTESIAN_POINT('',(-0.642677376747,0.685,-0.378270071598));
#12047 = CARTESIAN_POINT('',(-0.68354954673,0.685,-0.275251197076));
#12048 = CARTESIAN_POINT('',(-0.699932805114,0.685,-0.188664890967));
#12049 = CARTESIAN_POINT('',(-0.700033597443,0.685,-5.566755451656E-02)
  );
#12050 = CARTESIAN_POINT('',(-0.693915271868,0.685,9.790066682694E-03));
#12051 = CARTESIAN_POINT('',(-0.678543863684,0.685,7.368611734306E-02));
#12052 = CARTESIAN_POINT('',(-0.666240017649,0.685,0.115936468775));
#12053 = CARTESIAN_POINT('',(-0.659696985259,0.685,0.135275606073));
#12054 = CARTESIAN_POINT('',(-0.615471112681,0.685,0.247229059176));
#12055 = CARTESIAN_POINT('',(-0.563015680146,0.685,0.326829051439));
#12056 = CARTESIAN_POINT('',(-0.460954280173,0.685,0.429047594526));
#12057 = CARTESIAN_POINT('',(-0.405775373912,0.685,0.474086863288));
#12058 = CARTESIAN_POINT('',(-0.344374158241,0.685,0.510021127874));
#12059 = CARTESIAN_POINT('',(-0.302057279036,0.685,0.531953970005));
#12060 = CARTESIAN_POINT('',(-0.278270071598,0.685,0.542677376747));
#12061 = CARTESIAN_POINT('',(-0.175251197076,0.685,0.58354954673));
#12062 = CARTESIAN_POINT('',(-8.866489096687E-02,0.685,0.599932805114));
#12063 = CARTESIAN_POINT('',(-4.461197477181E-14,0.685,0.6));
#12064 = ORIENTED_EDGE('',*,*,#7622,.T.);
#12065 = ( BOUNDED_SURFACE() B_SPLINE_SURFACE(3,3,(
    (#12066,#12067,#12068,#12069)
    ,(#12070,#12071,#12072,#12073)
    ,(#12074,#12075,#12076,#12077)
    ,(#12078,#12079,#12080,#12081
)),.UNSPECIFIED.,.F.,.F.,.F.) B_SPLINE_SURFACE_WITH_KNOTS((4,4),(4,4),(
    0.,1.),(0.,1.),.PIECEWISE_BEZIER_KNOTS.) 
GEOMETRIC_REPRESENTATION_ITEM() RATIONAL_B_SPLINE_SURFACE((
    (1.,0.333333333333,0.333333333333,1.)
    ,(0.804737854123,0.268245951374,0.268245951374,0.804737854123)
    ,(0.804737854123,0.268245951374,0.268245951374,0.804737854123)
,(1.,0.333333333333,0.333333333333,1.
))) REPRESENTATION_ITEM('') SURFACE() );
#12066 = CARTESIAN_POINT('',(2.725544602964E-14,0.685,0.6));
#12067 = CARTESIAN_POINT('',(-1.400000000001,0.685,0.6));
#12068 = CARTESIAN_POINT('',(-1.400000000001,0.685,-0.8));
#12069 = CARTESIAN_POINT('',(2.699827020182E-14,0.685,-0.8));
#12070 = CARTESIAN_POINT('',(3.212367779453E-14,0.685,0.629289321881));
#12071 = CARTESIAN_POINT('',(-1.458578643763,0.685,0.629289321882));
#12072 = CARTESIAN_POINT('',(-1.458578643763,0.684999999999,
    -0.829289321882));
#12073 = CARTESIAN_POINT('',(3.185574124442E-14,0.685,-0.829289321881));
#12074 = CARTESIAN_POINT('',(3.019025170664E-14,0.705710678119,0.65));
#12075 = CARTESIAN_POINT('',(-1.500000000001,0.705710678118,0.65));
#12076 = CARTESIAN_POINT('',(-1.500000000001,0.705710678118,-0.85));
#12077 = CARTESIAN_POINT('',(2.991470617683E-14,0.705710678118,-0.85));
#12078 = CARTESIAN_POINT('',(2.258774254641E-14,0.735,0.65));
#12079 = CARTESIAN_POINT('',(-1.500000000001,0.734999999999,0.65));
#12080 = CARTESIAN_POINT('',(-1.500000000001,0.734999999999,-0.85));
#12081 = CARTESIAN_POINT('',(2.23121970166E-14,0.735,-0.85));
#12082 = ADVANCED_FACE('',(#12083),#12095,.T.);
#12083 = FACE_BOUND('',#12084,.T.);
#12084 = EDGE_LOOP('',(#12085,#12086,#12087,#12088));
#12085 = ORIENTED_EDGE('',*,*,#7695,.F.);
#12086 = ORIENTED_EDGE('',*,*,#11847,.T.);
#12087 = ORIENTED_EDGE('',*,*,#7713,.T.);
#12088 = ORIENTED_EDGE('',*,*,#12089,.T.);
#12089 = EDGE_CURVE('',#7705,#7696,#12090,.T.);
#12090 = CIRCLE('',#12091,0.5715);
#12091 = AXIS2_PLACEMENT_3D('',#12092,#12093,#12094);
#12092 = CARTESIAN_POINT('',(-7.29494589735E-14,0.685,-0.1));
#12093 = DIRECTION('',(1.216158997102E-13,1.,1.149288118807E-13));
#12094 = DIRECTION('',(-1.,1.216158997102E-13,1.232227525295E-30));
#12095 = ( BOUNDED_SURFACE() B_SPLINE_SURFACE(3,3,(
    (#12096,#12097,#12098,#12099)
    ,(#12100,#12101,#12102,#12103)
    ,(#12104,#12105,#12106,#12107)
    ,(#12108,#12109,#12110,#12111
)),.UNSPECIFIED.,.F.,.F.,.F.) B_SPLINE_SURFACE_WITH_KNOTS((4,4),(4,4),(
    0.,1.),(0.,1.),.PIECEWISE_BEZIER_KNOTS.) 
GEOMETRIC_REPRESENTATION_ITEM() RATIONAL_B_SPLINE_SURFACE((
    (1.,0.333333333333,0.333333333333,1.)
    ,(0.333333333334,0.111111111111,0.111111111111,0.333333333334)
    ,(0.333333333334,0.111111111111,0.111111111111,0.333333333334)
,(1.,0.333333333333,0.333333333333,1.
))) REPRESENTATION_ITEM('') SURFACE() );
#12096 = CARTESIAN_POINT('',(-7.294945897351E-14,0.685,0.2175));
#12097 = CARTESIAN_POINT('',(0.635,0.685,0.2175));
#12098 = CARTESIAN_POINT('',(0.635,0.685,-0.4175));
#12099 = CARTESIAN_POINT('',(-7.291057643764E-14,0.685,-0.4175));
#12100 = CARTESIAN_POINT('',(-4.205902044714E-14,0.939,0.2175));
#12101 = CARTESIAN_POINT('',(0.635,0.939,0.2175));
#12102 = CARTESIAN_POINT('',(0.635,0.939,-0.4175));
#12103 = CARTESIAN_POINT('',(-4.202013791126E-14,0.939,-0.4175));
#12104 = CARTESIAN_POINT('',(-4.205902044712E-14,0.939,0.4715));
#12105 = CARTESIAN_POINT('',(1.143,0.939,0.4715));
#12106 = CARTESIAN_POINT('',(1.143,0.939,-0.6715));
#12107 = CARTESIAN_POINT('',(-4.198903188255E-14,0.939,-0.6715));
#12108 = CARTESIAN_POINT('',(-7.29494589735E-14,0.685,0.4715));
#12109 = CARTESIAN_POINT('',(1.143,0.685,0.4715));
#12110 = CARTESIAN_POINT('',(1.143,0.685,-0.6715));
#12111 = CARTESIAN_POINT('',(-7.287947040893E-14,0.685,-0.6715));
#12112 = ADVANCED_FACE('',(#12113,#12117),#12121,.T.);
#12113 = FACE_BOUND('',#12114,.T.);
#12114 = EDGE_LOOP('',(#12115,#12116));
#12115 = ORIENTED_EDGE('',*,*,#12089,.F.);
#12116 = ORIENTED_EDGE('',*,*,#7704,.F.);
#12117 = FACE_BOUND('',#12118,.T.);
#12118 = EDGE_LOOP('',(#12119,#12120));
#12119 = ORIENTED_EDGE('',*,*,#12032,.T.);
#12120 = ORIENTED_EDGE('',*,*,#7631,.T.);
#12121 = PLANE('',#12122);
#12122 = AXIS2_PLACEMENT_3D('',#12123,#12124,#12125);
#12123 = CARTESIAN_POINT('',(0.728905859811,0.685,-9.999999999998E-02));
#12124 = DIRECTION('',(0.,1.,0.));
#12125 = DIRECTION('',(0.,-0.,1.));
#12126 = ( GEOMETRIC_REPRESENTATION_CONTEXT(3) 
GLOBAL_UNCERTAINTY_ASSIGNED_CONTEXT((#12130)) 
GLOBAL_UNIT_ASSIGNED_CONTEXT((#12127,#12128,#12129)) 
REPRESENTATION_CONTEXT('Context #1',
  '3D Context with UNIT and UNCERTAINTY') );
#12127 = ( LENGTH_UNIT() NAMED_UNIT(*) SI_UNIT(.MILLI.,.METRE.) );
#12128 = ( NAMED_UNIT(*) PLANE_ANGLE_UNIT() SI_UNIT($,.RADIAN.) );
#12129 = ( NAMED_UNIT(*) SI_UNIT($,.STERADIAN.) SOLID_ANGLE_UNIT() );
#12130 = UNCERTAINTY_MEASURE_WITH_UNIT(LENGTH_MEASURE(2.E-05),#12127,
  'distance_accuracy_value','confusion accuracy');
#12131 = CONTEXT_DEPENDENT_SHAPE_REPRESENTATION(#12132,#12134);
#12132 = ( REPRESENTATION_RELATIONSHIP('','',#7457,#7434) 
REPRESENTATION_RELATIONSHIP_WITH_TRANSFORMATION(#12133) 
SHAPE_REPRESENTATION_RELATIONSHIP() );
#12133 = ITEM_DEFINED_TRANSFORMATION('','',#11,#7435);
#12134 = PRODUCT_DEFINITION_SHAPE('Placement','Placement of an item',
  #12135);
#12135 = NEXT_ASSEMBLY_USAGE_OCCURRENCE('9','=>[0:1:1:11]','',#7429,
  #7452,$);
#12136 = PRODUCT_RELATED_PRODUCT_CATEGORY('part',$,(#7454));
#12137 = SHAPE_DEFINITION_REPRESENTATION(#12138,#12144);
#12138 = PRODUCT_DEFINITION_SHAPE('','',#12139);
#12139 = PRODUCT_DEFINITION('design','',#12140,#12143);
#12140 = PRODUCT_DEFINITION_FORMATION('','',#12141);
#12141 = PRODUCT('0402R','0402R','',(#12142));
#12142 = PRODUCT_CONTEXT('',#2,'mechanical');
#12143 = PRODUCT_DEFINITION_CONTEXT('part definition',#2,'design');
#12144 = SHAPE_REPRESENTATION('',(#11,#12145),#12149);
#12145 = AXIS2_PLACEMENT_3D('',#12146,#12147,#12148);
#12146 = CARTESIAN_POINT('',(0.,0.,0.));
#12147 = DIRECTION('',(0.,0.,1.));
#12148 = DIRECTION('',(1.,0.,-0.));
#12149 = ( GEOMETRIC_REPRESENTATION_CONTEXT(3) 
GLOBAL_UNCERTAINTY_ASSIGNED_CONTEXT((#12153)) 
GLOBAL_UNIT_ASSIGNED_CONTEXT((#12150,#12151,#12152)) 
REPRESENTATION_CONTEXT('Context #1',
  '3D Context with UNIT and UNCERTAINTY') );
#12150 = ( LENGTH_UNIT() NAMED_UNIT(*) SI_UNIT(.MILLI.,.METRE.) );
#12151 = ( NAMED_UNIT(*) PLANE_ANGLE_UNIT() SI_UNIT($,.RADIAN.) );
#12152 = ( NAMED_UNIT(*) SI_UNIT($,.STERADIAN.) SOLID_ANGLE_UNIT() );
#12153 = UNCERTAINTY_MEASURE_WITH_UNIT(LENGTH_MEASURE(1.E-07),#12150,
  'distance_accuracy_value','confusion accuracy');
#12154 = CONTEXT_DEPENDENT_SHAPE_REPRESENTATION(#12155,#12157);
#12155 = ( REPRESENTATION_RELATIONSHIP('','',#12144,#10) 
REPRESENTATION_RELATIONSHIP_WITH_TRANSFORMATION(#12156) 
SHAPE_REPRESENTATION_RELATIONSHIP() );
#12156 = ITEM_DEFINED_TRANSFORMATION('','',#11,#35);
#12157 = PRODUCT_DEFINITION_SHAPE('Placement','Placement of an item',
  #12158);
#12158 = NEXT_ASSEMBLY_USAGE_OCCURRENCE('12','R4','',#5,#12139,$);
#12159 = PRODUCT_RELATED_PRODUCT_CATEGORY('part',$,(#12141));
#12160 = SHAPE_DEFINITION_REPRESENTATION(#12161,#12167);
#12161 = PRODUCT_DEFINITION_SHAPE('','',#12162);
#12162 = PRODUCT_DEFINITION('design','',#12163,#12166);
#12163 = PRODUCT_DEFINITION_FORMATION('','',#12164);
#12164 = PRODUCT('RL0402JR-070R51L','RL0402JR-070R51L','',(#12165));
#12165 = PRODUCT_CONTEXT('',#2,'mechanical');
#12166 = PRODUCT_DEFINITION_CONTEXT('part definition',#2,'design');
#12167 = SHAPE_REPRESENTATION('',(#11,#12168,#12318,#12468,#12882),
  #13296);
#12168 = MANIFOLD_SOLID_BREP('',#12169);
#12169 = CLOSED_SHELL('',(#12170,#12210,#12250,#12272,#12289,#12306));
#12170 = ADVANCED_FACE('',(#12171),#12205,.T.);
#12171 = FACE_BOUND('',#12172,.T.);
#12172 = EDGE_LOOP('',(#12173,#12183,#12191,#12199));
#12173 = ORIENTED_EDGE('',*,*,#12174,.F.);
#12174 = EDGE_CURVE('',#12175,#12177,#12179,.T.);
#12175 = VERTEX_POINT('',#12176);
#12176 = CARTESIAN_POINT('',(-0.48,0.38,-0.25));
#12177 = VERTEX_POINT('',#12178);
#12178 = CARTESIAN_POINT('',(-0.48,2.E-02,-0.25));
#12179 = LINE('',#12180,#12181);
#12180 = CARTESIAN_POINT('',(-0.48,2.E-02,-0.25));
#12181 = VECTOR('',#12182,1.);
#12182 = DIRECTION('',(0.,-1.,0.));
#12183 = ORIENTED_EDGE('',*,*,#12184,.F.);
#12184 = EDGE_CURVE('',#12185,#12175,#12187,.T.);
#12185 = VERTEX_POINT('',#12186);
#12186 = CARTESIAN_POINT('',(0.48,0.38,-0.25));
#12187 = LINE('',#12188,#12189);
#12188 = CARTESIAN_POINT('',(-0.48,0.38,-0.25));
#12189 = VECTOR('',#12190,1.);
#12190 = DIRECTION('',(-1.,0.,0.));
#12191 = ORIENTED_EDGE('',*,*,#12192,.F.);
#12192 = EDGE_CURVE('',#12193,#12185,#12195,.T.);
#12193 = VERTEX_POINT('',#12194);
#12194 = CARTESIAN_POINT('',(0.48,2.E-02,-0.25));
#12195 = LINE('',#12196,#12197);
#12196 = CARTESIAN_POINT('',(0.48,2.E-02,-0.25));
#12197 = VECTOR('',#12198,1.);
#12198 = DIRECTION('',(0.,1.,0.));
#12199 = ORIENTED_EDGE('',*,*,#12200,.F.);
#12200 = EDGE_CURVE('',#12177,#12193,#12201,.T.);
#12201 = LINE('',#12202,#12203);
#12202 = CARTESIAN_POINT('',(-0.48,2.E-02,-0.25));
#12203 = VECTOR('',#12204,1.);
#12204 = DIRECTION('',(1.,-3.529303946893E-18,0.));
#12205 = PLANE('',#12206);
#12206 = AXIS2_PLACEMENT_3D('',#12207,#12208,#12209);
#12207 = CARTESIAN_POINT('',(0.,0.,-0.25));
#12208 = DIRECTION('',(0.,0.,-1.));
#12209 = DIRECTION('',(-1.,0.,-0.));
#12210 = ADVANCED_FACE('',(#12211),#12245,.F.);
#12211 = FACE_BOUND('',#12212,.T.);
#12212 = EDGE_LOOP('',(#12213,#12223,#12231,#12239));
#12213 = ORIENTED_EDGE('',*,*,#12214,.T.);
#12214 = EDGE_CURVE('',#12215,#12217,#12219,.T.);
#12215 = VERTEX_POINT('',#12216);
#12216 = CARTESIAN_POINT('',(-0.48,0.38,0.25));
#12217 = VERTEX_POINT('',#12218);
#12218 = CARTESIAN_POINT('',(-0.48,2.E-02,0.25));
#12219 = LINE('',#12220,#12221);
#12220 = CARTESIAN_POINT('',(-0.48,2.E-02,0.25));
#12221 = VECTOR('',#12222,1.);
#12222 = DIRECTION('',(-0.,-1.,-0.));
#12223 = ORIENTED_EDGE('',*,*,#12224,.T.);
#12224 = EDGE_CURVE('',#12217,#12225,#12227,.T.);
#12225 = VERTEX_POINT('',#12226);
#12226 = CARTESIAN_POINT('',(0.48,2.E-02,0.25));
#12227 = LINE('',#12228,#12229);
#12228 = CARTESIAN_POINT('',(-0.48,2.E-02,0.25));
#12229 = VECTOR('',#12230,1.);
#12230 = DIRECTION('',(1.,-3.529303946893E-18,0.));
#12231 = ORIENTED_EDGE('',*,*,#12232,.T.);
#12232 = EDGE_CURVE('',#12225,#12233,#12235,.T.);
#12233 = VERTEX_POINT('',#12234);
#12234 = CARTESIAN_POINT('',(0.48,0.38,0.25));
#12235 = LINE('',#12236,#12237);
#12236 = CARTESIAN_POINT('',(0.48,2.E-02,0.25));
#12237 = VECTOR('',#12238,1.);
#12238 = DIRECTION('',(0.,1.,0.));
#12239 = ORIENTED_EDGE('',*,*,#12240,.T.);
#12240 = EDGE_CURVE('',#12233,#12215,#12241,.T.);
#12241 = LINE('',#12242,#12243);
#12242 = CARTESIAN_POINT('',(-0.48,0.38,0.25));
#12243 = VECTOR('',#12244,1.);
#12244 = DIRECTION('',(-1.,-0.,-0.));
#12245 = PLANE('',#12246);
#12246 = AXIS2_PLACEMENT_3D('',#12247,#12248,#12249);
#12247 = CARTESIAN_POINT('',(0.,0.,0.25));
#12248 = DIRECTION('',(0.,0.,-1.));
#12249 = DIRECTION('',(-1.,0.,-0.));
#12250 = ADVANCED_FACE('',(#12251),#12267,.T.);
#12251 = FACE_BOUND('',#12252,.T.);
#12252 = EDGE_LOOP('',(#12253,#12259,#12260,#12266));
#12253 = ORIENTED_EDGE('',*,*,#12254,.F.);
#12254 = EDGE_CURVE('',#12177,#12217,#12255,.T.);
#12255 = LINE('',#12256,#12257);
#12256 = CARTESIAN_POINT('',(-0.48,2.E-02,-1.275280449438));
#12257 = VECTOR('',#12258,1.);
#12258 = DIRECTION('',(0.,0.,1.));
#12259 = ORIENTED_EDGE('',*,*,#12200,.T.);
#12260 = ORIENTED_EDGE('',*,*,#12261,.T.);
#12261 = EDGE_CURVE('',#12193,#12225,#12262,.T.);
#12262 = LINE('',#12263,#12264);
#12263 = CARTESIAN_POINT('',(0.48,2.E-02,-1.275280449438));
#12264 = VECTOR('',#12265,1.);
#12265 = DIRECTION('',(0.,0.,1.));
#12266 = ORIENTED_EDGE('',*,*,#12224,.F.);
#12267 = PLANE('',#12268);
#12268 = AXIS2_PLACEMENT_3D('',#12269,#12270,#12271);
#12269 = CARTESIAN_POINT('',(-0.48,2.E-02,-1.275280449438));
#12270 = DIRECTION('',(-3.529303946893E-18,-1.,0.));
#12271 = DIRECTION('',(1.,-3.529303946893E-18,0.));
#12272 = ADVANCED_FACE('',(#12273),#12284,.T.);
#12273 = FACE_BOUND('',#12274,.T.);
#12274 = EDGE_LOOP('',(#12275,#12276,#12277,#12283));
#12275 = ORIENTED_EDGE('',*,*,#12261,.F.);
#12276 = ORIENTED_EDGE('',*,*,#12192,.T.);
#12277 = ORIENTED_EDGE('',*,*,#12278,.T.);
#12278 = EDGE_CURVE('',#12185,#12233,#12279,.T.);
#12279 = LINE('',#12280,#12281);
#12280 = CARTESIAN_POINT('',(0.48,0.38,-1.275280449438));
#12281 = VECTOR('',#12282,1.);
#12282 = DIRECTION('',(0.,0.,1.));
#12283 = ORIENTED_EDGE('',*,*,#12232,.F.);
#12284 = PLANE('',#12285);
#12285 = AXIS2_PLACEMENT_3D('',#12286,#12287,#12288);
#12286 = CARTESIAN_POINT('',(0.48,2.E-02,-1.275280449438));
#12287 = DIRECTION('',(1.,0.,0.));
#12288 = DIRECTION('',(0.,0.,-1.));
#12289 = ADVANCED_FACE('',(#12290),#12301,.T.);
#12290 = FACE_BOUND('',#12291,.T.);
#12291 = EDGE_LOOP('',(#12292,#12293,#12294,#12300));
#12292 = ORIENTED_EDGE('',*,*,#12278,.F.);
#12293 = ORIENTED_EDGE('',*,*,#12184,.T.);
#12294 = ORIENTED_EDGE('',*,*,#12295,.T.);
#12295 = EDGE_CURVE('',#12175,#12215,#12296,.T.);
#12296 = LINE('',#12297,#12298);
#12297 = CARTESIAN_POINT('',(-0.48,0.38,-1.275280449438));
#12298 = VECTOR('',#12299,1.);
#12299 = DIRECTION('',(0.,0.,1.));
#12300 = ORIENTED_EDGE('',*,*,#12240,.F.);
#12301 = PLANE('',#12302);
#12302 = AXIS2_PLACEMENT_3D('',#12303,#12304,#12305);
#12303 = CARTESIAN_POINT('',(-0.48,0.38,-1.275280449438));
#12304 = DIRECTION('',(0.,1.,0.));
#12305 = DIRECTION('',(0.,-0.,1.));
#12306 = ADVANCED_FACE('',(#12307),#12313,.T.);
#12307 = FACE_BOUND('',#12308,.T.);
#12308 = EDGE_LOOP('',(#12309,#12310,#12311,#12312));
#12309 = ORIENTED_EDGE('',*,*,#12295,.F.);
#12310 = ORIENTED_EDGE('',*,*,#12174,.T.);
#12311 = ORIENTED_EDGE('',*,*,#12254,.T.);
#12312 = ORIENTED_EDGE('',*,*,#12214,.F.);
#12313 = PLANE('',#12314);
#12314 = AXIS2_PLACEMENT_3D('',#12315,#12316,#12317);
#12315 = CARTESIAN_POINT('',(-0.48,2.E-02,-1.275280449438));
#12316 = DIRECTION('',(-1.,0.,0.));
#12317 = DIRECTION('',(0.,0.,1.));
#12318 = MANIFOLD_SOLID_BREP('',#12319);
#12319 = CLOSED_SHELL('',(#12320,#12360,#12391,#12422,#12444,#12456));
#12320 = ADVANCED_FACE('',(#12321),#12355,.T.);
#12321 = FACE_BOUND('',#12322,.T.);
#12322 = EDGE_LOOP('',(#12323,#12333,#12341,#12349));
#12323 = ORIENTED_EDGE('',*,*,#12324,.F.);
#12324 = EDGE_CURVE('',#12325,#12327,#12329,.T.);
#12325 = VERTEX_POINT('',#12326);
#12326 = CARTESIAN_POINT('',(-0.25,0.38,0.25));
#12327 = VERTEX_POINT('',#12328);
#12328 = CARTESIAN_POINT('',(-0.25,0.38,-0.25));
#12329 = LINE('',#12330,#12331);
#12330 = CARTESIAN_POINT('',(-0.25,0.38,-0.25));
#12331 = VECTOR('',#12332,1.);
#12332 = DIRECTION('',(-4.336808689942E-16,0.,-1.));
#12333 = ORIENTED_EDGE('',*,*,#12334,.T.);
#12334 = EDGE_CURVE('',#12325,#12335,#12337,.T.);
#12335 = VERTEX_POINT('',#12336);
#12336 = CARTESIAN_POINT('',(-0.25,0.4,0.25));
#12337 = LINE('',#12338,#12339);
#12338 = CARTESIAN_POINT('',(-0.25,-0.327106781187,0.25));
#12339 = VECTOR('',#12340,1.);
#12340 = DIRECTION('',(9.856383386232E-17,1.,0.));
#12341 = ORIENTED_EDGE('',*,*,#12342,.F.);
#12342 = EDGE_CURVE('',#12343,#12335,#12345,.T.);
#12343 = VERTEX_POINT('',#12344);
#12344 = CARTESIAN_POINT('',(-0.25,0.4,-0.25));
#12345 = LINE('',#12346,#12347);
#12346 = CARTESIAN_POINT('',(-0.25,0.4,-0.25));
#12347 = VECTOR('',#12348,1.);
#12348 = DIRECTION('',(4.336808689942E-16,0.,1.));
#12349 = ORIENTED_EDGE('',*,*,#12350,.F.);
#12350 = EDGE_CURVE('',#12327,#12343,#12351,.T.);
#12351 = LINE('',#12352,#12353);
#12352 = CARTESIAN_POINT('',(-0.25,-0.327106781187,-0.25));
#12353 = VECTOR('',#12354,1.);
#12354 = DIRECTION('',(9.856383386232E-17,1.,0.));
#12355 = PLANE('',#12356);
#12356 = AXIS2_PLACEMENT_3D('',#12357,#12358,#12359);
#12357 = CARTESIAN_POINT('',(-0.25,-0.327106781187,-0.25));
#12358 = DIRECTION('',(-1.,9.856383386232E-17,4.336808689942E-16));
#12359 = DIRECTION('',(4.336808689942E-16,0.,1.));
#12360 = ADVANCED_FACE('',(#12361),#12386,.T.);
#12361 = FACE_BOUND('',#12362,.T.);
#12362 = EDGE_LOOP('',(#12363,#12371,#12372,#12380));
#12363 = ORIENTED_EDGE('',*,*,#12364,.F.);
#12364 = EDGE_CURVE('',#12327,#12365,#12367,.T.);
#12365 = VERTEX_POINT('',#12366);
#12366 = CARTESIAN_POINT('',(0.25,0.38,-0.25));
#12367 = LINE('',#12368,#12369);
#12368 = CARTESIAN_POINT('',(-0.25,0.38,-0.25));
#12369 = VECTOR('',#12370,1.);
#12370 = DIRECTION('',(1.,-0.,0.));
#12371 = ORIENTED_EDGE('',*,*,#12350,.T.);
#12372 = ORIENTED_EDGE('',*,*,#12373,.F.);
#12373 = EDGE_CURVE('',#12374,#12343,#12376,.T.);
#12374 = VERTEX_POINT('',#12375);
#12375 = CARTESIAN_POINT('',(0.25,0.4,-0.25));
#12376 = LINE('',#12377,#12378);
#12377 = CARTESIAN_POINT('',(-0.25,0.4,-0.25));
#12378 = VECTOR('',#12379,1.);
#12379 = DIRECTION('',(-1.,-0.,-0.));
#12380 = ORIENTED_EDGE('',*,*,#12381,.F.);
#12381 = EDGE_CURVE('',#12365,#12374,#12382,.T.);
#12382 = LINE('',#12383,#12384);
#12383 = CARTESIAN_POINT('',(0.25,-0.327106781187,-0.25));
#12384 = VECTOR('',#12385,1.);
#12385 = DIRECTION('',(9.856383386232E-17,1.,0.));
#12386 = PLANE('',#12387);
#12387 = AXIS2_PLACEMENT_3D('',#12388,#12389,#12390);
#12388 = CARTESIAN_POINT('',(-0.25,-0.327106781187,-0.25));
#12389 = DIRECTION('',(0.,0.,-1.));
#12390 = DIRECTION('',(-1.,0.,-0.));
#12391 = ADVANCED_FACE('',(#12392),#12417,.T.);
#12392 = FACE_BOUND('',#12393,.T.);
#12393 = EDGE_LOOP('',(#12394,#12402,#12403,#12411));
#12394 = ORIENTED_EDGE('',*,*,#12395,.F.);
#12395 = EDGE_CURVE('',#12365,#12396,#12398,.T.);
#12396 = VERTEX_POINT('',#12397);
#12397 = CARTESIAN_POINT('',(0.25,0.38,0.25));
#12398 = LINE('',#12399,#12400);
#12399 = CARTESIAN_POINT('',(0.25,0.38,-0.25));
#12400 = VECTOR('',#12401,1.);
#12401 = DIRECTION('',(-0.,0.,1.));
#12402 = ORIENTED_EDGE('',*,*,#12381,.T.);
#12403 = ORIENTED_EDGE('',*,*,#12404,.F.);
#12404 = EDGE_CURVE('',#12405,#12374,#12407,.T.);
#12405 = VERTEX_POINT('',#12406);
#12406 = CARTESIAN_POINT('',(0.25,0.4,0.25));
#12407 = LINE('',#12408,#12409);
#12408 = CARTESIAN_POINT('',(0.25,0.4,-0.25));
#12409 = VECTOR('',#12410,1.);
#12410 = DIRECTION('',(-0.,-0.,-1.));
#12411 = ORIENTED_EDGE('',*,*,#12412,.F.);
#12412 = EDGE_CURVE('',#12396,#12405,#12413,.T.);
#12413 = LINE('',#12414,#12415);
#12414 = CARTESIAN_POINT('',(0.25,-0.327106781187,0.25));
#12415 = VECTOR('',#12416,1.);
#12416 = DIRECTION('',(9.856383386232E-17,1.,0.));
#12417 = PLANE('',#12418);
#12418 = AXIS2_PLACEMENT_3D('',#12419,#12420,#12421);
#12419 = CARTESIAN_POINT('',(0.25,-0.327106781187,-0.25));
#12420 = DIRECTION('',(1.,-9.856383386232E-17,0.));
#12421 = DIRECTION('',(9.856383386232E-17,1.,0.));
#12422 = ADVANCED_FACE('',(#12423),#12439,.T.);
#12423 = FACE_BOUND('',#12424,.T.);
#12424 = EDGE_LOOP('',(#12425,#12431,#12432,#12438));
#12425 = ORIENTED_EDGE('',*,*,#12426,.F.);
#12426 = EDGE_CURVE('',#12396,#12325,#12427,.T.);
#12427 = LINE('',#12428,#12429);
#12428 = CARTESIAN_POINT('',(-0.25,0.38,0.25));
#12429 = VECTOR('',#12430,1.);
#12430 = DIRECTION('',(-1.,0.,0.));
#12431 = ORIENTED_EDGE('',*,*,#12412,.T.);
#12432 = ORIENTED_EDGE('',*,*,#12433,.F.);
#12433 = EDGE_CURVE('',#12335,#12405,#12434,.T.);
#12434 = LINE('',#12435,#12436);
#12435 = CARTESIAN_POINT('',(-0.25,0.4,0.25));
#12436 = VECTOR('',#12437,1.);
#12437 = DIRECTION('',(1.,0.,0.));
#12438 = ORIENTED_EDGE('',*,*,#12334,.F.);
#12439 = PLANE('',#12440);
#12440 = AXIS2_PLACEMENT_3D('',#12441,#12442,#12443);
#12441 = CARTESIAN_POINT('',(-0.25,-0.327106781187,0.25));
#12442 = DIRECTION('',(0.,0.,1.));
#12443 = DIRECTION('',(1.,0.,-0.));
#12444 = ADVANCED_FACE('',(#12445),#12451,.T.);
#12445 = FACE_BOUND('',#12446,.T.);
#12446 = EDGE_LOOP('',(#12447,#12448,#12449,#12450));
#12447 = ORIENTED_EDGE('',*,*,#12342,.T.);
#12448 = ORIENTED_EDGE('',*,*,#12433,.T.);
#12449 = ORIENTED_EDGE('',*,*,#12404,.T.);
#12450 = ORIENTED_EDGE('',*,*,#12373,.T.);
#12451 = PLANE('',#12452);
#12452 = AXIS2_PLACEMENT_3D('',#12453,#12454,#12455);
#12453 = CARTESIAN_POINT('',(0.,0.4,0.));
#12454 = DIRECTION('',(0.,1.,0.));
#12455 = DIRECTION('',(0.,-0.,1.));
#12456 = ADVANCED_FACE('',(#12457),#12463,.F.);
#12457 = FACE_BOUND('',#12458,.T.);
#12458 = EDGE_LOOP('',(#12459,#12460,#12461,#12462));
#12459 = ORIENTED_EDGE('',*,*,#12324,.T.);
#12460 = ORIENTED_EDGE('',*,*,#12364,.T.);
#12461 = ORIENTED_EDGE('',*,*,#12395,.T.);
#12462 = ORIENTED_EDGE('',*,*,#12426,.T.);
#12463 = PLANE('',#12464);
#12464 = AXIS2_PLACEMENT_3D('',#12465,#12466,#12467);
#12465 = CARTESIAN_POINT('',(-0.48,0.38,-1.275280449438));
#12466 = DIRECTION('',(0.,1.,0.));
#12467 = DIRECTION('',(0.,-0.,1.));
#12468 = MANIFOLD_SOLID_BREP('',#12469);
#12469 = CLOSED_SHELL('',(#12470,#12510,#12541,#12572,#12635,#12666,
    #12729,#12760,#12782,#12803,#12824,#12841,#12853,#12870));
#12470 = ADVANCED_FACE('',(#12471),#12505,.F.);
#12471 = FACE_BOUND('',#12472,.T.);
#12472 = EDGE_LOOP('',(#12473,#12483,#12491,#12499));
#12473 = ORIENTED_EDGE('',*,*,#12474,.T.);
#12474 = EDGE_CURVE('',#12475,#12477,#12479,.T.);
#12475 = VERTEX_POINT('',#12476);
#12476 = CARTESIAN_POINT('',(-0.25,0.,-0.25));
#12477 = VERTEX_POINT('',#12478);
#12478 = CARTESIAN_POINT('',(-0.25,2.E-02,-0.25));
#12479 = LINE('',#12480,#12481);
#12480 = CARTESIAN_POINT('',(-0.25,2.E-02,-0.25));
#12481 = VECTOR('',#12482,1.);
#12482 = DIRECTION('',(-0.,1.,-0.));
#12483 = ORIENTED_EDGE('',*,*,#12484,.F.);
#12484 = EDGE_CURVE('',#12485,#12477,#12487,.T.);
#12485 = VERTEX_POINT('',#12486);
#12486 = CARTESIAN_POINT('',(-0.25,2.E-02,0.25));
#12487 = LINE('',#12488,#12489);
#12488 = CARTESIAN_POINT('',(-0.25,2.E-02,0.25));
#12489 = VECTOR('',#12490,1.);
#12490 = DIRECTION('',(-0.,-0.,-1.));
#12491 = ORIENTED_EDGE('',*,*,#12492,.F.);
#12492 = EDGE_CURVE('',#12493,#12485,#12495,.T.);
#12493 = VERTEX_POINT('',#12494);
#12494 = CARTESIAN_POINT('',(-0.25,0.,0.25));
#12495 = LINE('',#12496,#12497);
#12496 = CARTESIAN_POINT('',(-0.25,2.E-02,0.25));
#12497 = VECTOR('',#12498,1.);
#12498 = DIRECTION('',(-0.,1.,-0.));
#12499 = ORIENTED_EDGE('',*,*,#12500,.T.);
#12500 = EDGE_CURVE('',#12493,#12475,#12501,.T.);
#12501 = LINE('',#12502,#12503);
#12502 = CARTESIAN_POINT('',(-0.25,0.,0.25));
#12503 = VECTOR('',#12504,1.);
#12504 = DIRECTION('',(-0.,-0.,-1.));
#12505 = PLANE('',#12506);
#12506 = AXIS2_PLACEMENT_3D('',#12507,#12508,#12509);
#12507 = CARTESIAN_POINT('',(-0.25,2.E-02,0.25));
#12508 = DIRECTION('',(-1.,0.,0.));
#12509 = DIRECTION('',(0.,0.,1.));
#12510 = ADVANCED_FACE('',(#12511),#12536,.F.);
#12511 = FACE_BOUND('',#12512,.T.);
#12512 = EDGE_LOOP('',(#12513,#12521,#12529,#12535));
#12513 = ORIENTED_EDGE('',*,*,#12514,.T.);
#12514 = EDGE_CURVE('',#12477,#12515,#12517,.T.);
#12515 = VERTEX_POINT('',#12516);
#12516 = CARTESIAN_POINT('',(-0.48,2.E-02,-0.25));
#12517 = LINE('',#12518,#12519);
#12518 = CARTESIAN_POINT('',(-0.25,2.E-02,-0.25));
#12519 = VECTOR('',#12520,1.);
#12520 = DIRECTION('',(-1.,-1.32579070005E-16,0.));
#12521 = ORIENTED_EDGE('',*,*,#12522,.F.);
#12522 = EDGE_CURVE('',#12523,#12515,#12525,.T.);
#12523 = VERTEX_POINT('',#12524);
#12524 = CARTESIAN_POINT('',(-0.48,2.E-02,0.25));
#12525 = LINE('',#12526,#12527);
#12526 = CARTESIAN_POINT('',(-0.48,2.E-02,0.25));
#12527 = VECTOR('',#12528,1.);
#12528 = DIRECTION('',(-0.,-0.,-1.));
#12529 = ORIENTED_EDGE('',*,*,#12530,.F.);
#12530 = EDGE_CURVE('',#12485,#12523,#12531,.T.);
#12531 = LINE('',#12532,#12533);
#12532 = CARTESIAN_POINT('',(-0.25,2.E-02,0.25));
#12533 = VECTOR('',#12534,1.);
#12534 = DIRECTION('',(-1.,-1.32579070005E-16,0.));
#12535 = ORIENTED_EDGE('',*,*,#12484,.T.);
#12536 = PLANE('',#12537);
#12537 = AXIS2_PLACEMENT_3D('',#12538,#12539,#12540);
#12538 = CARTESIAN_POINT('',(-0.25,2.E-02,0.25));
#12539 = DIRECTION('',(1.32579070005E-16,-1.,0.));
#12540 = DIRECTION('',(1.,1.32579070005E-16,0.));
#12541 = ADVANCED_FACE('',(#12542),#12567,.F.);
#12542 = FACE_BOUND('',#12543,.T.);
#12543 = EDGE_LOOP('',(#12544,#12552,#12560,#12566));
#12544 = ORIENTED_EDGE('',*,*,#12545,.T.);
#12545 = EDGE_CURVE('',#12515,#12546,#12548,.T.);
#12546 = VERTEX_POINT('',#12547);
#12547 = CARTESIAN_POINT('',(-0.48,0.38,-0.25));
#12548 = LINE('',#12549,#12550);
#12549 = CARTESIAN_POINT('',(-0.48,2.E-02,-0.25));
#12550 = VECTOR('',#12551,1.);
#12551 = DIRECTION('',(0.,1.,0.));
#12552 = ORIENTED_EDGE('',*,*,#12553,.F.);
#12553 = EDGE_CURVE('',#12554,#12546,#12556,.T.);
#12554 = VERTEX_POINT('',#12555);
#12555 = CARTESIAN_POINT('',(-0.48,0.38,0.25));
#12556 = LINE('',#12557,#12558);
#12557 = CARTESIAN_POINT('',(-0.48,0.38,0.25));
#12558 = VECTOR('',#12559,1.);
#12559 = DIRECTION('',(-0.,-0.,-1.));
#12560 = ORIENTED_EDGE('',*,*,#12561,.F.);
#12561 = EDGE_CURVE('',#12523,#12554,#12562,.T.);
#12562 = LINE('',#12563,#12564);
#12563 = CARTESIAN_POINT('',(-0.48,2.E-02,0.25));
#12564 = VECTOR('',#12565,1.);
#12565 = DIRECTION('',(0.,1.,0.));
#12566 = ORIENTED_EDGE('',*,*,#12522,.T.);
#12567 = PLANE('',#12568);
#12568 = AXIS2_PLACEMENT_3D('',#12569,#12570,#12571);
#12569 = CARTESIAN_POINT('',(-0.48,2.E-02,0.25));
#12570 = DIRECTION('',(-1.,0.,0.));
#12571 = DIRECTION('',(0.,0.,1.));
#12572 = ADVANCED_FACE('',(#12573),#12630,.F.);
#12573 = FACE_BOUND('',#12574,.T.);
#12574 = EDGE_LOOP('',(#12575,#12585,#12593,#12599,#12600,#12608,#12616,
    #12624));
#12575 = ORIENTED_EDGE('',*,*,#12576,.T.);
#12576 = EDGE_CURVE('',#12577,#12579,#12581,.T.);
#12577 = VERTEX_POINT('',#12578);
#12578 = CARTESIAN_POINT('',(-0.25,0.38,0.166666666667));
#12579 = VERTEX_POINT('',#12580);
#12580 = CARTESIAN_POINT('',(-0.35,0.38,0.166666666667));
#12581 = LINE('',#12582,#12583);
#12582 = CARTESIAN_POINT('',(-0.25,0.38,0.166666666667));
#12583 = VECTOR('',#12584,1.);
#12584 = DIRECTION('',(-1.,5.421010862428E-16,0.));
#12585 = ORIENTED_EDGE('',*,*,#12586,.T.);
#12586 = EDGE_CURVE('',#12579,#12587,#12589,.T.);
#12587 = VERTEX_POINT('',#12588);
#12588 = CARTESIAN_POINT('',(-0.35,0.38,0.25));
#12589 = LINE('',#12590,#12591);
#12590 = CARTESIAN_POINT('',(-0.35,0.38,0.25));
#12591 = VECTOR('',#12592,1.);
#12592 = DIRECTION('',(-0.,-0.,1.));
#12593 = ORIENTED_EDGE('',*,*,#12594,.F.);
#12594 = EDGE_CURVE('',#12554,#12587,#12595,.T.);
#12595 = LINE('',#12596,#12597);
#12596 = CARTESIAN_POINT('',(-0.48,0.38,0.25));
#12597 = VECTOR('',#12598,1.);
#12598 = DIRECTION('',(1.,0.,0.));
#12599 = ORIENTED_EDGE('',*,*,#12553,.T.);
#12600 = ORIENTED_EDGE('',*,*,#12601,.T.);
#12601 = EDGE_CURVE('',#12546,#12602,#12604,.T.);
#12602 = VERTEX_POINT('',#12603);
#12603 = CARTESIAN_POINT('',(-0.35,0.38,-0.25));
#12604 = LINE('',#12605,#12606);
#12605 = CARTESIAN_POINT('',(-0.48,0.38,-0.25));
#12606 = VECTOR('',#12607,1.);
#12607 = DIRECTION('',(1.,0.,0.));
#12608 = ORIENTED_EDGE('',*,*,#12609,.T.);
#12609 = EDGE_CURVE('',#12602,#12610,#12612,.T.);
#12610 = VERTEX_POINT('',#12611);
#12611 = CARTESIAN_POINT('',(-0.35,0.38,-0.166666666667));
#12612 = LINE('',#12613,#12614);
#12613 = CARTESIAN_POINT('',(-0.35,0.38,-0.25));
#12614 = VECTOR('',#12615,1.);
#12615 = DIRECTION('',(0.,0.,1.));
#12616 = ORIENTED_EDGE('',*,*,#12617,.T.);
#12617 = EDGE_CURVE('',#12610,#12618,#12620,.T.);
#12618 = VERTEX_POINT('',#12619);
#12619 = CARTESIAN_POINT('',(-0.25,0.38,-0.166666666667));
#12620 = LINE('',#12621,#12622);
#12621 = CARTESIAN_POINT('',(-0.25,0.38,-0.166666666667));
#12622 = VECTOR('',#12623,1.);
#12623 = DIRECTION('',(1.,-5.421010862428E-16,-5.421010862428E-16));
#12624 = ORIENTED_EDGE('',*,*,#12625,.F.);
#12625 = EDGE_CURVE('',#12577,#12618,#12626,.T.);
#12626 = LINE('',#12627,#12628);
#12627 = CARTESIAN_POINT('',(-0.25,0.38,0.25));
#12628 = VECTOR('',#12629,1.);
#12629 = DIRECTION('',(-0.,-0.,-1.));
#12630 = PLANE('',#12631);
#12631 = AXIS2_PLACEMENT_3D('',#12632,#12633,#12634);
#12632 = CARTESIAN_POINT('',(-0.48,0.38,0.25));
#12633 = DIRECTION('',(0.,1.,0.));
#12634 = DIRECTION('',(0.,-0.,1.));
#12635 = ADVANCED_FACE('',(#12636),#12661,.F.);
#12636 = FACE_BOUND('',#12637,.T.);
#12637 = EDGE_LOOP('',(#12638,#12648,#12654,#12655));
#12638 = ORIENTED_EDGE('',*,*,#12639,.F.);
#12639 = EDGE_CURVE('',#12640,#12642,#12644,.T.);
#12640 = VERTEX_POINT('',#12641);
#12641 = CARTESIAN_POINT('',(-0.25,0.4,0.166666666667));
#12642 = VERTEX_POINT('',#12643);
#12643 = CARTESIAN_POINT('',(-0.25,0.4,-0.166666666667));
#12644 = LINE('',#12645,#12646);
#12645 = CARTESIAN_POINT('',(-0.25,0.4,0.25));
#12646 = VECTOR('',#12647,1.);
#12647 = DIRECTION('',(-0.,-0.,-1.));
#12648 = ORIENTED_EDGE('',*,*,#12649,.F.);
#12649 = EDGE_CURVE('',#12577,#12640,#12650,.T.);
#12650 = LINE('',#12651,#12652);
#12651 = CARTESIAN_POINT('',(-0.25,0.38,0.166666666667));
#12652 = VECTOR('',#12653,1.);
#12653 = DIRECTION('',(9.856383386232E-17,1.,-0.));
#12654 = ORIENTED_EDGE('',*,*,#12625,.T.);
#12655 = ORIENTED_EDGE('',*,*,#12656,.T.);
#12656 = EDGE_CURVE('',#12618,#12642,#12657,.T.);
#12657 = LINE('',#12658,#12659);
#12658 = CARTESIAN_POINT('',(-0.25,0.38,-0.166666666667));
#12659 = VECTOR('',#12660,1.);
#12660 = DIRECTION('',(9.856383386232E-17,1.,-0.));
#12661 = PLANE('',#12662);
#12662 = AXIS2_PLACEMENT_3D('',#12663,#12664,#12665);
#12663 = CARTESIAN_POINT('',(-0.25,0.4,0.25));
#12664 = DIRECTION('',(-1.,0.,0.));
#12665 = DIRECTION('',(0.,0.,1.));
#12666 = ADVANCED_FACE('',(#12667),#12724,.F.);
#12667 = FACE_BOUND('',#12668,.T.);
#12668 = EDGE_LOOP('',(#12669,#12679,#12687,#12693,#12694,#12702,#12710,
    #12718));
#12669 = ORIENTED_EDGE('',*,*,#12670,.F.);
#12670 = EDGE_CURVE('',#12671,#12673,#12675,.T.);
#12671 = VERTEX_POINT('',#12672);
#12672 = CARTESIAN_POINT('',(-0.35,0.4,0.25));
#12673 = VERTEX_POINT('',#12674);
#12674 = CARTESIAN_POINT('',(-0.5,0.4,0.25));
#12675 = LINE('',#12676,#12677);
#12676 = CARTESIAN_POINT('',(-0.5,0.4,0.25));
#12677 = VECTOR('',#12678,1.);
#12678 = DIRECTION('',(-1.,-0.,-0.));
#12679 = ORIENTED_EDGE('',*,*,#12680,.F.);
#12680 = EDGE_CURVE('',#12681,#12671,#12683,.T.);
#12681 = VERTEX_POINT('',#12682);
#12682 = CARTESIAN_POINT('',(-0.35,0.4,0.166666666667));
#12683 = LINE('',#12684,#12685);
#12684 = CARTESIAN_POINT('',(-0.35,0.4,0.25));
#12685 = VECTOR('',#12686,1.);
#12686 = DIRECTION('',(-0.,-0.,1.));
#12687 = ORIENTED_EDGE('',*,*,#12688,.F.);
#12688 = EDGE_CURVE('',#12640,#12681,#12689,.T.);
#12689 = LINE('',#12690,#12691);
#12690 = CARTESIAN_POINT('',(-0.25,0.4,0.166666666667));
#12691 = VECTOR('',#12692,1.);
#12692 = DIRECTION('',(-1.,5.421010862428E-16,0.));
#12693 = ORIENTED_EDGE('',*,*,#12639,.T.);
#12694 = ORIENTED_EDGE('',*,*,#12695,.F.);
#12695 = EDGE_CURVE('',#12696,#12642,#12698,.T.);
#12696 = VERTEX_POINT('',#12697);
#12697 = CARTESIAN_POINT('',(-0.35,0.4,-0.166666666667));
#12698 = LINE('',#12699,#12700);
#12699 = CARTESIAN_POINT('',(-0.25,0.4,-0.166666666667));
#12700 = VECTOR('',#12701,1.);
#12701 = DIRECTION('',(1.,-5.421010862428E-16,-5.421010862428E-16));
#12702 = ORIENTED_EDGE('',*,*,#12703,.F.);
#12703 = EDGE_CURVE('',#12704,#12696,#12706,.T.);
#12704 = VERTEX_POINT('',#12705);
#12705 = CARTESIAN_POINT('',(-0.35,0.4,-0.25));
#12706 = LINE('',#12707,#12708);
#12707 = CARTESIAN_POINT('',(-0.35,0.4,-0.25));
#12708 = VECTOR('',#12709,1.);
#12709 = DIRECTION('',(0.,0.,1.));
#12710 = ORIENTED_EDGE('',*,*,#12711,.T.);
#12711 = EDGE_CURVE('',#12704,#12712,#12714,.T.);
#12712 = VERTEX_POINT('',#12713);
#12713 = CARTESIAN_POINT('',(-0.5,0.4,-0.25));
#12714 = LINE('',#12715,#12716);
#12715 = CARTESIAN_POINT('',(-0.5,0.4,-0.25));
#12716 = VECTOR('',#12717,1.);
#12717 = DIRECTION('',(-1.,-0.,-0.));
#12718 = ORIENTED_EDGE('',*,*,#12719,.F.);
#12719 = EDGE_CURVE('',#12673,#12712,#12720,.T.);
#12720 = LINE('',#12721,#12722);
#12721 = CARTESIAN_POINT('',(-0.5,0.4,0.25));
#12722 = VECTOR('',#12723,1.);
#12723 = DIRECTION('',(-0.,-0.,-1.));
#12724 = PLANE('',#12725);
#12725 = AXIS2_PLACEMENT_3D('',#12726,#12727,#12728);
#12726 = CARTESIAN_POINT('',(-0.5,0.4,0.25));
#12727 = DIRECTION('',(0.,-1.,0.));
#12728 = DIRECTION('',(0.,-0.,-1.));
#12729 = ADVANCED_FACE('',(#12730),#12755,.F.);
#12730 = FACE_BOUND('',#12731,.T.);
#12731 = EDGE_LOOP('',(#12732,#12740,#12748,#12754));
#12732 = ORIENTED_EDGE('',*,*,#12733,.T.);
#12733 = EDGE_CURVE('',#12712,#12734,#12736,.T.);
#12734 = VERTEX_POINT('',#12735);
#12735 = CARTESIAN_POINT('',(-0.5,-6.123233995737E-17,-0.25));
#12736 = LINE('',#12737,#12738);
#12737 = CARTESIAN_POINT('',(-0.5,-6.123233995737E-17,-0.25));
#12738 = VECTOR('',#12739,1.);
#12739 = DIRECTION('',(-0.,-1.,-0.));
#12740 = ORIENTED_EDGE('',*,*,#12741,.F.);
#12741 = EDGE_CURVE('',#12742,#12734,#12744,.T.);
#12742 = VERTEX_POINT('',#12743);
#12743 = CARTESIAN_POINT('',(-0.5,-6.123233995737E-17,0.25));
#12744 = LINE('',#12745,#12746);
#12745 = CARTESIAN_POINT('',(-0.5,-6.123233995737E-17,0.25));
#12746 = VECTOR('',#12747,1.);
#12747 = DIRECTION('',(-0.,-0.,-1.));
#12748 = ORIENTED_EDGE('',*,*,#12749,.F.);
#12749 = EDGE_CURVE('',#12673,#12742,#12750,.T.);
#12750 = LINE('',#12751,#12752);
#12751 = CARTESIAN_POINT('',(-0.5,-6.123233995737E-17,0.25));
#12752 = VECTOR('',#12753,1.);
#12753 = DIRECTION('',(-0.,-1.,-0.));
#12754 = ORIENTED_EDGE('',*,*,#12719,.T.);
#12755 = PLANE('',#12756);
#12756 = AXIS2_PLACEMENT_3D('',#12757,#12758,#12759);
#12757 = CARTESIAN_POINT('',(-0.5,-6.123233995737E-17,0.25));
#12758 = DIRECTION('',(1.,0.,0.));
#12759 = DIRECTION('',(0.,0.,-1.));
#12760 = ADVANCED_FACE('',(#12761),#12777,.F.);
#12761 = FACE_BOUND('',#12762,.T.);
#12762 = EDGE_LOOP('',(#12763,#12769,#12770,#12776));
#12763 = ORIENTED_EDGE('',*,*,#12764,.T.);
#12764 = EDGE_CURVE('',#12734,#12475,#12765,.T.);
#12765 = LINE('',#12766,#12767);
#12766 = CARTESIAN_POINT('',(-0.25,0.,-0.25));
#12767 = VECTOR('',#12768,1.);
#12768 = DIRECTION('',(1.,2.449293598295E-16,-0.));
#12769 = ORIENTED_EDGE('',*,*,#12500,.F.);
#12770 = ORIENTED_EDGE('',*,*,#12771,.F.);
#12771 = EDGE_CURVE('',#12742,#12493,#12772,.T.);
#12772 = LINE('',#12773,#12774);
#12773 = CARTESIAN_POINT('',(-0.25,0.,0.25));
#12774 = VECTOR('',#12775,1.);
#12775 = DIRECTION('',(1.,2.449293598295E-16,-0.));
#12776 = ORIENTED_EDGE('',*,*,#12741,.T.);
#12777 = PLANE('',#12778);
#12778 = AXIS2_PLACEMENT_3D('',#12779,#12780,#12781);
#12779 = CARTESIAN_POINT('',(-0.25,0.,0.25));
#12780 = DIRECTION('',(-2.449293598295E-16,1.,0.));
#12781 = DIRECTION('',(-1.,-2.449293598295E-16,0.));
#12782 = ADVANCED_FACE('',(#12783),#12798,.F.);
#12783 = FACE_BOUND('',#12784,.T.);
#12784 = EDGE_LOOP('',(#12785,#12786,#12792,#12793,#12794,#12795,#12796,
    #12797));
#12785 = ORIENTED_EDGE('',*,*,#12594,.T.);
#12786 = ORIENTED_EDGE('',*,*,#12787,.T.);
#12787 = EDGE_CURVE('',#12587,#12671,#12788,.T.);
#12788 = LINE('',#12789,#12790);
#12789 = CARTESIAN_POINT('',(-0.35,0.38,0.25));
#12790 = VECTOR('',#12791,1.);
#12791 = DIRECTION('',(9.856383386232E-17,1.,-0.));
#12792 = ORIENTED_EDGE('',*,*,#12670,.T.);
#12793 = ORIENTED_EDGE('',*,*,#12749,.T.);
#12794 = ORIENTED_EDGE('',*,*,#12771,.T.);
#12795 = ORIENTED_EDGE('',*,*,#12492,.T.);
#12796 = ORIENTED_EDGE('',*,*,#12530,.T.);
#12797 = ORIENTED_EDGE('',*,*,#12561,.T.);
#12798 = PLANE('',#12799);
#12799 = AXIS2_PLACEMENT_3D('',#12800,#12801,#12802);
#12800 = CARTESIAN_POINT('',(0.,0.,0.25));
#12801 = DIRECTION('',(0.,0.,-1.));
#12802 = DIRECTION('',(-1.,0.,-0.));
#12803 = ADVANCED_FACE('',(#12804),#12819,.T.);
#12804 = FACE_BOUND('',#12805,.T.);
#12805 = EDGE_LOOP('',(#12806,#12812,#12813,#12814,#12815,#12816,#12817,
    #12818));
#12806 = ORIENTED_EDGE('',*,*,#12807,.F.);
#12807 = EDGE_CURVE('',#12602,#12704,#12808,.T.);
#12808 = LINE('',#12809,#12810);
#12809 = CARTESIAN_POINT('',(-0.35,0.38,-0.25));
#12810 = VECTOR('',#12811,1.);
#12811 = DIRECTION('',(9.856383386232E-17,1.,-0.));
#12812 = ORIENTED_EDGE('',*,*,#12601,.F.);
#12813 = ORIENTED_EDGE('',*,*,#12545,.F.);
#12814 = ORIENTED_EDGE('',*,*,#12514,.F.);
#12815 = ORIENTED_EDGE('',*,*,#12474,.F.);
#12816 = ORIENTED_EDGE('',*,*,#12764,.F.);
#12817 = ORIENTED_EDGE('',*,*,#12733,.F.);
#12818 = ORIENTED_EDGE('',*,*,#12711,.F.);
#12819 = PLANE('',#12820);
#12820 = AXIS2_PLACEMENT_3D('',#12821,#12822,#12823);
#12821 = CARTESIAN_POINT('',(0.,0.,-0.25));
#12822 = DIRECTION('',(0.,0.,-1.));
#12823 = DIRECTION('',(-1.,0.,-0.));
#12824 = ADVANCED_FACE('',(#12825),#12836,.F.);
#12825 = FACE_BOUND('',#12826,.T.);
#12826 = EDGE_LOOP('',(#12827,#12828,#12829,#12830));
#12827 = ORIENTED_EDGE('',*,*,#12695,.T.);
#12828 = ORIENTED_EDGE('',*,*,#12656,.F.);
#12829 = ORIENTED_EDGE('',*,*,#12617,.F.);
#12830 = ORIENTED_EDGE('',*,*,#12831,.T.);
#12831 = EDGE_CURVE('',#12610,#12696,#12832,.T.);
#12832 = LINE('',#12833,#12834);
#12833 = CARTESIAN_POINT('',(-0.35,0.38,-0.166666666667));
#12834 = VECTOR('',#12835,1.);
#12835 = DIRECTION('',(9.856383386232E-17,1.,-0.));
#12836 = PLANE('',#12837);
#12837 = AXIS2_PLACEMENT_3D('',#12838,#12839,#12840);
#12838 = CARTESIAN_POINT('',(-0.25,0.38,-0.166666666667));
#12839 = DIRECTION('',(5.421010862428E-16,-5.343156140101E-32,1.));
#12840 = DIRECTION('',(1.,0.,-5.421010862428E-16));
#12841 = ADVANCED_FACE('',(#12842),#12848,.F.);
#12842 = FACE_BOUND('',#12843,.T.);
#12843 = EDGE_LOOP('',(#12844,#12845,#12846,#12847));
#12844 = ORIENTED_EDGE('',*,*,#12703,.T.);
#12845 = ORIENTED_EDGE('',*,*,#12831,.F.);
#12846 = ORIENTED_EDGE('',*,*,#12609,.F.);
#12847 = ORIENTED_EDGE('',*,*,#12807,.T.);
#12848 = PLANE('',#12849);
#12849 = AXIS2_PLACEMENT_3D('',#12850,#12851,#12852);
#12850 = CARTESIAN_POINT('',(-0.35,0.38,-0.25));
#12851 = DIRECTION('',(-1.,9.856383386232E-17,0.));
#12852 = DIRECTION('',(-9.856383386232E-17,-1.,0.));
#12853 = ADVANCED_FACE('',(#12854),#12865,.F.);
#12854 = FACE_BOUND('',#12855,.T.);
#12855 = EDGE_LOOP('',(#12856,#12857,#12858,#12859));
#12856 = ORIENTED_EDGE('',*,*,#12680,.T.);
#12857 = ORIENTED_EDGE('',*,*,#12787,.F.);
#12858 = ORIENTED_EDGE('',*,*,#12586,.F.);
#12859 = ORIENTED_EDGE('',*,*,#12860,.T.);
#12860 = EDGE_CURVE('',#12579,#12681,#12861,.T.);
#12861 = LINE('',#12862,#12863);
#12862 = CARTESIAN_POINT('',(-0.35,0.38,0.166666666667));
#12863 = VECTOR('',#12864,1.);
#12864 = DIRECTION('',(9.856383386232E-17,1.,-0.));
#12865 = PLANE('',#12866);
#12866 = AXIS2_PLACEMENT_3D('',#12867,#12868,#12869);
#12867 = CARTESIAN_POINT('',(-0.35,0.38,0.25));
#12868 = DIRECTION('',(-1.,9.856383386232E-17,0.));
#12869 = DIRECTION('',(-9.856383386232E-17,-1.,0.));
#12870 = ADVANCED_FACE('',(#12871),#12877,.F.);
#12871 = FACE_BOUND('',#12872,.T.);
#12872 = EDGE_LOOP('',(#12873,#12874,#12875,#12876));
#12873 = ORIENTED_EDGE('',*,*,#12688,.T.);
#12874 = ORIENTED_EDGE('',*,*,#12860,.F.);
#12875 = ORIENTED_EDGE('',*,*,#12576,.F.);
#12876 = ORIENTED_EDGE('',*,*,#12649,.T.);
#12877 = PLANE('',#12878);
#12878 = AXIS2_PLACEMENT_3D('',#12879,#12880,#12881);
#12879 = CARTESIAN_POINT('',(-0.25,0.38,0.166666666667));
#12880 = DIRECTION('',(0.,0.,-1.));
#12881 = DIRECTION('',(-1.,0.,0.));
#12882 = MANIFOLD_SOLID_BREP('',#12883);
#12883 = CLOSED_SHELL('',(#12884,#12924,#12955,#12986,#13049,#13080,
    #13143,#13174,#13196,#13217,#13238,#13255,#13267,#13284));
#12884 = ADVANCED_FACE('',(#12885),#12919,.F.);
#12885 = FACE_BOUND('',#12886,.T.);
#12886 = EDGE_LOOP('',(#12887,#12897,#12905,#12913));
#12887 = ORIENTED_EDGE('',*,*,#12888,.F.);
#12888 = EDGE_CURVE('',#12889,#12891,#12893,.T.);
#12889 = VERTEX_POINT('',#12890);
#12890 = CARTESIAN_POINT('',(0.25,0.,-0.25));
#12891 = VERTEX_POINT('',#12892);
#12892 = CARTESIAN_POINT('',(0.25,2.E-02,-0.25));
#12893 = LINE('',#12894,#12895);
#12894 = CARTESIAN_POINT('',(0.25,2.E-02,-0.25));
#12895 = VECTOR('',#12896,1.);
#12896 = DIRECTION('',(0.,1.,0.));
#12897 = ORIENTED_EDGE('',*,*,#12898,.F.);
#12898 = EDGE_CURVE('',#12899,#12889,#12901,.T.);
#12899 = VERTEX_POINT('',#12900);
#12900 = CARTESIAN_POINT('',(0.25,0.,0.25));
#12901 = LINE('',#12902,#12903);
#12902 = CARTESIAN_POINT('',(0.25,0.,0.25));
#12903 = VECTOR('',#12904,1.);
#12904 = DIRECTION('',(0.,-0.,-1.));
#12905 = ORIENTED_EDGE('',*,*,#12906,.T.);
#12906 = EDGE_CURVE('',#12899,#12907,#12909,.T.);
#12907 = VERTEX_POINT('',#12908);
#12908 = CARTESIAN_POINT('',(0.25,2.E-02,0.25));
#12909 = LINE('',#12910,#12911);
#12910 = CARTESIAN_POINT('',(0.25,2.E-02,0.25));
#12911 = VECTOR('',#12912,1.);
#12912 = DIRECTION('',(0.,1.,0.));
#12913 = ORIENTED_EDGE('',*,*,#12914,.T.);
#12914 = EDGE_CURVE('',#12907,#12891,#12915,.T.);
#12915 = LINE('',#12916,#12917);
#12916 = CARTESIAN_POINT('',(0.25,2.E-02,0.25));
#12917 = VECTOR('',#12918,1.);
#12918 = DIRECTION('',(0.,-0.,-1.));
#12919 = PLANE('',#12920);
#12920 = AXIS2_PLACEMENT_3D('',#12921,#12922,#12923);
#12921 = CARTESIAN_POINT('',(0.25,2.E-02,0.25));
#12922 = DIRECTION('',(1.,0.,-0.));
#12923 = DIRECTION('',(0.,0.,1.));
#12924 = ADVANCED_FACE('',(#12925),#12950,.F.);
#12925 = FACE_BOUND('',#12926,.T.);
#12926 = EDGE_LOOP('',(#12927,#12935,#12936,#12944));
#12927 = ORIENTED_EDGE('',*,*,#12928,.F.);
#12928 = EDGE_CURVE('',#12891,#12929,#12931,.T.);
#12929 = VERTEX_POINT('',#12930);
#12930 = CARTESIAN_POINT('',(0.48,2.E-02,-0.25));
#12931 = LINE('',#12932,#12933);
#12932 = CARTESIAN_POINT('',(0.25,2.E-02,-0.25));
#12933 = VECTOR('',#12934,1.);
#12934 = DIRECTION('',(1.,-1.32579070005E-16,0.));
#12935 = ORIENTED_EDGE('',*,*,#12914,.F.);
#12936 = ORIENTED_EDGE('',*,*,#12937,.T.);
#12937 = EDGE_CURVE('',#12907,#12938,#12940,.T.);
#12938 = VERTEX_POINT('',#12939);
#12939 = CARTESIAN_POINT('',(0.48,2.E-02,0.25));
#12940 = LINE('',#12941,#12942);
#12941 = CARTESIAN_POINT('',(0.25,2.E-02,0.25));
#12942 = VECTOR('',#12943,1.);
#12943 = DIRECTION('',(1.,-1.32579070005E-16,0.));
#12944 = ORIENTED_EDGE('',*,*,#12945,.T.);
#12945 = EDGE_CURVE('',#12938,#12929,#12946,.T.);
#12946 = LINE('',#12947,#12948);
#12947 = CARTESIAN_POINT('',(0.48,2.E-02,0.25));
#12948 = VECTOR('',#12949,1.);
#12949 = DIRECTION('',(0.,-0.,-1.));
#12950 = PLANE('',#12951);
#12951 = AXIS2_PLACEMENT_3D('',#12952,#12953,#12954);
#12952 = CARTESIAN_POINT('',(0.25,2.E-02,0.25));
#12953 = DIRECTION('',(-1.32579070005E-16,-1.,0.));
#12954 = DIRECTION('',(-1.,1.32579070005E-16,0.));
#12955 = ADVANCED_FACE('',(#12956),#12981,.F.);
#12956 = FACE_BOUND('',#12957,.T.);
#12957 = EDGE_LOOP('',(#12958,#12966,#12967,#12975));
#12958 = ORIENTED_EDGE('',*,*,#12959,.F.);
#12959 = EDGE_CURVE('',#12929,#12960,#12962,.T.);
#12960 = VERTEX_POINT('',#12961);
#12961 = CARTESIAN_POINT('',(0.48,0.38,-0.25));
#12962 = LINE('',#12963,#12964);
#12963 = CARTESIAN_POINT('',(0.48,2.E-02,-0.25));
#12964 = VECTOR('',#12965,1.);
#12965 = DIRECTION('',(0.,1.,0.));
#12966 = ORIENTED_EDGE('',*,*,#12945,.F.);
#12967 = ORIENTED_EDGE('',*,*,#12968,.T.);
#12968 = EDGE_CURVE('',#12938,#12969,#12971,.T.);
#12969 = VERTEX_POINT('',#12970);
#12970 = CARTESIAN_POINT('',(0.48,0.38,0.25));
#12971 = LINE('',#12972,#12973);
#12972 = CARTESIAN_POINT('',(0.48,2.E-02,0.25));
#12973 = VECTOR('',#12974,1.);
#12974 = DIRECTION('',(0.,1.,0.));
#12975 = ORIENTED_EDGE('',*,*,#12976,.T.);
#12976 = EDGE_CURVE('',#12969,#12960,#12977,.T.);
#12977 = LINE('',#12978,#12979);
#12978 = CARTESIAN_POINT('',(0.48,0.38,0.25));
#12979 = VECTOR('',#12980,1.);
#12980 = DIRECTION('',(0.,-0.,-1.));
#12981 = PLANE('',#12982);
#12982 = AXIS2_PLACEMENT_3D('',#12983,#12984,#12985);
#12983 = CARTESIAN_POINT('',(0.48,2.E-02,0.25));
#12984 = DIRECTION('',(1.,0.,-0.));
#12985 = DIRECTION('',(0.,0.,1.));
#12986 = ADVANCED_FACE('',(#12987),#13044,.F.);
#12987 = FACE_BOUND('',#12988,.T.);
#12988 = EDGE_LOOP('',(#12989,#12999,#13007,#13013,#13014,#13022,#13030,
    #13038));
#12989 = ORIENTED_EDGE('',*,*,#12990,.T.);
#12990 = EDGE_CURVE('',#12991,#12993,#12995,.T.);
#12991 = VERTEX_POINT('',#12992);
#12992 = CARTESIAN_POINT('',(0.25,0.38,-0.166666666667));
#12993 = VERTEX_POINT('',#12994);
#12994 = CARTESIAN_POINT('',(0.35,0.38,-0.166666666667));
#12995 = LINE('',#12996,#12997);
#12996 = CARTESIAN_POINT('',(0.25,0.38,-0.166666666667));
#12997 = VECTOR('',#12998,1.);
#12998 = DIRECTION('',(1.,-5.421010862428E-16,0.));
#12999 = ORIENTED_EDGE('',*,*,#13000,.T.);
#13000 = EDGE_CURVE('',#12993,#13001,#13003,.T.);
#13001 = VERTEX_POINT('',#13002);
#13002 = CARTESIAN_POINT('',(0.35,0.38,-0.25));
#13003 = LINE('',#13004,#13005);
#13004 = CARTESIAN_POINT('',(0.35,0.38,-0.25));
#13005 = VECTOR('',#13006,1.);
#13006 = DIRECTION('',(-0.,-0.,-1.));
#13007 = ORIENTED_EDGE('',*,*,#13008,.F.);
#13008 = EDGE_CURVE('',#12960,#13001,#13009,.T.);
#13009 = LINE('',#13010,#13011);
#13010 = CARTESIAN_POINT('',(0.48,0.38,-0.25));
#13011 = VECTOR('',#13012,1.);
#13012 = DIRECTION('',(-1.,0.,0.));
#13013 = ORIENTED_EDGE('',*,*,#12976,.F.);
#13014 = ORIENTED_EDGE('',*,*,#13015,.T.);
#13015 = EDGE_CURVE('',#12969,#13016,#13018,.T.);
#13016 = VERTEX_POINT('',#13017);
#13017 = CARTESIAN_POINT('',(0.35,0.38,0.25));
#13018 = LINE('',#13019,#13020);
#13019 = CARTESIAN_POINT('',(0.48,0.38,0.25));
#13020 = VECTOR('',#13021,1.);
#13021 = DIRECTION('',(-1.,0.,0.));
#13022 = ORIENTED_EDGE('',*,*,#13023,.T.);
#13023 = EDGE_CURVE('',#13016,#13024,#13026,.T.);
#13024 = VERTEX_POINT('',#13025);
#13025 = CARTESIAN_POINT('',(0.35,0.38,0.166666666667));
#13026 = LINE('',#13027,#13028);
#13027 = CARTESIAN_POINT('',(0.35,0.38,0.25));
#13028 = VECTOR('',#13029,1.);
#13029 = DIRECTION('',(0.,0.,-1.));
#13030 = ORIENTED_EDGE('',*,*,#13031,.T.);
#13031 = EDGE_CURVE('',#13024,#13032,#13034,.T.);
#13032 = VERTEX_POINT('',#13033);
#13033 = CARTESIAN_POINT('',(0.25,0.38,0.166666666667));
#13034 = LINE('',#13035,#13036);
#13035 = CARTESIAN_POINT('',(0.25,0.38,0.166666666667));
#13036 = VECTOR('',#13037,1.);
#13037 = DIRECTION('',(-1.,5.421010862428E-16,5.421010862428E-16));
#13038 = ORIENTED_EDGE('',*,*,#13039,.T.);
#13039 = EDGE_CURVE('',#13032,#12991,#13040,.T.);
#13040 = LINE('',#13041,#13042);
#13041 = CARTESIAN_POINT('',(0.25,0.38,0.25));
#13042 = VECTOR('',#13043,1.);
#13043 = DIRECTION('',(0.,-0.,-1.));
#13044 = PLANE('',#13045);
#13045 = AXIS2_PLACEMENT_3D('',#13046,#13047,#13048);
#13046 = CARTESIAN_POINT('',(0.48,0.38,0.25));
#13047 = DIRECTION('',(0.,1.,0.));
#13048 = DIRECTION('',(0.,-0.,1.));
#13049 = ADVANCED_FACE('',(#13050),#13075,.F.);
#13050 = FACE_BOUND('',#13051,.T.);
#13051 = EDGE_LOOP('',(#13052,#13062,#13068,#13069));
#13052 = ORIENTED_EDGE('',*,*,#13053,.T.);
#13053 = EDGE_CURVE('',#13054,#13056,#13058,.T.);
#13054 = VERTEX_POINT('',#13055);
#13055 = CARTESIAN_POINT('',(0.25,0.4,0.166666666667));
#13056 = VERTEX_POINT('',#13057);
#13057 = CARTESIAN_POINT('',(0.25,0.4,-0.166666666667));
#13058 = LINE('',#13059,#13060);
#13059 = CARTESIAN_POINT('',(0.25,0.4,0.25));
#13060 = VECTOR('',#13061,1.);
#13061 = DIRECTION('',(0.,-0.,-1.));
#13062 = ORIENTED_EDGE('',*,*,#13063,.F.);
#13063 = EDGE_CURVE('',#12991,#13056,#13064,.T.);
#13064 = LINE('',#13065,#13066);
#13065 = CARTESIAN_POINT('',(0.25,0.38,-0.166666666667));
#13066 = VECTOR('',#13067,1.);
#13067 = DIRECTION('',(9.856383386232E-17,1.,-0.));
#13068 = ORIENTED_EDGE('',*,*,#13039,.F.);
#13069 = ORIENTED_EDGE('',*,*,#13070,.T.);
#13070 = EDGE_CURVE('',#13032,#13054,#13071,.T.);
#13071 = LINE('',#13072,#13073);
#13072 = CARTESIAN_POINT('',(0.25,0.38,0.166666666667));
#13073 = VECTOR('',#13074,1.);
#13074 = DIRECTION('',(9.856383386232E-17,1.,-0.));
#13075 = PLANE('',#13076);
#13076 = AXIS2_PLACEMENT_3D('',#13077,#13078,#13079);
#13077 = CARTESIAN_POINT('',(0.25,0.4,0.25));
#13078 = DIRECTION('',(1.,0.,-0.));
#13079 = DIRECTION('',(0.,0.,1.));
#13080 = ADVANCED_FACE('',(#13081),#13138,.F.);
#13081 = FACE_BOUND('',#13082,.T.);
#13082 = EDGE_LOOP('',(#13083,#13093,#13101,#13107,#13108,#13116,#13124,
    #13132));
#13083 = ORIENTED_EDGE('',*,*,#13084,.F.);
#13084 = EDGE_CURVE('',#13085,#13087,#13089,.T.);
#13085 = VERTEX_POINT('',#13086);
#13086 = CARTESIAN_POINT('',(0.35,0.4,-0.25));
#13087 = VERTEX_POINT('',#13088);
#13088 = CARTESIAN_POINT('',(0.5,0.4,-0.25));
#13089 = LINE('',#13090,#13091);
#13090 = CARTESIAN_POINT('',(0.5,0.4,-0.25));
#13091 = VECTOR('',#13092,1.);
#13092 = DIRECTION('',(1.,-0.,-0.));
#13093 = ORIENTED_EDGE('',*,*,#13094,.F.);
#13094 = EDGE_CURVE('',#13095,#13085,#13097,.T.);
#13095 = VERTEX_POINT('',#13096);
#13096 = CARTESIAN_POINT('',(0.35,0.4,-0.166666666667));
#13097 = LINE('',#13098,#13099);
#13098 = CARTESIAN_POINT('',(0.35,0.4,-0.25));
#13099 = VECTOR('',#13100,1.);
#13100 = DIRECTION('',(-0.,-0.,-1.));
#13101 = ORIENTED_EDGE('',*,*,#13102,.F.);
#13102 = EDGE_CURVE('',#13056,#13095,#13103,.T.);
#13103 = LINE('',#13104,#13105);
#13104 = CARTESIAN_POINT('',(0.25,0.4,-0.166666666667));
#13105 = VECTOR('',#13106,1.);
#13106 = DIRECTION('',(1.,-5.421010862428E-16,0.));
#13107 = ORIENTED_EDGE('',*,*,#13053,.F.);
#13108 = ORIENTED_EDGE('',*,*,#13109,.F.);
#13109 = EDGE_CURVE('',#13110,#13054,#13112,.T.);
#13110 = VERTEX_POINT('',#13111);
#13111 = CARTESIAN_POINT('',(0.35,0.4,0.166666666667));
#13112 = LINE('',#13113,#13114);
#13113 = CARTESIAN_POINT('',(0.25,0.4,0.166666666667));
#13114 = VECTOR('',#13115,1.);
#13115 = DIRECTION('',(-1.,5.421010862428E-16,5.421010862428E-16));
#13116 = ORIENTED_EDGE('',*,*,#13117,.F.);
#13117 = EDGE_CURVE('',#13118,#13110,#13120,.T.);
#13118 = VERTEX_POINT('',#13119);
#13119 = CARTESIAN_POINT('',(0.35,0.4,0.25));
#13120 = LINE('',#13121,#13122);
#13121 = CARTESIAN_POINT('',(0.35,0.4,0.25));
#13122 = VECTOR('',#13123,1.);
#13123 = DIRECTION('',(0.,0.,-1.));
#13124 = ORIENTED_EDGE('',*,*,#13125,.T.);
#13125 = EDGE_CURVE('',#13118,#13126,#13128,.T.);
#13126 = VERTEX_POINT('',#13127);
#13127 = CARTESIAN_POINT('',(0.5,0.4,0.25));
#13128 = LINE('',#13129,#13130);
#13129 = CARTESIAN_POINT('',(0.5,0.4,0.25));
#13130 = VECTOR('',#13131,1.);
#13131 = DIRECTION('',(1.,-0.,-0.));
#13132 = ORIENTED_EDGE('',*,*,#13133,.T.);
#13133 = EDGE_CURVE('',#13126,#13087,#13134,.T.);
#13134 = LINE('',#13135,#13136);
#13135 = CARTESIAN_POINT('',(0.5,0.4,0.25));
#13136 = VECTOR('',#13137,1.);
#13137 = DIRECTION('',(0.,-0.,-1.));
#13138 = PLANE('',#13139);
#13139 = AXIS2_PLACEMENT_3D('',#13140,#13141,#13142);
#13140 = CARTESIAN_POINT('',(0.5,0.4,0.25));
#13141 = DIRECTION('',(0.,-1.,-0.));
#13142 = DIRECTION('',(-0.,0.,-1.));
#13143 = ADVANCED_FACE('',(#13144),#13169,.F.);
#13144 = FACE_BOUND('',#13145,.T.);
#13145 = EDGE_LOOP('',(#13146,#13154,#13155,#13163));
#13146 = ORIENTED_EDGE('',*,*,#13147,.F.);
#13147 = EDGE_CURVE('',#13087,#13148,#13150,.T.);
#13148 = VERTEX_POINT('',#13149);
#13149 = CARTESIAN_POINT('',(0.5,-6.123233995737E-17,-0.25));
#13150 = LINE('',#13151,#13152);
#13151 = CARTESIAN_POINT('',(0.5,-6.123233995737E-17,-0.25));
#13152 = VECTOR('',#13153,1.);
#13153 = DIRECTION('',(0.,-1.,-0.));
#13154 = ORIENTED_EDGE('',*,*,#13133,.F.);
#13155 = ORIENTED_EDGE('',*,*,#13156,.T.);
#13156 = EDGE_CURVE('',#13126,#13157,#13159,.T.);
#13157 = VERTEX_POINT('',#13158);
#13158 = CARTESIAN_POINT('',(0.5,-6.123233995737E-17,0.25));
#13159 = LINE('',#13160,#13161);
#13160 = CARTESIAN_POINT('',(0.5,-6.123233995737E-17,0.25));
#13161 = VECTOR('',#13162,1.);
#13162 = DIRECTION('',(0.,-1.,-0.));
#13163 = ORIENTED_EDGE('',*,*,#13164,.T.);
#13164 = EDGE_CURVE('',#13157,#13148,#13165,.T.);
#13165 = LINE('',#13166,#13167);
#13166 = CARTESIAN_POINT('',(0.5,-6.123233995737E-17,0.25));
#13167 = VECTOR('',#13168,1.);
#13168 = DIRECTION('',(0.,-0.,-1.));
#13169 = PLANE('',#13170);
#13170 = AXIS2_PLACEMENT_3D('',#13171,#13172,#13173);
#13171 = CARTESIAN_POINT('',(0.5,-6.123233995737E-17,0.25));
#13172 = DIRECTION('',(-1.,0.,0.));
#13173 = DIRECTION('',(0.,0.,-1.));
#13174 = ADVANCED_FACE('',(#13175),#13191,.F.);
#13175 = FACE_BOUND('',#13176,.T.);
#13176 = EDGE_LOOP('',(#13177,#13183,#13184,#13190));
#13177 = ORIENTED_EDGE('',*,*,#13178,.F.);
#13178 = EDGE_CURVE('',#13148,#12889,#13179,.T.);
#13179 = LINE('',#13180,#13181);
#13180 = CARTESIAN_POINT('',(0.25,0.,-0.25));
#13181 = VECTOR('',#13182,1.);
#13182 = DIRECTION('',(-1.,2.449293598295E-16,0.));
#13183 = ORIENTED_EDGE('',*,*,#13164,.F.);
#13184 = ORIENTED_EDGE('',*,*,#13185,.T.);
#13185 = EDGE_CURVE('',#13157,#12899,#13186,.T.);
#13186 = LINE('',#13187,#13188);
#13187 = CARTESIAN_POINT('',(0.25,0.,0.25));
#13188 = VECTOR('',#13189,1.);
#13189 = DIRECTION('',(-1.,2.449293598295E-16,0.));
#13190 = ORIENTED_EDGE('',*,*,#12898,.T.);
#13191 = PLANE('',#13192);
#13192 = AXIS2_PLACEMENT_3D('',#13193,#13194,#13195);
#13193 = CARTESIAN_POINT('',(0.25,0.,0.25));
#13194 = DIRECTION('',(2.449293598295E-16,1.,0.));
#13195 = DIRECTION('',(1.,-2.449293598295E-16,0.));
#13196 = ADVANCED_FACE('',(#13197),#13212,.F.);
#13197 = FACE_BOUND('',#13198,.T.);
#13198 = EDGE_LOOP('',(#13199,#13200,#13206,#13207,#13208,#13209,#13210,
    #13211));
#13199 = ORIENTED_EDGE('',*,*,#13125,.F.);
#13200 = ORIENTED_EDGE('',*,*,#13201,.F.);
#13201 = EDGE_CURVE('',#13016,#13118,#13202,.T.);
#13202 = LINE('',#13203,#13204);
#13203 = CARTESIAN_POINT('',(0.35,0.38,0.25));
#13204 = VECTOR('',#13205,1.);
#13205 = DIRECTION('',(9.856383386232E-17,1.,-0.));
#13206 = ORIENTED_EDGE('',*,*,#13015,.F.);
#13207 = ORIENTED_EDGE('',*,*,#12968,.F.);
#13208 = ORIENTED_EDGE('',*,*,#12937,.F.);
#13209 = ORIENTED_EDGE('',*,*,#12906,.F.);
#13210 = ORIENTED_EDGE('',*,*,#13185,.F.);
#13211 = ORIENTED_EDGE('',*,*,#13156,.F.);
#13212 = PLANE('',#13213);
#13213 = AXIS2_PLACEMENT_3D('',#13214,#13215,#13216);
#13214 = CARTESIAN_POINT('',(0.,0.,0.25));
#13215 = DIRECTION('',(0.,0.,-1.));
#13216 = DIRECTION('',(1.,0.,0.));
#13217 = ADVANCED_FACE('',(#13218),#13233,.T.);
#13218 = FACE_BOUND('',#13219,.T.);
#13219 = EDGE_LOOP('',(#13220,#13226,#13227,#13228,#13229,#13230,#13231,
    #13232));
#13220 = ORIENTED_EDGE('',*,*,#13221,.T.);
#13221 = EDGE_CURVE('',#13001,#13085,#13222,.T.);
#13222 = LINE('',#13223,#13224);
#13223 = CARTESIAN_POINT('',(0.35,0.38,-0.25));
#13224 = VECTOR('',#13225,1.);
#13225 = DIRECTION('',(9.856383386232E-17,1.,-0.));
#13226 = ORIENTED_EDGE('',*,*,#13084,.T.);
#13227 = ORIENTED_EDGE('',*,*,#13147,.T.);
#13228 = ORIENTED_EDGE('',*,*,#13178,.T.);
#13229 = ORIENTED_EDGE('',*,*,#12888,.T.);
#13230 = ORIENTED_EDGE('',*,*,#12928,.T.);
#13231 = ORIENTED_EDGE('',*,*,#12959,.T.);
#13232 = ORIENTED_EDGE('',*,*,#13008,.T.);
#13233 = PLANE('',#13234);
#13234 = AXIS2_PLACEMENT_3D('',#13235,#13236,#13237);
#13235 = CARTESIAN_POINT('',(0.,0.,-0.25));
#13236 = DIRECTION('',(0.,0.,-1.));
#13237 = DIRECTION('',(1.,0.,0.));
#13238 = ADVANCED_FACE('',(#13239),#13250,.F.);
#13239 = FACE_BOUND('',#13240,.T.);
#13240 = EDGE_LOOP('',(#13241,#13242,#13243,#13244));
#13241 = ORIENTED_EDGE('',*,*,#13094,.T.);
#13242 = ORIENTED_EDGE('',*,*,#13221,.F.);
#13243 = ORIENTED_EDGE('',*,*,#13000,.F.);
#13244 = ORIENTED_EDGE('',*,*,#13245,.T.);
#13245 = EDGE_CURVE('',#12993,#13095,#13246,.T.);
#13246 = LINE('',#13247,#13248);
#13247 = CARTESIAN_POINT('',(0.35,0.38,-0.166666666667));
#13248 = VECTOR('',#13249,1.);
#13249 = DIRECTION('',(9.856383386232E-17,1.,-0.));
#13250 = PLANE('',#13251);
#13251 = AXIS2_PLACEMENT_3D('',#13252,#13253,#13254);
#13252 = CARTESIAN_POINT('',(0.35,0.38,-0.25));
#13253 = DIRECTION('',(1.,-9.856383386232E-17,0.));
#13254 = DIRECTION('',(9.856383386232E-17,1.,0.));
#13255 = ADVANCED_FACE('',(#13256),#13262,.F.);
#13256 = FACE_BOUND('',#13257,.T.);
#13257 = EDGE_LOOP('',(#13258,#13259,#13260,#13261));
#13258 = ORIENTED_EDGE('',*,*,#13102,.T.);
#13259 = ORIENTED_EDGE('',*,*,#13245,.F.);
#13260 = ORIENTED_EDGE('',*,*,#12990,.F.);
#13261 = ORIENTED_EDGE('',*,*,#13063,.T.);
#13262 = PLANE('',#13263);
#13263 = AXIS2_PLACEMENT_3D('',#13264,#13265,#13266);
#13264 = CARTESIAN_POINT('',(0.25,0.38,-0.166666666667));
#13265 = DIRECTION('',(0.,0.,1.));
#13266 = DIRECTION('',(1.,0.,-0.));
#13267 = ADVANCED_FACE('',(#13268),#13279,.F.);
#13268 = FACE_BOUND('',#13269,.T.);
#13269 = EDGE_LOOP('',(#13270,#13271,#13272,#13273));
#13270 = ORIENTED_EDGE('',*,*,#13109,.T.);
#13271 = ORIENTED_EDGE('',*,*,#13070,.F.);
#13272 = ORIENTED_EDGE('',*,*,#13031,.F.);
#13273 = ORIENTED_EDGE('',*,*,#13274,.T.);
#13274 = EDGE_CURVE('',#13024,#13110,#13275,.T.);
#13275 = LINE('',#13276,#13277);
#13276 = CARTESIAN_POINT('',(0.35,0.38,0.166666666667));
#13277 = VECTOR('',#13278,1.);
#13278 = DIRECTION('',(9.856383386232E-17,1.,-0.));
#13279 = PLANE('',#13280);
#13280 = AXIS2_PLACEMENT_3D('',#13281,#13282,#13283);
#13281 = CARTESIAN_POINT('',(0.25,0.38,0.166666666667));
#13282 = DIRECTION('',(-5.421010862428E-16,5.343156140101E-32,-1.));
#13283 = DIRECTION('',(-1.,0.,5.421010862428E-16));
#13284 = ADVANCED_FACE('',(#13285),#13291,.F.);
#13285 = FACE_BOUND('',#13286,.T.);
#13286 = EDGE_LOOP('',(#13287,#13288,#13289,#13290));
#13287 = ORIENTED_EDGE('',*,*,#13117,.T.);
#13288 = ORIENTED_EDGE('',*,*,#13274,.F.);
#13289 = ORIENTED_EDGE('',*,*,#13023,.F.);
#13290 = ORIENTED_EDGE('',*,*,#13201,.T.);
#13291 = PLANE('',#13292);
#13292 = AXIS2_PLACEMENT_3D('',#13293,#13294,#13295);
#13293 = CARTESIAN_POINT('',(0.35,0.38,0.25));
#13294 = DIRECTION('',(1.,-9.856383386232E-17,0.));
#13295 = DIRECTION('',(9.856383386232E-17,1.,0.));
#13296 = ( GEOMETRIC_REPRESENTATION_CONTEXT(3) 
GLOBAL_UNCERTAINTY_ASSIGNED_CONTEXT((#13300)) 
GLOBAL_UNIT_ASSIGNED_CONTEXT((#13297,#13298,#13299)) 
REPRESENTATION_CONTEXT('Context #1',
  '3D Context with UNIT and UNCERTAINTY') );
#13297 = ( LENGTH_UNIT() NAMED_UNIT(*) SI_UNIT(.MILLI.,.METRE.) );
#13298 = ( NAMED_UNIT(*) PLANE_ANGLE_UNIT() SI_UNIT($,.RADIAN.) );
#13299 = ( NAMED_UNIT(*) SI_UNIT($,.STERADIAN.) SOLID_ANGLE_UNIT() );
#13300 = UNCERTAINTY_MEASURE_WITH_UNIT(LENGTH_MEASURE(1.E-07),#13297,
  'distance_accuracy_value','confusion accuracy');
#13301 = CONTEXT_DEPENDENT_SHAPE_REPRESENTATION(#13302,#13304);
#13302 = ( REPRESENTATION_RELATIONSHIP('','',#12167,#12144) 
REPRESENTATION_RELATIONSHIP_WITH_TRANSFORMATION(#13303) 
SHAPE_REPRESENTATION_RELATIONSHIP() );
#13303 = ITEM_DEFINED_TRANSFORMATION('','',#11,#12145);
#13304 = PRODUCT_DEFINITION_SHAPE('Placement','Placement of an item',
  #13305);
#13305 = NEXT_ASSEMBLY_USAGE_OCCURRENCE('11','=>[0:1:1:13]','',#12139,
  #12162,$);
#13306 = PRODUCT_RELATED_PRODUCT_CATEGORY('part',$,(#12164));
#13307 = CONTEXT_DEPENDENT_SHAPE_REPRESENTATION(#13308,#13310);
#13308 = ( REPRESENTATION_RELATIONSHIP('','',#6194,#10) 
REPRESENTATION_RELATIONSHIP_WITH_TRANSFORMATION(#13309) 
SHAPE_REPRESENTATION_RELATIONSHIP() );
#13309 = ITEM_DEFINED_TRANSFORMATION('','',#11,#39);
#13310 = PRODUCT_DEFINITION_SHAPE('Placement','Placement of an item',
  #13311);
#13311 = NEXT_ASSEMBLY_USAGE_OCCURRENCE('13','C2','',#5,#6189,$);
#13312 = CONTEXT_DEPENDENT_SHAPE_REPRESENTATION(#13313,#13315);
#13313 = ( REPRESENTATION_RELATIONSHIP('','',#68,#10) 
REPRESENTATION_RELATIONSHIP_WITH_TRANSFORMATION(#13314) 
SHAPE_REPRESENTATION_RELATIONSHIP() );
#13314 = ITEM_DEFINED_TRANSFORMATION('','',#11,#43);
#13315 = PRODUCT_DEFINITION_SHAPE('Placement','Placement of an item',
  #13316);
#13316 = NEXT_ASSEMBLY_USAGE_OCCURRENCE('14','R3','',#5,#63,$);
#13317 = SHAPE_DEFINITION_REPRESENTATION(#13318,#13324);
#13318 = PRODUCT_DEFINITION_SHAPE('','',#13319);
#13319 = PRODUCT_DEFINITION('design','',#13320,#13323);
#13320 = PRODUCT_DEFINITION_FORMATION('','',#13321);
#13321 = PRODUCT('SOIC-8','SOIC-8','',(#13322));
#13322 = PRODUCT_CONTEXT('',#2,'mechanical');
#13323 = PRODUCT_DEFINITION_CONTEXT('part definition',#2,'design');
#13324 = SHAPE_REPRESENTATION('',(#11,#13325),#13329);
#13325 = AXIS2_PLACEMENT_3D('',#13326,#13327,#13328);
#13326 = CARTESIAN_POINT('',(0.,0.,0.));
#13327 = DIRECTION('',(0.,0.,1.));
#13328 = DIRECTION('',(1.,0.,-0.));
#13329 = ( GEOMETRIC_REPRESENTATION_CONTEXT(3) 
GLOBAL_UNCERTAINTY_ASSIGNED_CONTEXT((#13333)) 
GLOBAL_UNIT_ASSIGNED_CONTEXT((#13330,#13331,#13332)) 
REPRESENTATION_CONTEXT('Context #1',
  '3D Context with UNIT and UNCERTAINTY') );
#13330 = ( LENGTH_UNIT() NAMED_UNIT(*) SI_UNIT(.MILLI.,.METRE.) );
#13331 = ( NAMED_UNIT(*) PLANE_ANGLE_UNIT() SI_UNIT($,.RADIAN.) );
#13332 = ( NAMED_UNIT(*) SI_UNIT($,.STERADIAN.) SOLID_ANGLE_UNIT() );
#13333 = UNCERTAINTY_MEASURE_WITH_UNIT(LENGTH_MEASURE(1.E-07),#13330,
  'distance_accuracy_value','confusion accuracy');
#13334 = CONTEXT_DEPENDENT_SHAPE_REPRESENTATION(#13335,#13337);
#13335 = ( REPRESENTATION_RELATIONSHIP('','',#13324,#10) 
REPRESENTATION_RELATIONSHIP_WITH_TRANSFORMATION(#13336) 
SHAPE_REPRESENTATION_RELATIONSHIP() );
#13336 = ITEM_DEFINED_TRANSFORMATION('','',#11,#47);
#13337 = PRODUCT_DEFINITION_SHAPE('Placement','Placement of an item',
  #13338);
#13338 = NEXT_ASSEMBLY_USAGE_OCCURRENCE('16','U2','',#5,#13319,$);
#13339 = PRODUCT_RELATED_PRODUCT_CATEGORY('part',$,(#13321));
#13340 = SHAPE_DEFINITION_REPRESENTATION(#13341,#13347);
#13341 = PRODUCT_DEFINITION_SHAPE('','',#13342);
#13342 = PRODUCT_DEFINITION('design','',#13343,#13346);
#13343 = PRODUCT_DEFINITION_FORMATION('','',#13344);
#13344 = PRODUCT('SOIC8-150-50','SOIC8-150-50','',(#13345));
#13345 = PRODUCT_CONTEXT('',#2,'mechanical');
#13346 = PRODUCT_DEFINITION_CONTEXT('part definition',#2,'design');
#13347 = ADVANCED_BREP_SHAPE_REPRESENTATION('',(#11,#13348),#16587);
#13348 = MANIFOLD_SOLID_BREP('',#13349);
#13349 = CLOSED_SHELL('',(#13350,#13392,#13568,#13599,#13766,#13788,
    #13838,#13878,#13900,#13917,#13934,#13946,#13976,#14000,#14017,
    #14035,#14047,#14065,#14075,#14158,#14241,#14263,#14285,#14307,
    #14329,#14341,#14353,#14365,#14377,#14389,#14472,#14555,#14577,
    #14594,#14611,#14633,#14655,#14667,#14679,#14691,#14703,#14786,
    #14869,#14891,#14908,#14925,#14947,#14969,#14981,#14993,#15005,
    #15017,#15100,#15183,#15205,#15222,#15239,#15261,#15283,#15295,
    #15307,#15319,#15331,#15414,#15497,#15519,#15536,#15553,#15575,
    #15597,#15609,#15621,#15633,#15645,#15728,#15811,#15833,#15855,
    #15877,#15899,#15911,#15994,#16077,#16099,#16121,#16143,#16165,
    #16177,#16260,#16343,#16365,#16387,#16409,#16431,#16443,#16455,
    #16467,#16479,#16491,#16503,#16515,#16527,#16539,#16551,#16563,
    #16575));
#13350 = ADVANCED_FACE('',(#13351),#13387,.F.);
#13351 = FACE_BOUND('',#13352,.F.);
#13352 = EDGE_LOOP('',(#13353,#13363,#13372,#13380));
#13353 = ORIENTED_EDGE('',*,*,#13354,.T.);
#13354 = EDGE_CURVE('',#13355,#13357,#13359,.T.);
#13355 = VERTEX_POINT('',#13356);
#13356 = CARTESIAN_POINT('',(-0.95,1.76,-1.12959553514));
#13357 = VERTEX_POINT('',#13358);
#13358 = CARTESIAN_POINT('',(-0.95,1.91,-1.075));
#13359 = LINE('',#13360,#13361);
#13360 = CARTESIAN_POINT('',(-0.95,1.91,-1.075));
#13361 = VECTOR('',#13362,1.);
#13362 = DIRECTION('',(0.,0.939692620786,0.342020143326));
#13363 = ORIENTED_EDGE('',*,*,#13364,.F.);
#13364 = EDGE_CURVE('',#13365,#13357,#13367,.T.);
#13365 = VERTEX_POINT('',#13366);
#13366 = CARTESIAN_POINT('',(-0.95,1.91,-1.825));
#13367 = CIRCLE('',#13368,0.375);
#13368 = AXIS2_PLACEMENT_3D('',#13369,#13370,#13371);
#13369 = CARTESIAN_POINT('',(-0.95,1.91,-1.45));
#13370 = DIRECTION('',(0.,1.,0.));
#13371 = DIRECTION('',(0.,-0.,1.));
#13372 = ORIENTED_EDGE('',*,*,#13373,.F.);
#13373 = EDGE_CURVE('',#13374,#13365,#13376,.T.);
#13374 = VERTEX_POINT('',#13375);
#13375 = CARTESIAN_POINT('',(-0.95,1.76,-1.77040446486));
#13376 = LINE('',#13377,#13378);
#13377 = CARTESIAN_POINT('',(-0.95,1.91,-1.825));
#13378 = VECTOR('',#13379,1.);
#13379 = DIRECTION('',(4.188538737677E-17,0.939692620786,-0.342020143326
    ));
#13380 = ORIENTED_EDGE('',*,*,#13381,.T.);
#13381 = EDGE_CURVE('',#13374,#13355,#13382,.T.);
#13382 = CIRCLE('',#13383,0.32040446486);
#13383 = AXIS2_PLACEMENT_3D('',#13384,#13385,#13386);
#13384 = CARTESIAN_POINT('',(-0.95,1.76,-1.45));
#13385 = DIRECTION('',(0.,1.,0.));
#13386 = DIRECTION('',(0.,-0.,1.));
#13387 = CONICAL_SURFACE('',#13388,0.375,0.349065850399);
#13388 = AXIS2_PLACEMENT_3D('',#13389,#13390,#13391);
#13389 = CARTESIAN_POINT('',(-0.95,1.91,-1.45));
#13390 = DIRECTION('',(-0.,1.,-0.));
#13391 = DIRECTION('',(0.,0.,1.));
#13392 = ADVANCED_FACE('',(#13393,#13427,#13461,#13495,#13529),#13563,
  .F.);
#13393 = FACE_BOUND('',#13394,.T.);
#13394 = EDGE_LOOP('',(#13395,#13405,#13413,#13421));
#13395 = ORIENTED_EDGE('',*,*,#13396,.F.);
#13396 = EDGE_CURVE('',#13397,#13399,#13401,.T.);
#13397 = VERTEX_POINT('',#13398);
#13398 = CARTESIAN_POINT('',(1.95,1.025,2.12));
#13399 = VERTEX_POINT('',#13400);
#13400 = CARTESIAN_POINT('',(1.95,1.025,1.69));
#13401 = LINE('',#13402,#13403);
#13402 = CARTESIAN_POINT('',(1.95,1.025,-2.45));
#13403 = VECTOR('',#13404,1.);
#13404 = DIRECTION('',(-1.770125995895E-16,0.,-1.));
#13405 = ORIENTED_EDGE('',*,*,#13406,.T.);
#13406 = EDGE_CURVE('',#13397,#13407,#13409,.T.);
#13407 = VERTEX_POINT('',#13408);
#13408 = CARTESIAN_POINT('',(1.95,1.245,2.12));
#13409 = LINE('',#13410,#13411);
#13410 = CARTESIAN_POINT('',(1.95,1.91,2.12));
#13411 = VECTOR('',#13412,1.);
#13412 = DIRECTION('',(0.,1.,-0.));
#13413 = ORIENTED_EDGE('',*,*,#13414,.F.);
#13414 = EDGE_CURVE('',#13415,#13407,#13417,.T.);
#13415 = VERTEX_POINT('',#13416);
#13416 = CARTESIAN_POINT('',(1.95,1.245,1.69));
#13417 = LINE('',#13418,#13419);
#13418 = CARTESIAN_POINT('',(1.95,1.245,-2.45));
#13419 = VECTOR('',#13420,1.);
#13420 = DIRECTION('',(1.770125995895E-16,1.719230820641E-32,1.));
#13421 = ORIENTED_EDGE('',*,*,#13422,.F.);
#13422 = EDGE_CURVE('',#13399,#13415,#13423,.T.);
#13423 = LINE('',#13424,#13425);
#13424 = CARTESIAN_POINT('',(1.95,1.91,1.69));
#13425 = VECTOR('',#13426,1.);
#13426 = DIRECTION('',(0.,1.,-0.));
#13427 = FACE_BOUND('',#13428,.T.);
#13428 = EDGE_LOOP('',(#13429,#13439,#13447,#13455));
#13429 = ORIENTED_EDGE('',*,*,#13430,.F.);
#13430 = EDGE_CURVE('',#13431,#13433,#13435,.T.);
#13431 = VERTEX_POINT('',#13432);
#13432 = CARTESIAN_POINT('',(1.95,1.025,0.85));
#13433 = VERTEX_POINT('',#13434);
#13434 = CARTESIAN_POINT('',(1.95,1.025,0.42));
#13435 = LINE('',#13436,#13437);
#13436 = CARTESIAN_POINT('',(1.95,1.025,-2.45));
#13437 = VECTOR('',#13438,1.);
#13438 = DIRECTION('',(-1.770125995895E-16,0.,-1.));
#13439 = ORIENTED_EDGE('',*,*,#13440,.T.);
#13440 = EDGE_CURVE('',#13431,#13441,#13443,.T.);
#13441 = VERTEX_POINT('',#13442);
#13442 = CARTESIAN_POINT('',(1.95,1.245,0.85));
#13443 = LINE('',#13444,#13445);
#13444 = CARTESIAN_POINT('',(1.95,1.91,0.85));
#13445 = VECTOR('',#13446,1.);
#13446 = DIRECTION('',(0.,1.,-0.));
#13447 = ORIENTED_EDGE('',*,*,#13448,.F.);
#13448 = EDGE_CURVE('',#13449,#13441,#13451,.T.);
#13449 = VERTEX_POINT('',#13450);
#13450 = CARTESIAN_POINT('',(1.95,1.245,0.42));
#13451 = LINE('',#13452,#13453);
#13452 = CARTESIAN_POINT('',(1.95,1.245,-2.45));
#13453 = VECTOR('',#13454,1.);
#13454 = DIRECTION('',(1.770125995895E-16,1.719230820641E-32,1.));
#13455 = ORIENTED_EDGE('',*,*,#13456,.F.);
#13456 = EDGE_CURVE('',#13433,#13449,#13457,.T.);
#13457 = LINE('',#13458,#13459);
#13458 = CARTESIAN_POINT('',(1.95,1.91,0.42));
#13459 = VECTOR('',#13460,1.);
#13460 = DIRECTION('',(0.,1.,-0.));
#13461 = FACE_BOUND('',#13462,.T.);
#13462 = EDGE_LOOP('',(#13463,#13473,#13481,#13489));
#13463 = ORIENTED_EDGE('',*,*,#13464,.F.);
#13464 = EDGE_CURVE('',#13465,#13467,#13469,.T.);
#13465 = VERTEX_POINT('',#13466);
#13466 = CARTESIAN_POINT('',(1.95,1.025,-0.42));
#13467 = VERTEX_POINT('',#13468);
#13468 = CARTESIAN_POINT('',(1.95,1.025,-0.85));
#13469 = LINE('',#13470,#13471);
#13470 = CARTESIAN_POINT('',(1.95,1.025,-2.45));
#13471 = VECTOR('',#13472,1.);
#13472 = DIRECTION('',(-1.770125995895E-16,0.,-1.));
#13473 = ORIENTED_EDGE('',*,*,#13474,.T.);
#13474 = EDGE_CURVE('',#13465,#13475,#13477,.T.);
#13475 = VERTEX_POINT('',#13476);
#13476 = CARTESIAN_POINT('',(1.95,1.245,-0.42));
#13477 = LINE('',#13478,#13479);
#13478 = CARTESIAN_POINT('',(1.95,1.91,-0.42));
#13479 = VECTOR('',#13480,1.);
#13480 = DIRECTION('',(0.,1.,-0.));
#13481 = ORIENTED_EDGE('',*,*,#13482,.F.);
#13482 = EDGE_CURVE('',#13483,#13475,#13485,.T.);
#13483 = VERTEX_POINT('',#13484);
#13484 = CARTESIAN_POINT('',(1.95,1.245,-0.85));
#13485 = LINE('',#13486,#13487);
#13486 = CARTESIAN_POINT('',(1.95,1.245,-2.45));
#13487 = VECTOR('',#13488,1.);
#13488 = DIRECTION('',(1.770125995895E-16,1.719230820641E-32,1.));
#13489 = ORIENTED_EDGE('',*,*,#13490,.F.);
#13490 = EDGE_CURVE('',#13467,#13483,#13491,.T.);
#13491 = LINE('',#13492,#13493);
#13492 = CARTESIAN_POINT('',(1.95,1.91,-0.85));
#13493 = VECTOR('',#13494,1.);
#13494 = DIRECTION('',(0.,1.,-0.));
#13495 = FACE_BOUND('',#13496,.T.);
#13496 = EDGE_LOOP('',(#13497,#13507,#13515,#13523));
#13497 = ORIENTED_EDGE('',*,*,#13498,.F.);
#13498 = EDGE_CURVE('',#13499,#13501,#13503,.T.);
#13499 = VERTEX_POINT('',#13500);
#13500 = CARTESIAN_POINT('',(1.95,1.025,-1.69));
#13501 = VERTEX_POINT('',#13502);
#13502 = CARTESIAN_POINT('',(1.95,1.025,-2.12));
#13503 = LINE('',#13504,#13505);
#13504 = CARTESIAN_POINT('',(1.95,1.025,-2.45));
#13505 = VECTOR('',#13506,1.);
#13506 = DIRECTION('',(-1.770125995895E-16,0.,-1.));
#13507 = ORIENTED_EDGE('',*,*,#13508,.T.);
#13508 = EDGE_CURVE('',#13499,#13509,#13511,.T.);
#13509 = VERTEX_POINT('',#13510);
#13510 = CARTESIAN_POINT('',(1.95,1.245,-1.69));
#13511 = LINE('',#13512,#13513);
#13512 = CARTESIAN_POINT('',(1.95,1.91,-1.69));
#13513 = VECTOR('',#13514,1.);
#13514 = DIRECTION('',(0.,1.,-0.));
#13515 = ORIENTED_EDGE('',*,*,#13516,.F.);
#13516 = EDGE_CURVE('',#13517,#13509,#13519,.T.);
#13517 = VERTEX_POINT('',#13518);
#13518 = CARTESIAN_POINT('',(1.95,1.245,-2.12));
#13519 = LINE('',#13520,#13521);
#13520 = CARTESIAN_POINT('',(1.95,1.245,-2.45));
#13521 = VECTOR('',#13522,1.);
#13522 = DIRECTION('',(1.770125995895E-16,1.719230820641E-32,1.));
#13523 = ORIENTED_EDGE('',*,*,#13524,.F.);
#13524 = EDGE_CURVE('',#13501,#13517,#13525,.T.);
#13525 = LINE('',#13526,#13527);
#13526 = CARTESIAN_POINT('',(1.95,1.91,-2.12));
#13527 = VECTOR('',#13528,1.);
#13528 = DIRECTION('',(0.,1.,-0.));
#13529 = FACE_BOUND('',#13530,.T.);
#13530 = EDGE_LOOP('',(#13531,#13541,#13549,#13557));
#13531 = ORIENTED_EDGE('',*,*,#13532,.F.);
#13532 = EDGE_CURVE('',#13533,#13535,#13537,.T.);
#13533 = VERTEX_POINT('',#13534);
#13534 = CARTESIAN_POINT('',(1.95,1.31,-2.45));
#13535 = VERTEX_POINT('',#13536);
#13536 = CARTESIAN_POINT('',(1.95,0.983841000158,-2.45));
#13537 = LINE('',#13538,#13539);
#13538 = CARTESIAN_POINT('',(1.95,1.91,-2.45));
#13539 = VECTOR('',#13540,1.);
#13540 = DIRECTION('',(-0.,-1.,-0.));
#13541 = ORIENTED_EDGE('',*,*,#13542,.T.);
#13542 = EDGE_CURVE('',#13533,#13543,#13545,.T.);
#13543 = VERTEX_POINT('',#13544);
#13544 = CARTESIAN_POINT('',(1.95,1.31,2.45));
#13545 = LINE('',#13546,#13547);
#13546 = CARTESIAN_POINT('',(1.95,1.31,2.45));
#13547 = VECTOR('',#13548,1.);
#13548 = DIRECTION('',(1.770125995895E-16,0.,1.));
#13549 = ORIENTED_EDGE('',*,*,#13550,.T.);
#13550 = EDGE_CURVE('',#13543,#13551,#13553,.T.);
#13551 = VERTEX_POINT('',#13552);
#13552 = CARTESIAN_POINT('',(1.95,0.983841000158,2.45));
#13553 = LINE('',#13554,#13555);
#13554 = CARTESIAN_POINT('',(1.95,1.91,2.45));
#13555 = VECTOR('',#13556,1.);
#13556 = DIRECTION('',(-0.,-1.,-0.));
#13557 = ORIENTED_EDGE('',*,*,#13558,.T.);
#13558 = EDGE_CURVE('',#13551,#13535,#13559,.T.);
#13559 = LINE('',#13560,#13561);
#13560 = CARTESIAN_POINT('',(1.95,0.983841000158,-2.45));
#13561 = VECTOR('',#13562,1.);
#13562 = DIRECTION('',(-1.770125995895E-16,0.,-1.));
#13563 = PLANE('',#13564);
#13564 = AXIS2_PLACEMENT_3D('',#13565,#13566,#13567);
#13565 = CARTESIAN_POINT('',(1.95,1.91,-2.45));
#13566 = DIRECTION('',(-1.,0.,1.770125995895E-16));
#13567 = DIRECTION('',(1.770125995895E-16,0.,1.));
#13568 = ADVANCED_FACE('',(#13569),#13594,.F.);
#13569 = FACE_BOUND('',#13570,.T.);
#13570 = EDGE_LOOP('',(#13571,#13581,#13587,#13588));
#13571 = ORIENTED_EDGE('',*,*,#13572,.F.);
#13572 = EDGE_CURVE('',#13573,#13575,#13577,.T.);
#13573 = VERTEX_POINT('',#13574);
#13574 = CARTESIAN_POINT('',(-1.95,1.31,-2.45));
#13575 = VERTEX_POINT('',#13576);
#13576 = CARTESIAN_POINT('',(-1.95,0.983841000158,-2.45));
#13577 = LINE('',#13578,#13579);
#13578 = CARTESIAN_POINT('',(-1.95,1.91,-2.45));
#13579 = VECTOR('',#13580,1.);
#13580 = DIRECTION('',(-0.,-1.,-0.));
#13581 = ORIENTED_EDGE('',*,*,#13582,.T.);
#13582 = EDGE_CURVE('',#13573,#13533,#13583,.T.);
#13583 = LINE('',#13584,#13585);
#13584 = CARTESIAN_POINT('',(1.95,1.31,-2.45));
#13585 = VECTOR('',#13586,1.);
#13586 = DIRECTION('',(1.,0.,0.));
#13587 = ORIENTED_EDGE('',*,*,#13532,.T.);
#13588 = ORIENTED_EDGE('',*,*,#13589,.T.);
#13589 = EDGE_CURVE('',#13535,#13575,#13590,.T.);
#13590 = LINE('',#13591,#13592);
#13591 = CARTESIAN_POINT('',(-1.95,0.983841000158,-2.45));
#13592 = VECTOR('',#13593,1.);
#13593 = DIRECTION('',(-1.,0.,0.));
#13594 = PLANE('',#13595);
#13595 = AXIS2_PLACEMENT_3D('',#13596,#13597,#13598);
#13596 = CARTESIAN_POINT('',(-1.95,1.91,-2.45));
#13597 = DIRECTION('',(0.,0.,1.));
#13598 = DIRECTION('',(1.,0.,-0.));
#13599 = ADVANCED_FACE('',(#13600,#13634,#13668,#13702,#13736),#13761,
  .F.);
#13600 = FACE_BOUND('',#13601,.T.);
#13601 = EDGE_LOOP('',(#13602,#13612,#13620,#13628));
#13602 = ORIENTED_EDGE('',*,*,#13603,.T.);
#13603 = EDGE_CURVE('',#13604,#13606,#13608,.T.);
#13604 = VERTEX_POINT('',#13605);
#13605 = CARTESIAN_POINT('',(-1.95,1.245,1.69));
#13606 = VERTEX_POINT('',#13607);
#13607 = CARTESIAN_POINT('',(-1.95,1.245,2.12));
#13608 = LINE('',#13609,#13610);
#13609 = CARTESIAN_POINT('',(-1.95,1.245,-2.45));
#13610 = VECTOR('',#13611,1.);
#13611 = DIRECTION('',(1.327594496921E-16,-1.28942311548E-32,1.));
#13612 = ORIENTED_EDGE('',*,*,#13613,.T.);
#13613 = EDGE_CURVE('',#13606,#13614,#13616,.T.);
#13614 = VERTEX_POINT('',#13615);
#13615 = CARTESIAN_POINT('',(-1.95,1.025,2.12));
#13616 = LINE('',#13617,#13618);
#13617 = CARTESIAN_POINT('',(-1.95,1.91,2.12));
#13618 = VECTOR('',#13619,1.);
#13619 = DIRECTION('',(0.,-1.,0.));
#13620 = ORIENTED_EDGE('',*,*,#13621,.T.);
#13621 = EDGE_CURVE('',#13614,#13622,#13624,.T.);
#13622 = VERTEX_POINT('',#13623);
#13623 = CARTESIAN_POINT('',(-1.95,1.025,1.69));
#13624 = LINE('',#13625,#13626);
#13625 = CARTESIAN_POINT('',(-1.95,1.025,-2.45));
#13626 = VECTOR('',#13627,1.);
#13627 = DIRECTION('',(-1.327594496921E-16,0.,-1.));
#13628 = ORIENTED_EDGE('',*,*,#13629,.F.);
#13629 = EDGE_CURVE('',#13604,#13622,#13630,.T.);
#13630 = LINE('',#13631,#13632);
#13631 = CARTESIAN_POINT('',(-1.95,1.91,1.69));
#13632 = VECTOR('',#13633,1.);
#13633 = DIRECTION('',(0.,-1.,0.));
#13634 = FACE_BOUND('',#13635,.T.);
#13635 = EDGE_LOOP('',(#13636,#13646,#13654,#13662));
#13636 = ORIENTED_EDGE('',*,*,#13637,.T.);
#13637 = EDGE_CURVE('',#13638,#13640,#13642,.T.);
#13638 = VERTEX_POINT('',#13639);
#13639 = CARTESIAN_POINT('',(-1.95,1.245,0.42));
#13640 = VERTEX_POINT('',#13641);
#13641 = CARTESIAN_POINT('',(-1.95,1.245,0.85));
#13642 = LINE('',#13643,#13644);
#13643 = CARTESIAN_POINT('',(-1.95,1.245,-2.45));
#13644 = VECTOR('',#13645,1.);
#13645 = DIRECTION('',(1.327594496921E-16,-1.28942311548E-32,1.));
#13646 = ORIENTED_EDGE('',*,*,#13647,.T.);
#13647 = EDGE_CURVE('',#13640,#13648,#13650,.T.);
#13648 = VERTEX_POINT('',#13649);
#13649 = CARTESIAN_POINT('',(-1.95,1.025,0.85));
#13650 = LINE('',#13651,#13652);
#13651 = CARTESIAN_POINT('',(-1.95,1.91,0.85));
#13652 = VECTOR('',#13653,1.);
#13653 = DIRECTION('',(0.,-1.,0.));
#13654 = ORIENTED_EDGE('',*,*,#13655,.T.);
#13655 = EDGE_CURVE('',#13648,#13656,#13658,.T.);
#13656 = VERTEX_POINT('',#13657);
#13657 = CARTESIAN_POINT('',(-1.95,1.025,0.42));
#13658 = LINE('',#13659,#13660);
#13659 = CARTESIAN_POINT('',(-1.95,1.025,-2.45));
#13660 = VECTOR('',#13661,1.);
#13661 = DIRECTION('',(-1.327594496921E-16,0.,-1.));
#13662 = ORIENTED_EDGE('',*,*,#13663,.F.);
#13663 = EDGE_CURVE('',#13638,#13656,#13664,.T.);
#13664 = LINE('',#13665,#13666);
#13665 = CARTESIAN_POINT('',(-1.95,1.91,0.42));
#13666 = VECTOR('',#13667,1.);
#13667 = DIRECTION('',(0.,-1.,0.));
#13668 = FACE_BOUND('',#13669,.T.);
#13669 = EDGE_LOOP('',(#13670,#13680,#13688,#13696));
#13670 = ORIENTED_EDGE('',*,*,#13671,.T.);
#13671 = EDGE_CURVE('',#13672,#13674,#13676,.T.);
#13672 = VERTEX_POINT('',#13673);
#13673 = CARTESIAN_POINT('',(-1.95,1.245,-0.85));
#13674 = VERTEX_POINT('',#13675);
#13675 = CARTESIAN_POINT('',(-1.95,1.245,-0.42));
#13676 = LINE('',#13677,#13678);
#13677 = CARTESIAN_POINT('',(-1.95,1.245,-2.45));
#13678 = VECTOR('',#13679,1.);
#13679 = DIRECTION('',(1.327594496921E-16,-1.28942311548E-32,1.));
#13680 = ORIENTED_EDGE('',*,*,#13681,.T.);
#13681 = EDGE_CURVE('',#13674,#13682,#13684,.T.);
#13682 = VERTEX_POINT('',#13683);
#13683 = CARTESIAN_POINT('',(-1.95,1.025,-0.42));
#13684 = LINE('',#13685,#13686);
#13685 = CARTESIAN_POINT('',(-1.95,1.91,-0.42));
#13686 = VECTOR('',#13687,1.);
#13687 = DIRECTION('',(0.,-1.,0.));
#13688 = ORIENTED_EDGE('',*,*,#13689,.T.);
#13689 = EDGE_CURVE('',#13682,#13690,#13692,.T.);
#13690 = VERTEX_POINT('',#13691);
#13691 = CARTESIAN_POINT('',(-1.95,1.025,-0.85));
#13692 = LINE('',#13693,#13694);
#13693 = CARTESIAN_POINT('',(-1.95,1.025,-2.45));
#13694 = VECTOR('',#13695,1.);
#13695 = DIRECTION('',(-1.327594496921E-16,0.,-1.));
#13696 = ORIENTED_EDGE('',*,*,#13697,.F.);
#13697 = EDGE_CURVE('',#13672,#13690,#13698,.T.);
#13698 = LINE('',#13699,#13700);
#13699 = CARTESIAN_POINT('',(-1.95,1.91,-0.85));
#13700 = VECTOR('',#13701,1.);
#13701 = DIRECTION('',(0.,-1.,0.));
#13702 = FACE_BOUND('',#13703,.T.);
#13703 = EDGE_LOOP('',(#13704,#13714,#13722,#13730));
#13704 = ORIENTED_EDGE('',*,*,#13705,.T.);
#13705 = EDGE_CURVE('',#13706,#13708,#13710,.T.);
#13706 = VERTEX_POINT('',#13707);
#13707 = CARTESIAN_POINT('',(-1.95,1.245,-2.12));
#13708 = VERTEX_POINT('',#13709);
#13709 = CARTESIAN_POINT('',(-1.95,1.245,-1.69));
#13710 = LINE('',#13711,#13712);
#13711 = CARTESIAN_POINT('',(-1.95,1.245,-2.45));
#13712 = VECTOR('',#13713,1.);
#13713 = DIRECTION('',(1.327594496921E-16,-1.28942311548E-32,1.));
#13714 = ORIENTED_EDGE('',*,*,#13715,.T.);
#13715 = EDGE_CURVE('',#13708,#13716,#13718,.T.);
#13716 = VERTEX_POINT('',#13717);
#13717 = CARTESIAN_POINT('',(-1.95,1.025,-1.69));
#13718 = LINE('',#13719,#13720);
#13719 = CARTESIAN_POINT('',(-1.95,1.91,-1.69));
#13720 = VECTOR('',#13721,1.);
#13721 = DIRECTION('',(0.,-1.,0.));
#13722 = ORIENTED_EDGE('',*,*,#13723,.T.);
#13723 = EDGE_CURVE('',#13716,#13724,#13726,.T.);
#13724 = VERTEX_POINT('',#13725);
#13725 = CARTESIAN_POINT('',(-1.95,1.025,-2.12));
#13726 = LINE('',#13727,#13728);
#13727 = CARTESIAN_POINT('',(-1.95,1.025,-2.45));
#13728 = VECTOR('',#13729,1.);
#13729 = DIRECTION('',(-1.327594496921E-16,0.,-1.));
#13730 = ORIENTED_EDGE('',*,*,#13731,.F.);
#13731 = EDGE_CURVE('',#13706,#13724,#13732,.T.);
#13732 = LINE('',#13733,#13734);
#13733 = CARTESIAN_POINT('',(-1.95,1.91,-2.12));
#13734 = VECTOR('',#13735,1.);
#13735 = DIRECTION('',(0.,-1.,0.));
#13736 = FACE_BOUND('',#13737,.T.);
#13737 = EDGE_LOOP('',(#13738,#13748,#13754,#13755));
#13738 = ORIENTED_EDGE('',*,*,#13739,.F.);
#13739 = EDGE_CURVE('',#13740,#13742,#13744,.T.);
#13740 = VERTEX_POINT('',#13741);
#13741 = CARTESIAN_POINT('',(-1.95,1.31,2.45));
#13742 = VERTEX_POINT('',#13743);
#13743 = CARTESIAN_POINT('',(-1.95,0.983841000158,2.45));
#13744 = LINE('',#13745,#13746);
#13745 = CARTESIAN_POINT('',(-1.95,1.91,2.45));
#13746 = VECTOR('',#13747,1.);
#13747 = DIRECTION('',(-0.,-1.,-0.));
#13748 = ORIENTED_EDGE('',*,*,#13749,.T.);
#13749 = EDGE_CURVE('',#13740,#13573,#13750,.T.);
#13750 = LINE('',#13751,#13752);
#13751 = CARTESIAN_POINT('',(-1.95,1.31,-2.45));
#13752 = VECTOR('',#13753,1.);
#13753 = DIRECTION('',(-1.327594496921E-16,0.,-1.));
#13754 = ORIENTED_EDGE('',*,*,#13572,.T.);
#13755 = ORIENTED_EDGE('',*,*,#13756,.T.);
#13756 = EDGE_CURVE('',#13575,#13742,#13757,.T.);
#13757 = LINE('',#13758,#13759);
#13758 = CARTESIAN_POINT('',(-1.95,0.983841000158,-2.45));
#13759 = VECTOR('',#13760,1.);
#13760 = DIRECTION('',(1.327594496921E-16,0.,1.));
#13761 = PLANE('',#13762);
#13762 = AXIS2_PLACEMENT_3D('',#13763,#13764,#13765);
#13763 = CARTESIAN_POINT('',(-1.95,1.91,-2.45));
#13764 = DIRECTION('',(1.,0.,-1.327594496921E-16));
#13765 = DIRECTION('',(-1.327594496921E-16,0.,-1.));
#13766 = ADVANCED_FACE('',(#13767),#13783,.F.);
#13767 = FACE_BOUND('',#13768,.T.);
#13768 = EDGE_LOOP('',(#13769,#13770,#13776,#13777));
#13769 = ORIENTED_EDGE('',*,*,#13550,.F.);
#13770 = ORIENTED_EDGE('',*,*,#13771,.T.);
#13771 = EDGE_CURVE('',#13543,#13740,#13772,.T.);
#13772 = LINE('',#13773,#13774);
#13773 = CARTESIAN_POINT('',(-1.95,1.31,2.45));
#13774 = VECTOR('',#13775,1.);
#13775 = DIRECTION('',(-1.,0.,0.));
#13776 = ORIENTED_EDGE('',*,*,#13739,.T.);
#13777 = ORIENTED_EDGE('',*,*,#13778,.T.);
#13778 = EDGE_CURVE('',#13742,#13551,#13779,.T.);
#13779 = LINE('',#13780,#13781);
#13780 = CARTESIAN_POINT('',(-1.95,0.983841000158,2.45));
#13781 = VECTOR('',#13782,1.);
#13782 = DIRECTION('',(1.,0.,0.));
#13783 = PLANE('',#13784);
#13784 = AXIS2_PLACEMENT_3D('',#13785,#13786,#13787);
#13785 = CARTESIAN_POINT('',(-1.95,1.91,2.45));
#13786 = DIRECTION('',(0.,0.,-1.));
#13787 = DIRECTION('',(-1.,0.,-0.));
#13788 = ADVANCED_FACE('',(#13789,#13799),#13833,.T.);
#13789 = FACE_BOUND('',#13790,.T.);
#13790 = EDGE_LOOP('',(#13791,#13798));
#13791 = ORIENTED_EDGE('',*,*,#13792,.F.);
#13792 = EDGE_CURVE('',#13357,#13365,#13793,.T.);
#13793 = CIRCLE('',#13794,0.375);
#13794 = AXIS2_PLACEMENT_3D('',#13795,#13796,#13797);
#13795 = CARTESIAN_POINT('',(-0.95,1.91,-1.45));
#13796 = DIRECTION('',(0.,1.,0.));
#13797 = DIRECTION('',(0.,-0.,1.));
#13798 = ORIENTED_EDGE('',*,*,#13364,.F.);
#13799 = FACE_BOUND('',#13800,.T.);
#13800 = EDGE_LOOP('',(#13801,#13811,#13819,#13827));
#13801 = ORIENTED_EDGE('',*,*,#13802,.T.);
#13802 = EDGE_CURVE('',#13803,#13805,#13807,.T.);
#13803 = VERTEX_POINT('',#13804);
#13804 = CARTESIAN_POINT('',(1.844203811575,1.91,-2.344203811575));
#13805 = VERTEX_POINT('',#13806);
#13806 = CARTESIAN_POINT('',(-1.681971896506,1.91,-2.344203811575));
#13807 = LINE('',#13808,#13809);
#13808 = CARTESIAN_POINT('',(-1.95,1.91,-2.344203811575));
#13809 = VECTOR('',#13810,1.);
#13810 = DIRECTION('',(-1.,0.,0.));
#13811 = ORIENTED_EDGE('',*,*,#13812,.T.);
#13812 = EDGE_CURVE('',#13805,#13813,#13815,.T.);
#13813 = VERTEX_POINT('',#13814);
#13814 = CARTESIAN_POINT('',(-1.681971896506,1.91,2.344203811575));
#13815 = LINE('',#13816,#13817);
#13816 = CARTESIAN_POINT('',(-1.681971896506,1.91,2.232976633777E-16));
#13817 = VECTOR('',#13818,1.);
#13818 = DIRECTION('',(1.327594496921E-16,0.,1.));
#13819 = ORIENTED_EDGE('',*,*,#13820,.T.);
#13820 = EDGE_CURVE('',#13813,#13821,#13823,.T.);
#13821 = VERTEX_POINT('',#13822);
#13822 = CARTESIAN_POINT('',(1.844203811575,1.91,2.344203811575));
#13823 = LINE('',#13824,#13825);
#13824 = CARTESIAN_POINT('',(1.95,1.91,2.344203811575));
#13825 = VECTOR('',#13826,1.);
#13826 = DIRECTION('',(1.,0.,0.));
#13827 = ORIENTED_EDGE('',*,*,#13828,.T.);
#13828 = EDGE_CURVE('',#13821,#13803,#13829,.T.);
#13829 = LINE('',#13830,#13831);
#13830 = CARTESIAN_POINT('',(1.844203811575,1.91,-2.45));
#13831 = VECTOR('',#13832,1.);
#13832 = DIRECTION('',(-1.770125995895E-16,0.,-1.));
#13833 = PLANE('',#13834);
#13834 = AXIS2_PLACEMENT_3D('',#13835,#13836,#13837);
#13835 = CARTESIAN_POINT('',(0.,1.91,0.));
#13836 = DIRECTION('',(0.,1.,0.));
#13837 = DIRECTION('',(0.,-0.,1.));
#13838 = ADVANCED_FACE('',(#13839),#13873,.F.);
#13839 = FACE_BOUND('',#13840,.T.);
#13840 = EDGE_LOOP('',(#13841,#13851,#13859,#13867));
#13841 = ORIENTED_EDGE('',*,*,#13842,.T.);
#13842 = EDGE_CURVE('',#13843,#13845,#13847,.T.);
#13843 = VERTEX_POINT('',#13844);
#13844 = CARTESIAN_POINT('',(-1.84,0.36,2.34));
#13845 = VERTEX_POINT('',#13846);
#13846 = CARTESIAN_POINT('',(-1.84,0.36,-2.34));
#13847 = LINE('',#13848,#13849);
#13848 = CARTESIAN_POINT('',(-1.84,0.36,2.442773874335E-16));
#13849 = VECTOR('',#13850,1.);
#13850 = DIRECTION('',(-1.327594496921E-16,0.,-1.));
#13851 = ORIENTED_EDGE('',*,*,#13852,.T.);
#13852 = EDGE_CURVE('',#13845,#13853,#13855,.T.);
#13853 = VERTEX_POINT('',#13854);
#13854 = CARTESIAN_POINT('',(1.84,0.36,-2.34));
#13855 = LINE('',#13856,#13857);
#13856 = CARTESIAN_POINT('',(0.,0.36,-2.34));
#13857 = VECTOR('',#13858,1.);
#13858 = DIRECTION('',(1.,0.,0.));
#13859 = ORIENTED_EDGE('',*,*,#13860,.T.);
#13860 = EDGE_CURVE('',#13853,#13861,#13863,.T.);
#13861 = VERTEX_POINT('',#13862);
#13862 = CARTESIAN_POINT('',(1.84,0.36,2.34));
#13863 = LINE('',#13864,#13865);
#13864 = CARTESIAN_POINT('',(1.84,0.36,-3.257031832446E-16));
#13865 = VECTOR('',#13866,1.);
#13866 = DIRECTION('',(1.770125995895E-16,0.,1.));
#13867 = ORIENTED_EDGE('',*,*,#13868,.T.);
#13868 = EDGE_CURVE('',#13861,#13843,#13869,.T.);
#13869 = LINE('',#13870,#13871);
#13870 = CARTESIAN_POINT('',(0.,0.36,2.34));
#13871 = VECTOR('',#13872,1.);
#13872 = DIRECTION('',(-1.,0.,0.));
#13873 = PLANE('',#13874);
#13874 = AXIS2_PLACEMENT_3D('',#13875,#13876,#13877);
#13875 = CARTESIAN_POINT('',(0.,0.36,0.));
#13876 = DIRECTION('',(0.,1.,0.));
#13877 = DIRECTION('',(0.,-0.,1.));
#13878 = ADVANCED_FACE('',(#13879),#13895,.F.);
#13879 = FACE_BOUND('',#13880,.T.);
#13880 = EDGE_LOOP('',(#13881,#13887,#13888,#13894));
#13881 = ORIENTED_EDGE('',*,*,#13882,.F.);
#13882 = EDGE_CURVE('',#13843,#13742,#13883,.T.);
#13883 = LINE('',#13884,#13885);
#13884 = CARTESIAN_POINT('',(-1.806571810046,0.170419314053,
    2.306571810046));
#13885 = VECTOR('',#13886,1.);
#13886 = DIRECTION('',(-0.171087869746,0.970287525248,0.171087869746));
#13887 = ORIENTED_EDGE('',*,*,#13868,.F.);
#13888 = ORIENTED_EDGE('',*,*,#13889,.F.);
#13889 = EDGE_CURVE('',#13551,#13861,#13890,.T.);
#13890 = LINE('',#13891,#13892);
#13891 = CARTESIAN_POINT('',(1.83584286922,0.336423739788,2.33584286922)
  );
#13892 = VECTOR('',#13893,1.);
#13893 = DIRECTION('',(-0.171087869746,-0.970287525248,-0.171087869746)
  );
#13894 = ORIENTED_EDGE('',*,*,#13778,.F.);
#13895 = PLANE('',#13896);
#13896 = AXIS2_PLACEMENT_3D('',#13897,#13898,#13899);
#13897 = CARTESIAN_POINT('',(-1.95,0.983841000158,2.45));
#13898 = DIRECTION('',(0.,0.173648177667,-0.984807753012));
#13899 = DIRECTION('',(1.,-0.,0.));
#13900 = ADVANCED_FACE('',(#13901),#13912,.F.);
#13901 = FACE_BOUND('',#13902,.T.);
#13902 = EDGE_LOOP('',(#13903,#13904,#13905,#13911));
#13903 = ORIENTED_EDGE('',*,*,#13889,.T.);
#13904 = ORIENTED_EDGE('',*,*,#13860,.F.);
#13905 = ORIENTED_EDGE('',*,*,#13906,.F.);
#13906 = EDGE_CURVE('',#13535,#13853,#13907,.T.);
#13907 = LINE('',#13908,#13909);
#13908 = CARTESIAN_POINT('',(1.95,0.983841000158,-2.45));
#13909 = VECTOR('',#13910,1.);
#13910 = DIRECTION('',(-0.171087869746,-0.970287525248,0.171087869746));
#13911 = ORIENTED_EDGE('',*,*,#13558,.F.);
#13912 = PLANE('',#13913);
#13913 = AXIS2_PLACEMENT_3D('',#13914,#13915,#13916);
#13914 = CARTESIAN_POINT('',(1.95,0.983841000158,-2.45));
#13915 = DIRECTION('',(-0.984807753012,0.173648177667,1.743233804566E-16
    ));
#13916 = DIRECTION('',(-1.770125995895E-16,0.,-1.));
#13917 = ADVANCED_FACE('',(#13918),#13929,.F.);
#13918 = FACE_BOUND('',#13919,.T.);
#13919 = EDGE_LOOP('',(#13920,#13921,#13922,#13928));
#13920 = ORIENTED_EDGE('',*,*,#13882,.T.);
#13921 = ORIENTED_EDGE('',*,*,#13756,.F.);
#13922 = ORIENTED_EDGE('',*,*,#13923,.F.);
#13923 = EDGE_CURVE('',#13845,#13575,#13924,.T.);
#13924 = LINE('',#13925,#13926);
#13925 = CARTESIAN_POINT('',(-1.95,0.983841000158,-2.45));
#13926 = VECTOR('',#13927,1.);
#13927 = DIRECTION('',(-0.171087869746,0.970287525248,-0.171087869746));
#13928 = ORIENTED_EDGE('',*,*,#13842,.F.);
#13929 = PLANE('',#13930);
#13930 = AXIS2_PLACEMENT_3D('',#13931,#13932,#13933);
#13931 = CARTESIAN_POINT('',(-1.95,0.983841000158,-2.45));
#13932 = DIRECTION('',(0.984807753012,0.173648177667,-1.307425353424E-16
    ));
#13933 = DIRECTION('',(1.327594496921E-16,0.,1.));
#13934 = ADVANCED_FACE('',(#13935),#13941,.F.);
#13935 = FACE_BOUND('',#13936,.T.);
#13936 = EDGE_LOOP('',(#13937,#13938,#13939,#13940));
#13937 = ORIENTED_EDGE('',*,*,#13906,.T.);
#13938 = ORIENTED_EDGE('',*,*,#13852,.F.);
#13939 = ORIENTED_EDGE('',*,*,#13923,.T.);
#13940 = ORIENTED_EDGE('',*,*,#13589,.F.);
#13941 = PLANE('',#13942);
#13942 = AXIS2_PLACEMENT_3D('',#13943,#13944,#13945);
#13943 = CARTESIAN_POINT('',(-1.95,0.983841000158,-2.45));
#13944 = DIRECTION('',(0.,0.173648177667,0.984807753012));
#13945 = DIRECTION('',(-1.,0.,0.));
#13946 = ADVANCED_FACE('',(#13947),#13971,.T.);
#13947 = FACE_BOUND('',#13948,.T.);
#13948 = EDGE_LOOP('',(#13949,#13957,#13963,#13964,#13970));
#13949 = ORIENTED_EDGE('',*,*,#13950,.F.);
#13950 = EDGE_CURVE('',#13951,#13573,#13953,.T.);
#13951 = VERTEX_POINT('',#13952);
#13952 = CARTESIAN_POINT('',(-1.878933447108,1.713038449398,
    -2.378933447108));
#13953 = LINE('',#13954,#13955);
#13954 = CARTESIAN_POINT('',(-1.790222012677,2.21614599468,
    -2.290222012677));
#13955 = VECTOR('',#13956,1.);
#13956 = DIRECTION('',(-0.171087869746,-0.970287525248,-0.171087869746)
  );
#13957 = ORIENTED_EDGE('',*,*,#13958,.T.);
#13958 = EDGE_CURVE('',#13951,#13805,#13959,.T.);
#13959 = LINE('',#13960,#13961);
#13960 = CARTESIAN_POINT('',(-0.853859454736,2.73811244177,
    -2.198185245031));
#13961 = VECTOR('',#13962,1.);
#13962 = DIRECTION('',(0.70167384316,0.70167384316,0.123724030206));
#13963 = ORIENTED_EDGE('',*,*,#13802,.F.);
#13964 = ORIENTED_EDGE('',*,*,#13965,.F.);
#13965 = EDGE_CURVE('',#13533,#13803,#13966,.T.);
#13966 = LINE('',#13967,#13968);
#13967 = CARTESIAN_POINT('',(1.77558648309,2.299148207548,-2.27558648309
    ));
#13968 = VECTOR('',#13969,1.);
#13969 = DIRECTION('',(-0.171087869746,0.970287525248,0.171087869746));
#13970 = ORIENTED_EDGE('',*,*,#13582,.F.);
#13971 = PLANE('',#13972);
#13972 = AXIS2_PLACEMENT_3D('',#13973,#13974,#13975);
#13973 = CARTESIAN_POINT('',(0.,1.91,-2.344203811575));
#13974 = DIRECTION('',(0.,0.173648177667,-0.984807753012));
#13975 = DIRECTION('',(1.,0.,0.));
#13976 = ADVANCED_FACE('',(#13977),#13995,.T.);
#13977 = FACE_BOUND('',#13978,.T.);
#13978 = EDGE_LOOP('',(#13979,#13987,#13993,#13994));
#13979 = ORIENTED_EDGE('',*,*,#13980,.F.);
#13980 = EDGE_CURVE('',#13981,#13740,#13983,.T.);
#13981 = VERTEX_POINT('',#13982);
#13982 = CARTESIAN_POINT('',(-1.878933447108,1.713038449398,
    2.378933447108));
#13983 = LINE('',#13984,#13985);
#13984 = CARTESIAN_POINT('',(-1.77558648309,2.299148207548,2.27558648309
    ));
#13985 = VECTOR('',#13986,1.);
#13986 = DIRECTION('',(-0.171087869746,-0.970287525248,0.171087869746));
#13987 = ORIENTED_EDGE('',*,*,#13988,.T.);
#13988 = EDGE_CURVE('',#13981,#13951,#13989,.T.);
#13989 = LINE('',#13990,#13991);
#13990 = CARTESIAN_POINT('',(-1.878933447108,1.713038449398,
    2.494461704462E-16));
#13991 = VECTOR('',#13992,1.);
#13992 = DIRECTION('',(-1.327594496921E-16,0.,-1.));
#13993 = ORIENTED_EDGE('',*,*,#13950,.T.);
#13994 = ORIENTED_EDGE('',*,*,#13749,.F.);
#13995 = PLANE('',#13996);
#13996 = AXIS2_PLACEMENT_3D('',#13997,#13998,#13999);
#13997 = CARTESIAN_POINT('',(-1.844203811575,1.91,2.448354831448E-16));
#13998 = DIRECTION('',(-0.984807753012,0.173648177667,1.307425353424E-16
    ));
#13999 = DIRECTION('',(-1.327594496921E-16,-6.162975822039E-33,-1.));
#14000 = ADVANCED_FACE('',(#14001),#14012,.T.);
#14001 = FACE_BOUND('',#14002,.T.);
#14002 = EDGE_LOOP('',(#14003,#14004,#14005,#14011));
#14003 = ORIENTED_EDGE('',*,*,#13965,.T.);
#14004 = ORIENTED_EDGE('',*,*,#13828,.F.);
#14005 = ORIENTED_EDGE('',*,*,#14006,.F.);
#14006 = EDGE_CURVE('',#13543,#13821,#14007,.T.);
#14007 = LINE('',#14008,#14009);
#14008 = CARTESIAN_POINT('',(1.77558648309,2.299148207548,2.27558648309)
  );
#14009 = VECTOR('',#14010,1.);
#14010 = DIRECTION('',(-0.171087869746,0.970287525248,-0.171087869746));
#14011 = ORIENTED_EDGE('',*,*,#13542,.F.);
#14012 = PLANE('',#14013);
#14013 = AXIS2_PLACEMENT_3D('',#14014,#14015,#14016);
#14014 = CARTESIAN_POINT('',(1.844203811575,1.91,-3.264473108597E-16));
#14015 = DIRECTION('',(0.984807753012,0.173648177667,-1.743233804566E-16
    ));
#14016 = DIRECTION('',(1.770125995895E-16,0.,1.));
#14017 = ADVANCED_FACE('',(#14018),#14030,.T.);
#14018 = FACE_BOUND('',#14019,.T.);
#14019 = EDGE_LOOP('',(#14020,#14021,#14027,#14028,#14029));
#14020 = ORIENTED_EDGE('',*,*,#13820,.F.);
#14021 = ORIENTED_EDGE('',*,*,#14022,.T.);
#14022 = EDGE_CURVE('',#13813,#13981,#14023,.T.);
#14023 = LINE('',#14024,#14025);
#14024 = CARTESIAN_POINT('',(-0.853859454736,2.73811244177,
    2.198185245031));
#14025 = VECTOR('',#14026,1.);
#14026 = DIRECTION('',(-0.70167384316,-0.70167384316,0.123724030206));
#14027 = ORIENTED_EDGE('',*,*,#13980,.T.);
#14028 = ORIENTED_EDGE('',*,*,#13771,.F.);
#14029 = ORIENTED_EDGE('',*,*,#14006,.T.);
#14030 = PLANE('',#14031);
#14031 = AXIS2_PLACEMENT_3D('',#14032,#14033,#14034);
#14032 = CARTESIAN_POINT('',(0.,1.91,2.344203811575));
#14033 = DIRECTION('',(0.,0.173648177667,0.984807753012));
#14034 = DIRECTION('',(-1.,0.,0.));
#14035 = ADVANCED_FACE('',(#14036),#14042,.F.);
#14036 = FACE_BOUND('',#14037,.T.);
#14037 = EDGE_LOOP('',(#14038,#14039,#14040,#14041));
#14038 = ORIENTED_EDGE('',*,*,#13958,.F.);
#14039 = ORIENTED_EDGE('',*,*,#13988,.F.);
#14040 = ORIENTED_EDGE('',*,*,#14022,.F.);
#14041 = ORIENTED_EDGE('',*,*,#13812,.F.);
#14042 = PLANE('',#14043);
#14043 = AXIS2_PLACEMENT_3D('',#14044,#14045,#14046);
#14044 = CARTESIAN_POINT('',(-1.681971896506,1.91,2.232976633777E-16));
#14045 = DIRECTION('',(0.707106781187,-0.707106781187,
    -9.387510714388E-17));
#14046 = DIRECTION('',(1.327594496921E-16,0.,1.));
#14047 = ADVANCED_FACE('',(#14048),#14060,.F.);
#14048 = FACE_BOUND('',#14049,.F.);
#14049 = EDGE_LOOP('',(#14050,#14051,#14052,#14059));
#14050 = ORIENTED_EDGE('',*,*,#13792,.F.);
#14051 = ORIENTED_EDGE('',*,*,#13354,.F.);
#14052 = ORIENTED_EDGE('',*,*,#14053,.T.);
#14053 = EDGE_CURVE('',#13355,#13374,#14054,.T.);
#14054 = CIRCLE('',#14055,0.32040446486);
#14055 = AXIS2_PLACEMENT_3D('',#14056,#14057,#14058);
#14056 = CARTESIAN_POINT('',(-0.95,1.76,-1.45));
#14057 = DIRECTION('',(0.,1.,0.));
#14058 = DIRECTION('',(0.,-0.,1.));
#14059 = ORIENTED_EDGE('',*,*,#13373,.T.);
#14060 = CONICAL_SURFACE('',#14061,0.375,0.349065850399);
#14061 = AXIS2_PLACEMENT_3D('',#14062,#14063,#14064);
#14062 = CARTESIAN_POINT('',(-0.95,1.91,-1.45));
#14063 = DIRECTION('',(-0.,1.,-0.));
#14064 = DIRECTION('',(0.,0.,1.));
#14065 = ADVANCED_FACE('',(#14066),#14070,.T.);
#14066 = FACE_BOUND('',#14067,.T.);
#14067 = EDGE_LOOP('',(#14068,#14069));
#14068 = ORIENTED_EDGE('',*,*,#14053,.T.);
#14069 = ORIENTED_EDGE('',*,*,#13381,.T.);
#14070 = PLANE('',#14071);
#14071 = AXIS2_PLACEMENT_3D('',#14072,#14073,#14074);
#14072 = CARTESIAN_POINT('',(-0.95,1.76,-1.45));
#14073 = DIRECTION('',(0.,1.,0.));
#14074 = DIRECTION('',(0.,-0.,1.));
#14075 = ADVANCED_FACE('',(#14076),#14153,.T.);
#14076 = FACE_BOUND('',#14077,.T.);
#14077 = EDGE_LOOP('',(#14078,#14088,#14097,#14105,#14112,#14113,#14122,
    #14130,#14139,#14147));
#14078 = ORIENTED_EDGE('',*,*,#14079,.F.);
#14079 = EDGE_CURVE('',#14080,#14082,#14084,.T.);
#14080 = VERTEX_POINT('',#14081);
#14081 = CARTESIAN_POINT('',(-2.452884324343,2.867311757213E-02,-1.69));
#14082 = VERTEX_POINT('',#14083);
#14083 = CARTESIAN_POINT('',(-3.,0.,-1.69));
#14084 = LINE('',#14085,#14086);
#14085 = CARTESIAN_POINT('',(-3.,0.,-1.69));
#14086 = VECTOR('',#14087,1.);
#14087 = DIRECTION('',(-0.998629534755,-5.233595624294E-02,-0.));
#14088 = ORIENTED_EDGE('',*,*,#14089,.T.);
#14089 = EDGE_CURVE('',#14080,#14090,#14092,.T.);
#14090 = VERTEX_POINT('',#14091);
#14091 = CARTESIAN_POINT('',(-2.123868112178,0.335074623976,-1.69));
#14092 = CIRCLE('',#14093,0.35);
#14093 = AXIS2_PLACEMENT_3D('',#14094,#14095,#14096);
#14094 = CARTESIAN_POINT('',(-2.471201909028,0.378193454736,-1.69));
#14095 = DIRECTION('',(0.,0.,1.));
#14096 = DIRECTION('',(1.,0.,-0.));
#14097 = ORIENTED_EDGE('',*,*,#14098,.F.);
#14098 = EDGE_CURVE('',#14099,#14090,#14101,.T.);
#14099 = VERTEX_POINT('',#14100);
#14100 = CARTESIAN_POINT('',(-2.05725590349,0.871653908528,-1.69));
#14101 = LINE('',#14102,#14103);
#14102 = CARTESIAN_POINT('',(-2.16,4.402253459775E-02,-1.69));
#14103 = VECTOR('',#14104,1.);
#14104 = DIRECTION('',(-0.123196659316,-0.992382276713,-0.));
#14105 = ORIENTED_EDGE('',*,*,#14106,.T.);
#14106 = EDGE_CURVE('',#14099,#13716,#14107,.T.);
#14107 = CIRCLE('',#14108,0.2);
#14108 = AXIS2_PLACEMENT_3D('',#14109,#14110,#14111);
#14109 = CARTESIAN_POINT('',(-1.858779448147,0.847014576665,-1.69));
#14110 = DIRECTION('',(0.,0.,-1.));
#14111 = DIRECTION('',(1.,0.,0.));
#14112 = ORIENTED_EDGE('',*,*,#13715,.F.);
#14113 = ORIENTED_EDGE('',*,*,#14114,.T.);
#14114 = EDGE_CURVE('',#13708,#14115,#14117,.T.);
#14115 = VERTEX_POINT('',#14116);
#14116 = CARTESIAN_POINT('',(-2.270566301392,0.939143901594,-1.69));
#14117 = CIRCLE('',#14118,0.35);
#14118 = AXIS2_PLACEMENT_3D('',#14119,#14120,#14121);
#14119 = CARTESIAN_POINT('',(-1.923232504543,0.896025070833,-1.69));
#14120 = DIRECTION('',(0.,0.,1.));
#14121 = DIRECTION('',(1.,0.,-0.));
#14122 = ORIENTED_EDGE('',*,*,#14123,.F.);
#14123 = EDGE_CURVE('',#14124,#14115,#14126,.T.);
#14124 = VERTEX_POINT('',#14125);
#14125 = CARTESIAN_POINT('',(-2.335003561511,0.420084413644,-1.69));
#14126 = LINE('',#14127,#14128);
#14127 = CARTESIAN_POINT('',(-2.355650354552,0.253768934,-1.69));
#14128 = VECTOR('',#14129,1.);
#14129 = DIRECTION('',(0.123196659316,0.992382276713,0.));
#14130 = ORIENTED_EDGE('',*,*,#14131,.T.);
#14131 = EDGE_CURVE('',#14124,#14132,#14134,.T.);
#14132 = VERTEX_POINT('',#14133);
#14133 = CARTESIAN_POINT('',(-2.523012825605,0.244997838557,-1.69));
#14134 = CIRCLE('',#14135,0.2);
#14135 = AXIS2_PLACEMENT_3D('',#14136,#14137,#14138);
#14136 = CARTESIAN_POINT('',(-2.533480016854,0.444723745507,-1.69));
#14137 = DIRECTION('',(0.,0.,-1.));
#14138 = DIRECTION('',(1.,0.,0.));
#14139 = ORIENTED_EDGE('',*,*,#14140,.F.);
#14140 = EDGE_CURVE('',#14141,#14132,#14143,.T.);
#14141 = VERTEX_POINT('',#14142);
#14142 = CARTESIAN_POINT('',(-3.,0.22,-1.69));
#14143 = LINE('',#14144,#14145);
#14144 = CARTESIAN_POINT('',(-3.,0.22,-1.69));
#14145 = VECTOR('',#14146,1.);
#14146 = DIRECTION('',(0.998629534755,5.233595624294E-02,0.));
#14147 = ORIENTED_EDGE('',*,*,#14148,.F.);
#14148 = EDGE_CURVE('',#14082,#14141,#14149,.T.);
#14149 = LINE('',#14150,#14151);
#14150 = CARTESIAN_POINT('',(-3.,0.,-1.69));
#14151 = VECTOR('',#14152,1.);
#14152 = DIRECTION('',(0.,1.,0.));
#14153 = PLANE('',#14154);
#14154 = AXIS2_PLACEMENT_3D('',#14155,#14156,#14157);
#14155 = CARTESIAN_POINT('',(0.,0.,-1.69));
#14156 = DIRECTION('',(0.,0.,1.));
#14157 = DIRECTION('',(1.,0.,-0.));
#14158 = ADVANCED_FACE('',(#14159),#14236,.F.);
#14159 = FACE_BOUND('',#14160,.T.);
#14160 = EDGE_LOOP('',(#14161,#14171,#14180,#14188,#14196,#14204,#14213,
    #14221,#14228,#14229));
#14161 = ORIENTED_EDGE('',*,*,#14162,.T.);
#14162 = EDGE_CURVE('',#14163,#14165,#14167,.T.);
#14163 = VERTEX_POINT('',#14164);
#14164 = CARTESIAN_POINT('',(-2.05725590349,0.871653908528,-2.12));
#14165 = VERTEX_POINT('',#14166);
#14166 = CARTESIAN_POINT('',(-2.123868112178,0.335074623976,-2.12));
#14167 = LINE('',#14168,#14169);
#14168 = CARTESIAN_POINT('',(-2.16,4.402253459775E-02,-2.12));
#14169 = VECTOR('',#14170,1.);
#14170 = DIRECTION('',(-0.123196659316,-0.992382276713,-0.));
#14171 = ORIENTED_EDGE('',*,*,#14172,.T.);
#14172 = EDGE_CURVE('',#14165,#14173,#14175,.T.);
#14173 = VERTEX_POINT('',#14174);
#14174 = CARTESIAN_POINT('',(-2.452884324343,2.867311757213E-02,-2.12));
#14175 = CIRCLE('',#14176,0.35);
#14176 = AXIS2_PLACEMENT_3D('',#14177,#14178,#14179);
#14177 = CARTESIAN_POINT('',(-2.471201909028,0.378193454736,-2.12));
#14178 = DIRECTION('',(0.,0.,-1.));
#14179 = DIRECTION('',(1.,0.,0.));
#14180 = ORIENTED_EDGE('',*,*,#14181,.T.);
#14181 = EDGE_CURVE('',#14173,#14182,#14184,.T.);
#14182 = VERTEX_POINT('',#14183);
#14183 = CARTESIAN_POINT('',(-3.,0.,-2.12));
#14184 = LINE('',#14185,#14186);
#14185 = CARTESIAN_POINT('',(-3.,0.,-2.12));
#14186 = VECTOR('',#14187,1.);
#14187 = DIRECTION('',(-0.998629534755,-5.233595624294E-02,-0.));
#14188 = ORIENTED_EDGE('',*,*,#14189,.T.);
#14189 = EDGE_CURVE('',#14182,#14190,#14192,.T.);
#14190 = VERTEX_POINT('',#14191);
#14191 = CARTESIAN_POINT('',(-3.,0.22,-2.12));
#14192 = LINE('',#14193,#14194);
#14193 = CARTESIAN_POINT('',(-3.,0.,-2.12));
#14194 = VECTOR('',#14195,1.);
#14195 = DIRECTION('',(0.,1.,0.));
#14196 = ORIENTED_EDGE('',*,*,#14197,.T.);
#14197 = EDGE_CURVE('',#14190,#14198,#14200,.T.);
#14198 = VERTEX_POINT('',#14199);
#14199 = CARTESIAN_POINT('',(-2.523012825605,0.244997838557,-2.12));
#14200 = LINE('',#14201,#14202);
#14201 = CARTESIAN_POINT('',(-3.,0.22,-2.12));
#14202 = VECTOR('',#14203,1.);
#14203 = DIRECTION('',(0.998629534755,5.233595624294E-02,0.));
#14204 = ORIENTED_EDGE('',*,*,#14205,.T.);
#14205 = EDGE_CURVE('',#14198,#14206,#14208,.T.);
#14206 = VERTEX_POINT('',#14207);
#14207 = CARTESIAN_POINT('',(-2.335003561511,0.420084413644,-2.12));
#14208 = CIRCLE('',#14209,0.2);
#14209 = AXIS2_PLACEMENT_3D('',#14210,#14211,#14212);
#14210 = CARTESIAN_POINT('',(-2.533480016854,0.444723745507,-2.12));
#14211 = DIRECTION('',(0.,0.,1.));
#14212 = DIRECTION('',(1.,0.,-0.));
#14213 = ORIENTED_EDGE('',*,*,#14214,.T.);
#14214 = EDGE_CURVE('',#14206,#14215,#14217,.T.);
#14215 = VERTEX_POINT('',#14216);
#14216 = CARTESIAN_POINT('',(-2.270566301392,0.939143901594,-2.12));
#14217 = LINE('',#14218,#14219);
#14218 = CARTESIAN_POINT('',(-2.355650354552,0.253768934,-2.12));
#14219 = VECTOR('',#14220,1.);
#14220 = DIRECTION('',(0.123196659316,0.992382276713,0.));
#14221 = ORIENTED_EDGE('',*,*,#14222,.T.);
#14222 = EDGE_CURVE('',#14215,#13706,#14223,.T.);
#14223 = CIRCLE('',#14224,0.35);
#14224 = AXIS2_PLACEMENT_3D('',#14225,#14226,#14227);
#14225 = CARTESIAN_POINT('',(-1.923232504543,0.896025070833,-2.12));
#14226 = DIRECTION('',(0.,0.,-1.));
#14227 = DIRECTION('',(1.,0.,0.));
#14228 = ORIENTED_EDGE('',*,*,#13731,.T.);
#14229 = ORIENTED_EDGE('',*,*,#14230,.T.);
#14230 = EDGE_CURVE('',#13724,#14163,#14231,.T.);
#14231 = CIRCLE('',#14232,0.2);
#14232 = AXIS2_PLACEMENT_3D('',#14233,#14234,#14235);
#14233 = CARTESIAN_POINT('',(-1.858779448147,0.847014576665,-2.12));
#14234 = DIRECTION('',(0.,0.,1.));
#14235 = DIRECTION('',(1.,0.,-0.));
#14236 = PLANE('',#14237);
#14237 = AXIS2_PLACEMENT_3D('',#14238,#14239,#14240);
#14238 = CARTESIAN_POINT('',(0.,0.,-2.12));
#14239 = DIRECTION('',(0.,0.,1.));
#14240 = DIRECTION('',(1.,0.,-0.));
#14241 = ADVANCED_FACE('',(#14242),#14258,.T.);
#14242 = FACE_BOUND('',#14243,.T.);
#14243 = EDGE_LOOP('',(#14244,#14245,#14251,#14252));
#14244 = ORIENTED_EDGE('',*,*,#14181,.F.);
#14245 = ORIENTED_EDGE('',*,*,#14246,.T.);
#14246 = EDGE_CURVE('',#14173,#14080,#14247,.T.);
#14247 = LINE('',#14248,#14249);
#14248 = CARTESIAN_POINT('',(-2.452884324343,2.867311757213E-02,-1.69));
#14249 = VECTOR('',#14250,1.);
#14250 = DIRECTION('',(-0.,-0.,1.));
#14251 = ORIENTED_EDGE('',*,*,#14079,.T.);
#14252 = ORIENTED_EDGE('',*,*,#14253,.T.);
#14253 = EDGE_CURVE('',#14082,#14182,#14254,.T.);
#14254 = LINE('',#14255,#14256);
#14255 = CARTESIAN_POINT('',(-3.,0.,-1.69));
#14256 = VECTOR('',#14257,1.);
#14257 = DIRECTION('',(0.,0.,-1.));
#14258 = PLANE('',#14259);
#14259 = AXIS2_PLACEMENT_3D('',#14260,#14261,#14262);
#14260 = CARTESIAN_POINT('',(-3.,0.,-1.69));
#14261 = DIRECTION('',(5.233595624294E-02,-0.998629534755,0.));
#14262 = DIRECTION('',(0.998629534755,5.233595624294E-02,0.));
#14263 = ADVANCED_FACE('',(#14264),#14280,.T.);
#14264 = FACE_BOUND('',#14265,.T.);
#14265 = EDGE_LOOP('',(#14266,#14267,#14273,#14274));
#14266 = ORIENTED_EDGE('',*,*,#14098,.T.);
#14267 = ORIENTED_EDGE('',*,*,#14268,.T.);
#14268 = EDGE_CURVE('',#14090,#14165,#14269,.T.);
#14269 = LINE('',#14270,#14271);
#14270 = CARTESIAN_POINT('',(-2.123868112178,0.335074623976,-1.69));
#14271 = VECTOR('',#14272,1.);
#14272 = DIRECTION('',(0.,0.,-1.));
#14273 = ORIENTED_EDGE('',*,*,#14162,.F.);
#14274 = ORIENTED_EDGE('',*,*,#14275,.T.);
#14275 = EDGE_CURVE('',#14163,#14099,#14276,.T.);
#14276 = LINE('',#14277,#14278);
#14277 = CARTESIAN_POINT('',(-2.05725590349,0.871653908528,-1.69));
#14278 = VECTOR('',#14279,1.);
#14279 = DIRECTION('',(2.014945510972E-18,1.623092886387E-17,1.));
#14280 = PLANE('',#14281);
#14281 = AXIS2_PLACEMENT_3D('',#14282,#14283,#14284);
#14282 = CARTESIAN_POINT('',(-2.16,4.402253459775E-02,-1.69));
#14283 = DIRECTION('',(0.992382276713,-0.123196659316,0.));
#14284 = DIRECTION('',(0.123196659316,0.992382276713,0.));
#14285 = ADVANCED_FACE('',(#14286),#14302,.T.);
#14286 = FACE_BOUND('',#14287,.T.);
#14287 = EDGE_LOOP('',(#14288,#14289,#14295,#14296));
#14288 = ORIENTED_EDGE('',*,*,#14123,.T.);
#14289 = ORIENTED_EDGE('',*,*,#14290,.T.);
#14290 = EDGE_CURVE('',#14115,#14215,#14291,.T.);
#14291 = LINE('',#14292,#14293);
#14292 = CARTESIAN_POINT('',(-2.270566301392,0.939143901594,-2.12));
#14293 = VECTOR('',#14294,1.);
#14294 = DIRECTION('',(-2.014945510972E-18,-1.623092886387E-17,-1.));
#14295 = ORIENTED_EDGE('',*,*,#14214,.F.);
#14296 = ORIENTED_EDGE('',*,*,#14297,.T.);
#14297 = EDGE_CURVE('',#14206,#14124,#14298,.T.);
#14298 = LINE('',#14299,#14300);
#14299 = CARTESIAN_POINT('',(-2.335003561511,0.420084413644,-1.69));
#14300 = VECTOR('',#14301,1.);
#14301 = DIRECTION('',(-0.,-0.,1.));
#14302 = PLANE('',#14303);
#14303 = AXIS2_PLACEMENT_3D('',#14304,#14305,#14306);
#14304 = CARTESIAN_POINT('',(-2.355650354552,0.253768934,-1.69));
#14305 = DIRECTION('',(-0.992382276713,0.123196659316,0.));
#14306 = DIRECTION('',(-0.123196659316,-0.992382276713,0.));
#14307 = ADVANCED_FACE('',(#14308),#14324,.T.);
#14308 = FACE_BOUND('',#14309,.T.);
#14309 = EDGE_LOOP('',(#14310,#14311,#14317,#14318));
#14310 = ORIENTED_EDGE('',*,*,#14140,.T.);
#14311 = ORIENTED_EDGE('',*,*,#14312,.T.);
#14312 = EDGE_CURVE('',#14132,#14198,#14313,.T.);
#14313 = LINE('',#14314,#14315);
#14314 = CARTESIAN_POINT('',(-2.523012825605,0.244997838557,-2.12));
#14315 = VECTOR('',#14316,1.);
#14316 = DIRECTION('',(0.,0.,-1.));
#14317 = ORIENTED_EDGE('',*,*,#14197,.F.);
#14318 = ORIENTED_EDGE('',*,*,#14319,.F.);
#14319 = EDGE_CURVE('',#14141,#14190,#14320,.T.);
#14320 = LINE('',#14321,#14322);
#14321 = CARTESIAN_POINT('',(-3.,0.22,-1.69));
#14322 = VECTOR('',#14323,1.);
#14323 = DIRECTION('',(0.,0.,-1.));
#14324 = PLANE('',#14325);
#14325 = AXIS2_PLACEMENT_3D('',#14326,#14327,#14328);
#14326 = CARTESIAN_POINT('',(-3.,0.22,-1.69));
#14327 = DIRECTION('',(-5.233595624294E-02,0.998629534755,0.));
#14328 = DIRECTION('',(-0.998629534755,-5.233595624294E-02,0.));
#14329 = ADVANCED_FACE('',(#14330),#14336,.T.);
#14330 = FACE_BOUND('',#14331,.T.);
#14331 = EDGE_LOOP('',(#14332,#14333,#14334,#14335));
#14332 = ORIENTED_EDGE('',*,*,#14189,.F.);
#14333 = ORIENTED_EDGE('',*,*,#14253,.F.);
#14334 = ORIENTED_EDGE('',*,*,#14148,.T.);
#14335 = ORIENTED_EDGE('',*,*,#14319,.T.);
#14336 = PLANE('',#14337);
#14337 = AXIS2_PLACEMENT_3D('',#14338,#14339,#14340);
#14338 = CARTESIAN_POINT('',(-3.,0.,-1.69));
#14339 = DIRECTION('',(-1.,0.,0.));
#14340 = DIRECTION('',(0.,0.,1.));
#14341 = ADVANCED_FACE('',(#14342),#14348,.F.);
#14342 = FACE_BOUND('',#14343,.F.);
#14343 = EDGE_LOOP('',(#14344,#14345,#14346,#14347));
#14344 = ORIENTED_EDGE('',*,*,#14312,.T.);
#14345 = ORIENTED_EDGE('',*,*,#14205,.T.);
#14346 = ORIENTED_EDGE('',*,*,#14297,.T.);
#14347 = ORIENTED_EDGE('',*,*,#14131,.T.);
#14348 = CYLINDRICAL_SURFACE('',#14349,0.2);
#14349 = AXIS2_PLACEMENT_3D('',#14350,#14351,#14352);
#14350 = CARTESIAN_POINT('',(-2.533480016854,0.444723745507,-1.69));
#14351 = DIRECTION('',(0.,0.,1.));
#14352 = DIRECTION('',(1.,0.,-0.));
#14353 = ADVANCED_FACE('',(#14354),#14360,.F.);
#14354 = FACE_BOUND('',#14355,.F.);
#14355 = EDGE_LOOP('',(#14356,#14357,#14358,#14359));
#14356 = ORIENTED_EDGE('',*,*,#13723,.T.);
#14357 = ORIENTED_EDGE('',*,*,#14230,.T.);
#14358 = ORIENTED_EDGE('',*,*,#14275,.T.);
#14359 = ORIENTED_EDGE('',*,*,#14106,.T.);
#14360 = CYLINDRICAL_SURFACE('',#14361,0.2);
#14361 = AXIS2_PLACEMENT_3D('',#14362,#14363,#14364);
#14362 = CARTESIAN_POINT('',(-1.858779448147,0.847014576665,-1.69));
#14363 = DIRECTION('',(1.327594496921E-16,0.,1.));
#14364 = DIRECTION('',(1.,0.,-1.327594496921E-16));
#14365 = ADVANCED_FACE('',(#14366),#14372,.T.);
#14366 = FACE_BOUND('',#14367,.T.);
#14367 = EDGE_LOOP('',(#14368,#14369,#14370,#14371));
#14368 = ORIENTED_EDGE('',*,*,#14089,.F.);
#14369 = ORIENTED_EDGE('',*,*,#14246,.F.);
#14370 = ORIENTED_EDGE('',*,*,#14172,.F.);
#14371 = ORIENTED_EDGE('',*,*,#14268,.F.);
#14372 = CYLINDRICAL_SURFACE('',#14373,0.35);
#14373 = AXIS2_PLACEMENT_3D('',#14374,#14375,#14376);
#14374 = CARTESIAN_POINT('',(-2.471201909028,0.378193454736,-1.69));
#14375 = DIRECTION('',(0.,0.,-1.));
#14376 = DIRECTION('',(-1.,0.,0.));
#14377 = ADVANCED_FACE('',(#14378),#14384,.T.);
#14378 = FACE_BOUND('',#14379,.T.);
#14379 = EDGE_LOOP('',(#14380,#14381,#14382,#14383));
#14380 = ORIENTED_EDGE('',*,*,#14114,.F.);
#14381 = ORIENTED_EDGE('',*,*,#13705,.F.);
#14382 = ORIENTED_EDGE('',*,*,#14222,.F.);
#14383 = ORIENTED_EDGE('',*,*,#14290,.F.);
#14384 = CYLINDRICAL_SURFACE('',#14385,0.35);
#14385 = AXIS2_PLACEMENT_3D('',#14386,#14387,#14388);
#14386 = CARTESIAN_POINT('',(-1.923232504543,0.896025070833,-1.69));
#14387 = DIRECTION('',(-1.327594496921E-16,1.28942311548E-32,-1.));
#14388 = DIRECTION('',(-1.,-1.711831032315E-48,1.327594496921E-16));
#14389 = ADVANCED_FACE('',(#14390),#14467,.T.);
#14390 = FACE_BOUND('',#14391,.T.);
#14391 = EDGE_LOOP('',(#14392,#14402,#14411,#14419,#14427,#14435,#14444,
    #14452,#14459,#14460));
#14392 = ORIENTED_EDGE('',*,*,#14393,.T.);
#14393 = EDGE_CURVE('',#14394,#14396,#14398,.T.);
#14394 = VERTEX_POINT('',#14395);
#14395 = CARTESIAN_POINT('',(2.05725590349,0.871653908528,-1.69));
#14396 = VERTEX_POINT('',#14397);
#14397 = CARTESIAN_POINT('',(2.123868112178,0.335074623976,-1.69));
#14398 = LINE('',#14399,#14400);
#14399 = CARTESIAN_POINT('',(2.16,4.402253459775E-02,-1.69));
#14400 = VECTOR('',#14401,1.);
#14401 = DIRECTION('',(0.123196659316,-0.992382276713,-0.));
#14402 = ORIENTED_EDGE('',*,*,#14403,.T.);
#14403 = EDGE_CURVE('',#14396,#14404,#14406,.T.);
#14404 = VERTEX_POINT('',#14405);
#14405 = CARTESIAN_POINT('',(2.452884324343,2.867311757213E-02,-1.69));
#14406 = CIRCLE('',#14407,0.35);
#14407 = AXIS2_PLACEMENT_3D('',#14408,#14409,#14410);
#14408 = CARTESIAN_POINT('',(2.471201909028,0.378193454736,-1.69));
#14409 = DIRECTION('',(0.,0.,1.));
#14410 = DIRECTION('',(1.,0.,-0.));
#14411 = ORIENTED_EDGE('',*,*,#14412,.T.);
#14412 = EDGE_CURVE('',#14404,#14413,#14415,.T.);
#14413 = VERTEX_POINT('',#14414);
#14414 = CARTESIAN_POINT('',(3.,0.,-1.69));
#14415 = LINE('',#14416,#14417);
#14416 = CARTESIAN_POINT('',(3.,0.,-1.69));
#14417 = VECTOR('',#14418,1.);
#14418 = DIRECTION('',(0.998629534755,-5.233595624294E-02,-0.));
#14419 = ORIENTED_EDGE('',*,*,#14420,.T.);
#14420 = EDGE_CURVE('',#14413,#14421,#14423,.T.);
#14421 = VERTEX_POINT('',#14422);
#14422 = CARTESIAN_POINT('',(3.,0.22,-1.69));
#14423 = LINE('',#14424,#14425);
#14424 = CARTESIAN_POINT('',(3.,0.,-1.69));
#14425 = VECTOR('',#14426,1.);
#14426 = DIRECTION('',(0.,1.,0.));
#14427 = ORIENTED_EDGE('',*,*,#14428,.T.);
#14428 = EDGE_CURVE('',#14421,#14429,#14431,.T.);
#14429 = VERTEX_POINT('',#14430);
#14430 = CARTESIAN_POINT('',(2.523012825605,0.244997838557,-1.69));
#14431 = LINE('',#14432,#14433);
#14432 = CARTESIAN_POINT('',(3.,0.22,-1.69));
#14433 = VECTOR('',#14434,1.);
#14434 = DIRECTION('',(-0.998629534755,5.233595624294E-02,0.));
#14435 = ORIENTED_EDGE('',*,*,#14436,.T.);
#14436 = EDGE_CURVE('',#14429,#14437,#14439,.T.);
#14437 = VERTEX_POINT('',#14438);
#14438 = CARTESIAN_POINT('',(2.335003561511,0.420084413644,-1.69));
#14439 = CIRCLE('',#14440,0.2);
#14440 = AXIS2_PLACEMENT_3D('',#14441,#14442,#14443);
#14441 = CARTESIAN_POINT('',(2.533480016854,0.444723745507,-1.69));
#14442 = DIRECTION('',(0.,0.,-1.));
#14443 = DIRECTION('',(1.,0.,0.));
#14444 = ORIENTED_EDGE('',*,*,#14445,.T.);
#14445 = EDGE_CURVE('',#14437,#14446,#14448,.T.);
#14446 = VERTEX_POINT('',#14447);
#14447 = CARTESIAN_POINT('',(2.270566301392,0.939143901594,-1.69));
#14448 = LINE('',#14449,#14450);
#14449 = CARTESIAN_POINT('',(2.355650354552,0.253768934,-1.69));
#14450 = VECTOR('',#14451,1.);
#14451 = DIRECTION('',(-0.123196659316,0.992382276713,0.));
#14452 = ORIENTED_EDGE('',*,*,#14453,.T.);
#14453 = EDGE_CURVE('',#14446,#13509,#14454,.T.);
#14454 = CIRCLE('',#14455,0.35);
#14455 = AXIS2_PLACEMENT_3D('',#14456,#14457,#14458);
#14456 = CARTESIAN_POINT('',(1.923232504543,0.896025070833,-1.69));
#14457 = DIRECTION('',(0.,0.,1.));
#14458 = DIRECTION('',(1.,0.,-0.));
#14459 = ORIENTED_EDGE('',*,*,#13508,.F.);
#14460 = ORIENTED_EDGE('',*,*,#14461,.T.);
#14461 = EDGE_CURVE('',#13499,#14394,#14462,.T.);
#14462 = CIRCLE('',#14463,0.2);
#14463 = AXIS2_PLACEMENT_3D('',#14464,#14465,#14466);
#14464 = CARTESIAN_POINT('',(1.858779448147,0.847014576665,-1.69));
#14465 = DIRECTION('',(0.,-0.,-1.));
#14466 = DIRECTION('',(1.,-1.084202172486E-15,0.));
#14467 = PLANE('',#14468);
#14468 = AXIS2_PLACEMENT_3D('',#14469,#14470,#14471);
#14469 = CARTESIAN_POINT('',(0.,0.,-1.69));
#14470 = DIRECTION('',(0.,0.,1.));
#14471 = DIRECTION('',(-1.,0.,0.));
#14472 = ADVANCED_FACE('',(#14473),#14550,.F.);
#14473 = FACE_BOUND('',#14474,.T.);
#14474 = EDGE_LOOP('',(#14475,#14485,#14494,#14502,#14509,#14510,#14519,
    #14527,#14536,#14544));
#14475 = ORIENTED_EDGE('',*,*,#14476,.F.);
#14476 = EDGE_CURVE('',#14477,#14479,#14481,.T.);
#14477 = VERTEX_POINT('',#14478);
#14478 = CARTESIAN_POINT('',(2.452884324343,2.867311757213E-02,-2.12));
#14479 = VERTEX_POINT('',#14480);
#14480 = CARTESIAN_POINT('',(3.,0.,-2.12));
#14481 = LINE('',#14482,#14483);
#14482 = CARTESIAN_POINT('',(3.,0.,-2.12));
#14483 = VECTOR('',#14484,1.);
#14484 = DIRECTION('',(0.998629534755,-5.233595624294E-02,-0.));
#14485 = ORIENTED_EDGE('',*,*,#14486,.T.);
#14486 = EDGE_CURVE('',#14477,#14487,#14489,.T.);
#14487 = VERTEX_POINT('',#14488);
#14488 = CARTESIAN_POINT('',(2.123868112178,0.335074623976,-2.12));
#14489 = CIRCLE('',#14490,0.35);
#14490 = AXIS2_PLACEMENT_3D('',#14491,#14492,#14493);
#14491 = CARTESIAN_POINT('',(2.471201909028,0.378193454736,-2.12));
#14492 = DIRECTION('',(0.,0.,-1.));
#14493 = DIRECTION('',(1.,0.,0.));
#14494 = ORIENTED_EDGE('',*,*,#14495,.F.);
#14495 = EDGE_CURVE('',#14496,#14487,#14498,.T.);
#14496 = VERTEX_POINT('',#14497);
#14497 = CARTESIAN_POINT('',(2.05725590349,0.871653908528,-2.12));
#14498 = LINE('',#14499,#14500);
#14499 = CARTESIAN_POINT('',(2.16,4.402253459775E-02,-2.12));
#14500 = VECTOR('',#14501,1.);
#14501 = DIRECTION('',(0.123196659316,-0.992382276713,-0.));
#14502 = ORIENTED_EDGE('',*,*,#14503,.T.);
#14503 = EDGE_CURVE('',#14496,#13501,#14504,.T.);
#14504 = CIRCLE('',#14505,0.2);
#14505 = AXIS2_PLACEMENT_3D('',#14506,#14507,#14508);
#14506 = CARTESIAN_POINT('',(1.858779448147,0.847014576665,-2.12));
#14507 = DIRECTION('',(0.,0.,1.));
#14508 = DIRECTION('',(1.,0.,-0.));
#14509 = ORIENTED_EDGE('',*,*,#13524,.T.);
#14510 = ORIENTED_EDGE('',*,*,#14511,.T.);
#14511 = EDGE_CURVE('',#13517,#14512,#14514,.T.);
#14512 = VERTEX_POINT('',#14513);
#14513 = CARTESIAN_POINT('',(2.270566301392,0.939143901594,-2.12));
#14514 = CIRCLE('',#14515,0.35);
#14515 = AXIS2_PLACEMENT_3D('',#14516,#14517,#14518);
#14516 = CARTESIAN_POINT('',(1.923232504543,0.896025070833,-2.12));
#14517 = DIRECTION('',(0.,-0.,-1.));
#14518 = DIRECTION('',(1.,1.858632295689E-15,-0.));
#14519 = ORIENTED_EDGE('',*,*,#14520,.F.);
#14520 = EDGE_CURVE('',#14521,#14512,#14523,.T.);
#14521 = VERTEX_POINT('',#14522);
#14522 = CARTESIAN_POINT('',(2.335003561511,0.420084413644,-2.12));
#14523 = LINE('',#14524,#14525);
#14524 = CARTESIAN_POINT('',(2.355650354552,0.253768934,-2.12));
#14525 = VECTOR('',#14526,1.);
#14526 = DIRECTION('',(-0.123196659316,0.992382276713,0.));
#14527 = ORIENTED_EDGE('',*,*,#14528,.T.);
#14528 = EDGE_CURVE('',#14521,#14529,#14531,.T.);
#14529 = VERTEX_POINT('',#14530);
#14530 = CARTESIAN_POINT('',(2.523012825605,0.244997838557,-2.12));
#14531 = CIRCLE('',#14532,0.2);
#14532 = AXIS2_PLACEMENT_3D('',#14533,#14534,#14535);
#14533 = CARTESIAN_POINT('',(2.533480016854,0.444723745507,-2.12));
#14534 = DIRECTION('',(0.,0.,1.));
#14535 = DIRECTION('',(1.,0.,-0.));
#14536 = ORIENTED_EDGE('',*,*,#14537,.F.);
#14537 = EDGE_CURVE('',#14538,#14529,#14540,.T.);
#14538 = VERTEX_POINT('',#14539);
#14539 = CARTESIAN_POINT('',(3.,0.22,-2.12));
#14540 = LINE('',#14541,#14542);
#14541 = CARTESIAN_POINT('',(3.,0.22,-2.12));
#14542 = VECTOR('',#14543,1.);
#14543 = DIRECTION('',(-0.998629534755,5.233595624294E-02,0.));
#14544 = ORIENTED_EDGE('',*,*,#14545,.F.);
#14545 = EDGE_CURVE('',#14479,#14538,#14546,.T.);
#14546 = LINE('',#14547,#14548);
#14547 = CARTESIAN_POINT('',(3.,0.,-2.12));
#14548 = VECTOR('',#14549,1.);
#14549 = DIRECTION('',(0.,1.,0.));
#14550 = PLANE('',#14551);
#14551 = AXIS2_PLACEMENT_3D('',#14552,#14553,#14554);
#14552 = CARTESIAN_POINT('',(0.,0.,-2.12));
#14553 = DIRECTION('',(0.,0.,1.));
#14554 = DIRECTION('',(-1.,0.,0.));
#14555 = ADVANCED_FACE('',(#14556),#14572,.F.);
#14556 = FACE_BOUND('',#14557,.T.);
#14557 = EDGE_LOOP('',(#14558,#14559,#14565,#14566));
#14558 = ORIENTED_EDGE('',*,*,#14412,.F.);
#14559 = ORIENTED_EDGE('',*,*,#14560,.T.);
#14560 = EDGE_CURVE('',#14404,#14477,#14561,.T.);
#14561 = LINE('',#14562,#14563);
#14562 = CARTESIAN_POINT('',(2.452884324343,2.867311757213E-02,-1.69));
#14563 = VECTOR('',#14564,1.);
#14564 = DIRECTION('',(0.,0.,-1.));
#14565 = ORIENTED_EDGE('',*,*,#14476,.T.);
#14566 = ORIENTED_EDGE('',*,*,#14567,.F.);
#14567 = EDGE_CURVE('',#14413,#14479,#14568,.T.);
#14568 = LINE('',#14569,#14570);
#14569 = CARTESIAN_POINT('',(3.,0.,-1.69));
#14570 = VECTOR('',#14571,1.);
#14571 = DIRECTION('',(0.,0.,-1.));
#14572 = PLANE('',#14573);
#14573 = AXIS2_PLACEMENT_3D('',#14574,#14575,#14576);
#14574 = CARTESIAN_POINT('',(3.,0.,-1.69));
#14575 = DIRECTION('',(5.233595624294E-02,0.998629534755,0.));
#14576 = DIRECTION('',(-0.998629534755,5.233595624294E-02,0.));
#14577 = ADVANCED_FACE('',(#14578),#14589,.F.);
#14578 = FACE_BOUND('',#14579,.T.);
#14579 = EDGE_LOOP('',(#14580,#14581,#14587,#14588));
#14580 = ORIENTED_EDGE('',*,*,#14545,.T.);
#14581 = ORIENTED_EDGE('',*,*,#14582,.F.);
#14582 = EDGE_CURVE('',#14421,#14538,#14583,.T.);
#14583 = LINE('',#14584,#14585);
#14584 = CARTESIAN_POINT('',(3.,0.22,-1.69));
#14585 = VECTOR('',#14586,1.);
#14586 = DIRECTION('',(0.,0.,-1.));
#14587 = ORIENTED_EDGE('',*,*,#14420,.F.);
#14588 = ORIENTED_EDGE('',*,*,#14567,.T.);
#14589 = PLANE('',#14590);
#14590 = AXIS2_PLACEMENT_3D('',#14591,#14592,#14593);
#14591 = CARTESIAN_POINT('',(3.,0.,-1.69));
#14592 = DIRECTION('',(-1.,0.,0.));
#14593 = DIRECTION('',(0.,0.,1.));
#14594 = ADVANCED_FACE('',(#14595),#14606,.F.);
#14595 = FACE_BOUND('',#14596,.T.);
#14596 = EDGE_LOOP('',(#14597,#14598,#14604,#14605));
#14597 = ORIENTED_EDGE('',*,*,#14537,.T.);
#14598 = ORIENTED_EDGE('',*,*,#14599,.T.);
#14599 = EDGE_CURVE('',#14529,#14429,#14600,.T.);
#14600 = LINE('',#14601,#14602);
#14601 = CARTESIAN_POINT('',(2.523012825605,0.244997838557,-1.69));
#14602 = VECTOR('',#14603,1.);
#14603 = DIRECTION('',(-0.,-0.,1.));
#14604 = ORIENTED_EDGE('',*,*,#14428,.F.);
#14605 = ORIENTED_EDGE('',*,*,#14582,.T.);
#14606 = PLANE('',#14607);
#14607 = AXIS2_PLACEMENT_3D('',#14608,#14609,#14610);
#14608 = CARTESIAN_POINT('',(3.,0.22,-1.69));
#14609 = DIRECTION('',(-5.233595624294E-02,-0.998629534755,0.));
#14610 = DIRECTION('',(0.998629534755,-5.233595624294E-02,0.));
#14611 = ADVANCED_FACE('',(#14612),#14628,.F.);
#14612 = FACE_BOUND('',#14613,.T.);
#14613 = EDGE_LOOP('',(#14614,#14615,#14621,#14622));
#14614 = ORIENTED_EDGE('',*,*,#14520,.T.);
#14615 = ORIENTED_EDGE('',*,*,#14616,.T.);
#14616 = EDGE_CURVE('',#14512,#14446,#14617,.T.);
#14617 = LINE('',#14618,#14619);
#14618 = CARTESIAN_POINT('',(2.270566301392,0.939143901594,-1.69));
#14619 = VECTOR('',#14620,1.);
#14620 = DIRECTION('',(2.68659401463E-18,-2.164123848516E-17,1.));
#14621 = ORIENTED_EDGE('',*,*,#14445,.F.);
#14622 = ORIENTED_EDGE('',*,*,#14623,.T.);
#14623 = EDGE_CURVE('',#14437,#14521,#14624,.T.);
#14624 = LINE('',#14625,#14626);
#14625 = CARTESIAN_POINT('',(2.335003561511,0.420084413644,-2.12));
#14626 = VECTOR('',#14627,1.);
#14627 = DIRECTION('',(0.,0.,-1.));
#14628 = PLANE('',#14629);
#14629 = AXIS2_PLACEMENT_3D('',#14630,#14631,#14632);
#14630 = CARTESIAN_POINT('',(2.355650354552,0.253768934,-1.69));
#14631 = DIRECTION('',(-0.992382276713,-0.123196659316,0.));
#14632 = DIRECTION('',(0.123196659316,-0.992382276713,0.));
#14633 = ADVANCED_FACE('',(#14634),#14650,.F.);
#14634 = FACE_BOUND('',#14635,.T.);
#14635 = EDGE_LOOP('',(#14636,#14637,#14643,#14644));
#14636 = ORIENTED_EDGE('',*,*,#14495,.T.);
#14637 = ORIENTED_EDGE('',*,*,#14638,.T.);
#14638 = EDGE_CURVE('',#14487,#14396,#14639,.T.);
#14639 = LINE('',#14640,#14641);
#14640 = CARTESIAN_POINT('',(2.123868112178,0.335074623976,-1.69));
#14641 = VECTOR('',#14642,1.);
#14642 = DIRECTION('',(-0.,-0.,1.));
#14643 = ORIENTED_EDGE('',*,*,#14393,.F.);
#14644 = ORIENTED_EDGE('',*,*,#14645,.T.);
#14645 = EDGE_CURVE('',#14394,#14496,#14646,.T.);
#14646 = LINE('',#14647,#14648);
#14647 = CARTESIAN_POINT('',(2.05725590349,0.871653908528,-1.69));
#14648 = VECTOR('',#14649,1.);
#14649 = DIRECTION('',(-2.68659401463E-18,2.164123848516E-17,-1.));
#14650 = PLANE('',#14651);
#14651 = AXIS2_PLACEMENT_3D('',#14652,#14653,#14654);
#14652 = CARTESIAN_POINT('',(2.16,4.402253459775E-02,-1.69));
#14653 = DIRECTION('',(0.992382276713,0.123196659316,0.));
#14654 = DIRECTION('',(-0.123196659316,0.992382276713,0.));
#14655 = ADVANCED_FACE('',(#14656),#14662,.F.);
#14656 = FACE_BOUND('',#14657,.F.);
#14657 = EDGE_LOOP('',(#14658,#14659,#14660,#14661));
#14658 = ORIENTED_EDGE('',*,*,#14623,.T.);
#14659 = ORIENTED_EDGE('',*,*,#14528,.T.);
#14660 = ORIENTED_EDGE('',*,*,#14599,.T.);
#14661 = ORIENTED_EDGE('',*,*,#14436,.T.);
#14662 = CYLINDRICAL_SURFACE('',#14663,0.2);
#14663 = AXIS2_PLACEMENT_3D('',#14664,#14665,#14666);
#14664 = CARTESIAN_POINT('',(2.533480016854,0.444723745507,-1.69));
#14665 = DIRECTION('',(0.,0.,1.));
#14666 = DIRECTION('',(1.,0.,-0.));
#14667 = ADVANCED_FACE('',(#14668),#14674,.F.);
#14668 = FACE_BOUND('',#14669,.F.);
#14669 = EDGE_LOOP('',(#14670,#14671,#14672,#14673));
#14670 = ORIENTED_EDGE('',*,*,#14645,.T.);
#14671 = ORIENTED_EDGE('',*,*,#14503,.T.);
#14672 = ORIENTED_EDGE('',*,*,#13498,.F.);
#14673 = ORIENTED_EDGE('',*,*,#14461,.T.);
#14674 = CYLINDRICAL_SURFACE('',#14675,0.2);
#14675 = AXIS2_PLACEMENT_3D('',#14676,#14677,#14678);
#14676 = CARTESIAN_POINT('',(1.858779448147,0.847014576665,-1.69));
#14677 = DIRECTION('',(1.770125995895E-16,-0.,1.));
#14678 = DIRECTION('',(1.,0.,-1.770125995895E-16));
#14679 = ADVANCED_FACE('',(#14680),#14686,.T.);
#14680 = FACE_BOUND('',#14681,.T.);
#14681 = EDGE_LOOP('',(#14682,#14683,#14684,#14685));
#14682 = ORIENTED_EDGE('',*,*,#14403,.F.);
#14683 = ORIENTED_EDGE('',*,*,#14638,.F.);
#14684 = ORIENTED_EDGE('',*,*,#14486,.F.);
#14685 = ORIENTED_EDGE('',*,*,#14560,.F.);
#14686 = CYLINDRICAL_SURFACE('',#14687,0.35);
#14687 = AXIS2_PLACEMENT_3D('',#14688,#14689,#14690);
#14688 = CARTESIAN_POINT('',(2.471201909028,0.378193454736,-1.69));
#14689 = DIRECTION('',(0.,0.,-1.));
#14690 = DIRECTION('',(-1.,0.,0.));
#14691 = ADVANCED_FACE('',(#14692),#14698,.T.);
#14692 = FACE_BOUND('',#14693,.T.);
#14693 = EDGE_LOOP('',(#14694,#14695,#14696,#14697));
#14694 = ORIENTED_EDGE('',*,*,#14453,.F.);
#14695 = ORIENTED_EDGE('',*,*,#14616,.F.);
#14696 = ORIENTED_EDGE('',*,*,#14511,.F.);
#14697 = ORIENTED_EDGE('',*,*,#13516,.T.);
#14698 = CYLINDRICAL_SURFACE('',#14699,0.35);
#14699 = AXIS2_PLACEMENT_3D('',#14700,#14701,#14702);
#14700 = CARTESIAN_POINT('',(1.923232504543,0.896025070833,-1.69));
#14701 = DIRECTION('',(-1.770125995895E-16,-1.719230820641E-32,-1.));
#14702 = DIRECTION('',(-1.,3.043255168559E-48,1.770125995895E-16));
#14703 = ADVANCED_FACE('',(#14704),#14781,.T.);
#14704 = FACE_BOUND('',#14705,.T.);
#14705 = EDGE_LOOP('',(#14706,#14716,#14725,#14733,#14741,#14749,#14758,
    #14766,#14773,#14774));
#14706 = ORIENTED_EDGE('',*,*,#14707,.T.);
#14707 = EDGE_CURVE('',#14708,#14710,#14712,.T.);
#14708 = VERTEX_POINT('',#14709);
#14709 = CARTESIAN_POINT('',(2.05725590349,0.871653908528,-0.42));
#14710 = VERTEX_POINT('',#14711);
#14711 = CARTESIAN_POINT('',(2.123868112178,0.335074623976,-0.42));
#14712 = LINE('',#14713,#14714);
#14713 = CARTESIAN_POINT('',(2.16,4.402253459775E-02,-0.42));
#14714 = VECTOR('',#14715,1.);
#14715 = DIRECTION('',(0.123196659316,-0.992382276713,-0.));
#14716 = ORIENTED_EDGE('',*,*,#14717,.T.);
#14717 = EDGE_CURVE('',#14710,#14718,#14720,.T.);
#14718 = VERTEX_POINT('',#14719);
#14719 = CARTESIAN_POINT('',(2.452884324343,2.867311757213E-02,-0.42));
#14720 = CIRCLE('',#14721,0.35);
#14721 = AXIS2_PLACEMENT_3D('',#14722,#14723,#14724);
#14722 = CARTESIAN_POINT('',(2.471201909028,0.378193454736,-0.42));
#14723 = DIRECTION('',(0.,0.,1.));
#14724 = DIRECTION('',(1.,0.,-0.));
#14725 = ORIENTED_EDGE('',*,*,#14726,.T.);
#14726 = EDGE_CURVE('',#14718,#14727,#14729,.T.);
#14727 = VERTEX_POINT('',#14728);
#14728 = CARTESIAN_POINT('',(3.,0.,-0.42));
#14729 = LINE('',#14730,#14731);
#14730 = CARTESIAN_POINT('',(3.,0.,-0.42));
#14731 = VECTOR('',#14732,1.);
#14732 = DIRECTION('',(0.998629534755,-5.233595624294E-02,-0.));
#14733 = ORIENTED_EDGE('',*,*,#14734,.T.);
#14734 = EDGE_CURVE('',#14727,#14735,#14737,.T.);
#14735 = VERTEX_POINT('',#14736);
#14736 = CARTESIAN_POINT('',(3.,0.22,-0.42));
#14737 = LINE('',#14738,#14739);
#14738 = CARTESIAN_POINT('',(3.,0.,-0.42));
#14739 = VECTOR('',#14740,1.);
#14740 = DIRECTION('',(0.,1.,0.));
#14741 = ORIENTED_EDGE('',*,*,#14742,.T.);
#14742 = EDGE_CURVE('',#14735,#14743,#14745,.T.);
#14743 = VERTEX_POINT('',#14744);
#14744 = CARTESIAN_POINT('',(2.523012825605,0.244997838557,-0.42));
#14745 = LINE('',#14746,#14747);
#14746 = CARTESIAN_POINT('',(3.,0.22,-0.42));
#14747 = VECTOR('',#14748,1.);
#14748 = DIRECTION('',(-0.998629534755,5.233595624294E-02,0.));
#14749 = ORIENTED_EDGE('',*,*,#14750,.T.);
#14750 = EDGE_CURVE('',#14743,#14751,#14753,.T.);
#14751 = VERTEX_POINT('',#14752);
#14752 = CARTESIAN_POINT('',(2.335003561511,0.420084413644,-0.42));
#14753 = CIRCLE('',#14754,0.2);
#14754 = AXIS2_PLACEMENT_3D('',#14755,#14756,#14757);
#14755 = CARTESIAN_POINT('',(2.533480016854,0.444723745507,-0.42));
#14756 = DIRECTION('',(0.,0.,-1.));
#14757 = DIRECTION('',(1.,0.,0.));
#14758 = ORIENTED_EDGE('',*,*,#14759,.T.);
#14759 = EDGE_CURVE('',#14751,#14760,#14762,.T.);
#14760 = VERTEX_POINT('',#14761);
#14761 = CARTESIAN_POINT('',(2.270566301392,0.939143901594,-0.42));
#14762 = LINE('',#14763,#14764);
#14763 = CARTESIAN_POINT('',(2.355650354552,0.253768934,-0.42));
#14764 = VECTOR('',#14765,1.);
#14765 = DIRECTION('',(-0.123196659316,0.992382276713,0.));
#14766 = ORIENTED_EDGE('',*,*,#14767,.T.);
#14767 = EDGE_CURVE('',#14760,#13475,#14768,.T.);
#14768 = CIRCLE('',#14769,0.35);
#14769 = AXIS2_PLACEMENT_3D('',#14770,#14771,#14772);
#14770 = CARTESIAN_POINT('',(1.923232504543,0.896025070833,-0.42));
#14771 = DIRECTION('',(0.,0.,1.));
#14772 = DIRECTION('',(1.,0.,-0.));
#14773 = ORIENTED_EDGE('',*,*,#13474,.F.);
#14774 = ORIENTED_EDGE('',*,*,#14775,.T.);
#14775 = EDGE_CURVE('',#13465,#14708,#14776,.T.);
#14776 = CIRCLE('',#14777,0.2);
#14777 = AXIS2_PLACEMENT_3D('',#14778,#14779,#14780);
#14778 = CARTESIAN_POINT('',(1.858779448147,0.847014576665,-0.42));
#14779 = DIRECTION('',(0.,-0.,-1.));
#14780 = DIRECTION('',(1.,-3.794707603699E-15,0.));
#14781 = PLANE('',#14782);
#14782 = AXIS2_PLACEMENT_3D('',#14783,#14784,#14785);
#14783 = CARTESIAN_POINT('',(1.68604501109E-16,0.,-0.42));
#14784 = DIRECTION('',(0.,0.,1.));
#14785 = DIRECTION('',(-1.,0.,0.));
#14786 = ADVANCED_FACE('',(#14787),#14864,.F.);
#14787 = FACE_BOUND('',#14788,.T.);
#14788 = EDGE_LOOP('',(#14789,#14799,#14808,#14816,#14823,#14824,#14833,
    #14841,#14850,#14858));
#14789 = ORIENTED_EDGE('',*,*,#14790,.F.);
#14790 = EDGE_CURVE('',#14791,#14793,#14795,.T.);
#14791 = VERTEX_POINT('',#14792);
#14792 = CARTESIAN_POINT('',(2.452884324343,2.867311757213E-02,-0.85));
#14793 = VERTEX_POINT('',#14794);
#14794 = CARTESIAN_POINT('',(3.,0.,-0.85));
#14795 = LINE('',#14796,#14797);
#14796 = CARTESIAN_POINT('',(3.,0.,-0.85));
#14797 = VECTOR('',#14798,1.);
#14798 = DIRECTION('',(0.998629534755,-5.233595624294E-02,-0.));
#14799 = ORIENTED_EDGE('',*,*,#14800,.T.);
#14800 = EDGE_CURVE('',#14791,#14801,#14803,.T.);
#14801 = VERTEX_POINT('',#14802);
#14802 = CARTESIAN_POINT('',(2.123868112178,0.335074623976,-0.85));
#14803 = CIRCLE('',#14804,0.35);
#14804 = AXIS2_PLACEMENT_3D('',#14805,#14806,#14807);
#14805 = CARTESIAN_POINT('',(2.471201909028,0.378193454736,-0.85));
#14806 = DIRECTION('',(0.,0.,-1.));
#14807 = DIRECTION('',(1.,0.,0.));
#14808 = ORIENTED_EDGE('',*,*,#14809,.F.);
#14809 = EDGE_CURVE('',#14810,#14801,#14812,.T.);
#14810 = VERTEX_POINT('',#14811);
#14811 = CARTESIAN_POINT('',(2.05725590349,0.871653908528,-0.85));
#14812 = LINE('',#14813,#14814);
#14813 = CARTESIAN_POINT('',(2.16,4.402253459775E-02,-0.85));
#14814 = VECTOR('',#14815,1.);
#14815 = DIRECTION('',(0.123196659316,-0.992382276713,-0.));
#14816 = ORIENTED_EDGE('',*,*,#14817,.T.);
#14817 = EDGE_CURVE('',#14810,#13467,#14818,.T.);
#14818 = CIRCLE('',#14819,0.2);
#14819 = AXIS2_PLACEMENT_3D('',#14820,#14821,#14822);
#14820 = CARTESIAN_POINT('',(1.858779448147,0.847014576665,-0.85));
#14821 = DIRECTION('',(0.,0.,1.));
#14822 = DIRECTION('',(1.,0.,-0.));
#14823 = ORIENTED_EDGE('',*,*,#13490,.T.);
#14824 = ORIENTED_EDGE('',*,*,#14825,.T.);
#14825 = EDGE_CURVE('',#13483,#14826,#14828,.T.);
#14826 = VERTEX_POINT('',#14827);
#14827 = CARTESIAN_POINT('',(2.270566301392,0.939143901594,-0.85));
#14828 = CIRCLE('',#14829,0.35);
#14829 = AXIS2_PLACEMENT_3D('',#14830,#14831,#14832);
#14830 = CARTESIAN_POINT('',(1.923232504543,0.896025070833,-0.85));
#14831 = DIRECTION('',(0.,-0.,-1.));
#14832 = DIRECTION('',(1.,-9.293161478447E-16,0.));
#14833 = ORIENTED_EDGE('',*,*,#14834,.F.);
#14834 = EDGE_CURVE('',#14835,#14826,#14837,.T.);
#14835 = VERTEX_POINT('',#14836);
#14836 = CARTESIAN_POINT('',(2.335003561511,0.420084413644,-0.85));
#14837 = LINE('',#14838,#14839);
#14838 = CARTESIAN_POINT('',(2.355650354552,0.253768934,-0.85));
#14839 = VECTOR('',#14840,1.);
#14840 = DIRECTION('',(-0.123196659316,0.992382276713,0.));
#14841 = ORIENTED_EDGE('',*,*,#14842,.T.);
#14842 = EDGE_CURVE('',#14835,#14843,#14845,.T.);
#14843 = VERTEX_POINT('',#14844);
#14844 = CARTESIAN_POINT('',(2.523012825605,0.244997838557,-0.85));
#14845 = CIRCLE('',#14846,0.2);
#14846 = AXIS2_PLACEMENT_3D('',#14847,#14848,#14849);
#14847 = CARTESIAN_POINT('',(2.533480016854,0.444723745507,-0.85));
#14848 = DIRECTION('',(0.,0.,1.));
#14849 = DIRECTION('',(1.,0.,-0.));
#14850 = ORIENTED_EDGE('',*,*,#14851,.F.);
#14851 = EDGE_CURVE('',#14852,#14843,#14854,.T.);
#14852 = VERTEX_POINT('',#14853);
#14853 = CARTESIAN_POINT('',(3.,0.22,-0.85));
#14854 = LINE('',#14855,#14856);
#14855 = CARTESIAN_POINT('',(3.,0.22,-0.85));
#14856 = VECTOR('',#14857,1.);
#14857 = DIRECTION('',(-0.998629534755,5.233595624294E-02,0.));
#14858 = ORIENTED_EDGE('',*,*,#14859,.F.);
#14859 = EDGE_CURVE('',#14793,#14852,#14860,.T.);
#14860 = LINE('',#14861,#14862);
#14861 = CARTESIAN_POINT('',(3.,0.,-0.85));
#14862 = VECTOR('',#14863,1.);
#14863 = DIRECTION('',(0.,1.,0.));
#14864 = PLANE('',#14865);
#14865 = AXIS2_PLACEMENT_3D('',#14866,#14867,#14868);
#14866 = CARTESIAN_POINT('',(1.68604501109E-16,0.,-0.85));
#14867 = DIRECTION('',(0.,0.,1.));
#14868 = DIRECTION('',(-1.,0.,0.));
#14869 = ADVANCED_FACE('',(#14870),#14886,.F.);
#14870 = FACE_BOUND('',#14871,.T.);
#14871 = EDGE_LOOP('',(#14872,#14873,#14879,#14880));
#14872 = ORIENTED_EDGE('',*,*,#14726,.F.);
#14873 = ORIENTED_EDGE('',*,*,#14874,.T.);
#14874 = EDGE_CURVE('',#14718,#14791,#14875,.T.);
#14875 = LINE('',#14876,#14877);
#14876 = CARTESIAN_POINT('',(2.452884324343,2.867311757213E-02,-0.42));
#14877 = VECTOR('',#14878,1.);
#14878 = DIRECTION('',(0.,0.,-1.));
#14879 = ORIENTED_EDGE('',*,*,#14790,.T.);
#14880 = ORIENTED_EDGE('',*,*,#14881,.F.);
#14881 = EDGE_CURVE('',#14727,#14793,#14882,.T.);
#14882 = LINE('',#14883,#14884);
#14883 = CARTESIAN_POINT('',(3.,0.,-0.42));
#14884 = VECTOR('',#14885,1.);
#14885 = DIRECTION('',(0.,0.,-1.));
#14886 = PLANE('',#14887);
#14887 = AXIS2_PLACEMENT_3D('',#14888,#14889,#14890);
#14888 = CARTESIAN_POINT('',(3.,0.,-0.42));
#14889 = DIRECTION('',(5.233595624294E-02,0.998629534755,0.));
#14890 = DIRECTION('',(-0.998629534755,5.233595624294E-02,0.));
#14891 = ADVANCED_FACE('',(#14892),#14903,.F.);
#14892 = FACE_BOUND('',#14893,.T.);
#14893 = EDGE_LOOP('',(#14894,#14895,#14901,#14902));
#14894 = ORIENTED_EDGE('',*,*,#14859,.T.);
#14895 = ORIENTED_EDGE('',*,*,#14896,.F.);
#14896 = EDGE_CURVE('',#14735,#14852,#14897,.T.);
#14897 = LINE('',#14898,#14899);
#14898 = CARTESIAN_POINT('',(3.,0.22,-0.42));
#14899 = VECTOR('',#14900,1.);
#14900 = DIRECTION('',(0.,0.,-1.));
#14901 = ORIENTED_EDGE('',*,*,#14734,.F.);
#14902 = ORIENTED_EDGE('',*,*,#14881,.T.);
#14903 = PLANE('',#14904);
#14904 = AXIS2_PLACEMENT_3D('',#14905,#14906,#14907);
#14905 = CARTESIAN_POINT('',(3.,0.,-0.42));
#14906 = DIRECTION('',(-1.,0.,0.));
#14907 = DIRECTION('',(0.,0.,1.));
#14908 = ADVANCED_FACE('',(#14909),#14920,.F.);
#14909 = FACE_BOUND('',#14910,.T.);
#14910 = EDGE_LOOP('',(#14911,#14912,#14918,#14919));
#14911 = ORIENTED_EDGE('',*,*,#14851,.T.);
#14912 = ORIENTED_EDGE('',*,*,#14913,.T.);
#14913 = EDGE_CURVE('',#14843,#14743,#14914,.T.);
#14914 = LINE('',#14915,#14916);
#14915 = CARTESIAN_POINT('',(2.523012825605,0.244997838557,-0.42));
#14916 = VECTOR('',#14917,1.);
#14917 = DIRECTION('',(-0.,-0.,1.));
#14918 = ORIENTED_EDGE('',*,*,#14742,.F.);
#14919 = ORIENTED_EDGE('',*,*,#14896,.T.);
#14920 = PLANE('',#14921);
#14921 = AXIS2_PLACEMENT_3D('',#14922,#14923,#14924);
#14922 = CARTESIAN_POINT('',(3.,0.22,-0.42));
#14923 = DIRECTION('',(-5.233595624294E-02,-0.998629534755,0.));
#14924 = DIRECTION('',(0.998629534755,-5.233595624294E-02,0.));
#14925 = ADVANCED_FACE('',(#14926),#14942,.F.);
#14926 = FACE_BOUND('',#14927,.T.);
#14927 = EDGE_LOOP('',(#14928,#14929,#14935,#14936));
#14928 = ORIENTED_EDGE('',*,*,#14834,.T.);
#14929 = ORIENTED_EDGE('',*,*,#14930,.T.);
#14930 = EDGE_CURVE('',#14826,#14760,#14931,.T.);
#14931 = LINE('',#14932,#14933);
#14932 = CARTESIAN_POINT('',(2.270566301392,0.939143901594,-0.42));
#14933 = VECTOR('',#14934,1.);
#14934 = DIRECTION('',(2.68659401463E-18,-2.164123848516E-17,1.));
#14935 = ORIENTED_EDGE('',*,*,#14759,.F.);
#14936 = ORIENTED_EDGE('',*,*,#14937,.T.);
#14937 = EDGE_CURVE('',#14751,#14835,#14938,.T.);
#14938 = LINE('',#14939,#14940);
#14939 = CARTESIAN_POINT('',(2.335003561511,0.420084413644,-0.85));
#14940 = VECTOR('',#14941,1.);
#14941 = DIRECTION('',(0.,0.,-1.));
#14942 = PLANE('',#14943);
#14943 = AXIS2_PLACEMENT_3D('',#14944,#14945,#14946);
#14944 = CARTESIAN_POINT('',(2.355650354552,0.253768934,-0.42));
#14945 = DIRECTION('',(-0.992382276713,-0.123196659316,0.));
#14946 = DIRECTION('',(0.123196659316,-0.992382276713,0.));
#14947 = ADVANCED_FACE('',(#14948),#14964,.F.);
#14948 = FACE_BOUND('',#14949,.T.);
#14949 = EDGE_LOOP('',(#14950,#14951,#14957,#14958));
#14950 = ORIENTED_EDGE('',*,*,#14809,.T.);
#14951 = ORIENTED_EDGE('',*,*,#14952,.T.);
#14952 = EDGE_CURVE('',#14801,#14710,#14953,.T.);
#14953 = LINE('',#14954,#14955);
#14954 = CARTESIAN_POINT('',(2.123868112178,0.335074623976,-0.42));
#14955 = VECTOR('',#14956,1.);
#14956 = DIRECTION('',(-0.,-0.,1.));
#14957 = ORIENTED_EDGE('',*,*,#14707,.F.);
#14958 = ORIENTED_EDGE('',*,*,#14959,.T.);
#14959 = EDGE_CURVE('',#14708,#14810,#14960,.T.);
#14960 = LINE('',#14961,#14962);
#14961 = CARTESIAN_POINT('',(2.05725590349,0.871653908528,-0.42));
#14962 = VECTOR('',#14963,1.);
#14963 = DIRECTION('',(-2.68659401463E-18,2.164123848516E-17,-1.));
#14964 = PLANE('',#14965);
#14965 = AXIS2_PLACEMENT_3D('',#14966,#14967,#14968);
#14966 = CARTESIAN_POINT('',(2.16,4.402253459775E-02,-0.42));
#14967 = DIRECTION('',(0.992382276713,0.123196659316,0.));
#14968 = DIRECTION('',(-0.123196659316,0.992382276713,0.));
#14969 = ADVANCED_FACE('',(#14970),#14976,.F.);
#14970 = FACE_BOUND('',#14971,.F.);
#14971 = EDGE_LOOP('',(#14972,#14973,#14974,#14975));
#14972 = ORIENTED_EDGE('',*,*,#14937,.T.);
#14973 = ORIENTED_EDGE('',*,*,#14842,.T.);
#14974 = ORIENTED_EDGE('',*,*,#14913,.T.);
#14975 = ORIENTED_EDGE('',*,*,#14750,.T.);
#14976 = CYLINDRICAL_SURFACE('',#14977,0.2);
#14977 = AXIS2_PLACEMENT_3D('',#14978,#14979,#14980);
#14978 = CARTESIAN_POINT('',(2.533480016854,0.444723745507,-0.42));
#14979 = DIRECTION('',(0.,0.,1.));
#14980 = DIRECTION('',(1.,0.,-0.));
#14981 = ADVANCED_FACE('',(#14982),#14988,.F.);
#14982 = FACE_BOUND('',#14983,.F.);
#14983 = EDGE_LOOP('',(#14984,#14985,#14986,#14987));
#14984 = ORIENTED_EDGE('',*,*,#14959,.T.);
#14985 = ORIENTED_EDGE('',*,*,#14817,.T.);
#14986 = ORIENTED_EDGE('',*,*,#13464,.F.);
#14987 = ORIENTED_EDGE('',*,*,#14775,.T.);
#14988 = CYLINDRICAL_SURFACE('',#14989,0.2);
#14989 = AXIS2_PLACEMENT_3D('',#14990,#14991,#14992);
#14990 = CARTESIAN_POINT('',(1.858779448147,0.847014576665,-0.42));
#14991 = DIRECTION('',(1.770125995895E-16,-0.,1.));
#14992 = DIRECTION('',(1.,0.,-1.770125995895E-16));
#14993 = ADVANCED_FACE('',(#14994),#15000,.T.);
#14994 = FACE_BOUND('',#14995,.T.);
#14995 = EDGE_LOOP('',(#14996,#14997,#14998,#14999));
#14996 = ORIENTED_EDGE('',*,*,#14717,.F.);
#14997 = ORIENTED_EDGE('',*,*,#14952,.F.);
#14998 = ORIENTED_EDGE('',*,*,#14800,.F.);
#14999 = ORIENTED_EDGE('',*,*,#14874,.F.);
#15000 = CYLINDRICAL_SURFACE('',#15001,0.35);
#15001 = AXIS2_PLACEMENT_3D('',#15002,#15003,#15004);
#15002 = CARTESIAN_POINT('',(2.471201909028,0.378193454736,-0.42));
#15003 = DIRECTION('',(0.,0.,-1.));
#15004 = DIRECTION('',(-1.,0.,0.));
#15005 = ADVANCED_FACE('',(#15006),#15012,.T.);
#15006 = FACE_BOUND('',#15007,.T.);
#15007 = EDGE_LOOP('',(#15008,#15009,#15010,#15011));
#15008 = ORIENTED_EDGE('',*,*,#14767,.F.);
#15009 = ORIENTED_EDGE('',*,*,#14930,.F.);
#15010 = ORIENTED_EDGE('',*,*,#14825,.F.);
#15011 = ORIENTED_EDGE('',*,*,#13482,.T.);
#15012 = CYLINDRICAL_SURFACE('',#15013,0.35);
#15013 = AXIS2_PLACEMENT_3D('',#15014,#15015,#15016);
#15014 = CARTESIAN_POINT('',(1.923232504543,0.896025070833,-0.42));
#15015 = DIRECTION('',(-1.770125995895E-16,-1.719230820641E-32,-1.));
#15016 = DIRECTION('',(-1.,3.804068960699E-49,1.770125995895E-16));
#15017 = ADVANCED_FACE('',(#15018),#15095,.T.);
#15018 = FACE_BOUND('',#15019,.T.);
#15019 = EDGE_LOOP('',(#15020,#15030,#15039,#15047,#15055,#15063,#15072,
    #15080,#15087,#15088));
#15020 = ORIENTED_EDGE('',*,*,#15021,.T.);
#15021 = EDGE_CURVE('',#15022,#15024,#15026,.T.);
#15022 = VERTEX_POINT('',#15023);
#15023 = CARTESIAN_POINT('',(2.05725590349,0.871653908528,0.85));
#15024 = VERTEX_POINT('',#15025);
#15025 = CARTESIAN_POINT('',(2.123868112178,0.335074623976,0.85));
#15026 = LINE('',#15027,#15028);
#15027 = CARTESIAN_POINT('',(2.16,4.402253459775E-02,0.85));
#15028 = VECTOR('',#15029,1.);
#15029 = DIRECTION('',(0.123196659316,-0.992382276713,-0.));
#15030 = ORIENTED_EDGE('',*,*,#15031,.T.);
#15031 = EDGE_CURVE('',#15024,#15032,#15034,.T.);
#15032 = VERTEX_POINT('',#15033);
#15033 = CARTESIAN_POINT('',(2.452884324343,2.867311757213E-02,0.85));
#15034 = CIRCLE('',#15035,0.35);
#15035 = AXIS2_PLACEMENT_3D('',#15036,#15037,#15038);
#15036 = CARTESIAN_POINT('',(2.471201909028,0.378193454736,0.85));
#15037 = DIRECTION('',(0.,0.,1.));
#15038 = DIRECTION('',(1.,0.,-0.));
#15039 = ORIENTED_EDGE('',*,*,#15040,.T.);
#15040 = EDGE_CURVE('',#15032,#15041,#15043,.T.);
#15041 = VERTEX_POINT('',#15042);
#15042 = CARTESIAN_POINT('',(3.,0.,0.85));
#15043 = LINE('',#15044,#15045);
#15044 = CARTESIAN_POINT('',(3.,0.,0.85));
#15045 = VECTOR('',#15046,1.);
#15046 = DIRECTION('',(0.998629534755,-5.233595624294E-02,-0.));
#15047 = ORIENTED_EDGE('',*,*,#15048,.T.);
#15048 = EDGE_CURVE('',#15041,#15049,#15051,.T.);
#15049 = VERTEX_POINT('',#15050);
#15050 = CARTESIAN_POINT('',(3.,0.22,0.85));
#15051 = LINE('',#15052,#15053);
#15052 = CARTESIAN_POINT('',(3.,0.,0.85));
#15053 = VECTOR('',#15054,1.);
#15054 = DIRECTION('',(0.,1.,0.));
#15055 = ORIENTED_EDGE('',*,*,#15056,.T.);
#15056 = EDGE_CURVE('',#15049,#15057,#15059,.T.);
#15057 = VERTEX_POINT('',#15058);
#15058 = CARTESIAN_POINT('',(2.523012825605,0.244997838557,0.85));
#15059 = LINE('',#15060,#15061);
#15060 = CARTESIAN_POINT('',(3.,0.22,0.85));
#15061 = VECTOR('',#15062,1.);
#15062 = DIRECTION('',(-0.998629534755,5.233595624294E-02,0.));
#15063 = ORIENTED_EDGE('',*,*,#15064,.T.);
#15064 = EDGE_CURVE('',#15057,#15065,#15067,.T.);
#15065 = VERTEX_POINT('',#15066);
#15066 = CARTESIAN_POINT('',(2.335003561511,0.420084413644,0.85));
#15067 = CIRCLE('',#15068,0.2);
#15068 = AXIS2_PLACEMENT_3D('',#15069,#15070,#15071);
#15069 = CARTESIAN_POINT('',(2.533480016854,0.444723745507,0.85));
#15070 = DIRECTION('',(0.,0.,-1.));
#15071 = DIRECTION('',(1.,0.,0.));
#15072 = ORIENTED_EDGE('',*,*,#15073,.T.);
#15073 = EDGE_CURVE('',#15065,#15074,#15076,.T.);
#15074 = VERTEX_POINT('',#15075);
#15075 = CARTESIAN_POINT('',(2.270566301392,0.939143901594,0.85));
#15076 = LINE('',#15077,#15078);
#15077 = CARTESIAN_POINT('',(2.355650354552,0.253768934,0.85));
#15078 = VECTOR('',#15079,1.);
#15079 = DIRECTION('',(-0.123196659316,0.992382276713,0.));
#15080 = ORIENTED_EDGE('',*,*,#15081,.T.);
#15081 = EDGE_CURVE('',#15074,#13441,#15082,.T.);
#15082 = CIRCLE('',#15083,0.35);
#15083 = AXIS2_PLACEMENT_3D('',#15084,#15085,#15086);
#15084 = CARTESIAN_POINT('',(1.923232504543,0.896025070833,0.85));
#15085 = DIRECTION('',(0.,0.,1.));
#15086 = DIRECTION('',(1.,0.,-0.));
#15087 = ORIENTED_EDGE('',*,*,#13440,.F.);
#15088 = ORIENTED_EDGE('',*,*,#15089,.T.);
#15089 = EDGE_CURVE('',#13431,#15022,#15090,.T.);
#15090 = CIRCLE('',#15091,0.2);
#15091 = AXIS2_PLACEMENT_3D('',#15092,#15093,#15094);
#15092 = CARTESIAN_POINT('',(1.858779448147,0.847014576665,0.85));
#15093 = DIRECTION('',(0.,-0.,-1.));
#15094 = DIRECTION('',(1.,-1.084202172486E-15,0.));
#15095 = PLANE('',#15096);
#15096 = AXIS2_PLACEMENT_3D('',#15097,#15098,#15099);
#15097 = CARTESIAN_POINT('',(3.372090022179E-16,0.,0.85));
#15098 = DIRECTION('',(0.,0.,1.));
#15099 = DIRECTION('',(-1.,0.,0.));
#15100 = ADVANCED_FACE('',(#15101),#15178,.F.);
#15101 = FACE_BOUND('',#15102,.T.);
#15102 = EDGE_LOOP('',(#15103,#15113,#15122,#15130,#15137,#15138,#15147,
    #15155,#15164,#15172));
#15103 = ORIENTED_EDGE('',*,*,#15104,.F.);
#15104 = EDGE_CURVE('',#15105,#15107,#15109,.T.);
#15105 = VERTEX_POINT('',#15106);
#15106 = CARTESIAN_POINT('',(2.452884324343,2.867311757213E-02,0.42));
#15107 = VERTEX_POINT('',#15108);
#15108 = CARTESIAN_POINT('',(3.,0.,0.42));
#15109 = LINE('',#15110,#15111);
#15110 = CARTESIAN_POINT('',(3.,0.,0.42));
#15111 = VECTOR('',#15112,1.);
#15112 = DIRECTION('',(0.998629534755,-5.233595624294E-02,-0.));
#15113 = ORIENTED_EDGE('',*,*,#15114,.T.);
#15114 = EDGE_CURVE('',#15105,#15115,#15117,.T.);
#15115 = VERTEX_POINT('',#15116);
#15116 = CARTESIAN_POINT('',(2.123868112178,0.335074623976,0.42));
#15117 = CIRCLE('',#15118,0.35);
#15118 = AXIS2_PLACEMENT_3D('',#15119,#15120,#15121);
#15119 = CARTESIAN_POINT('',(2.471201909028,0.378193454736,0.42));
#15120 = DIRECTION('',(0.,0.,-1.));
#15121 = DIRECTION('',(1.,0.,0.));
#15122 = ORIENTED_EDGE('',*,*,#15123,.F.);
#15123 = EDGE_CURVE('',#15124,#15115,#15126,.T.);
#15124 = VERTEX_POINT('',#15125);
#15125 = CARTESIAN_POINT('',(2.05725590349,0.871653908528,0.42));
#15126 = LINE('',#15127,#15128);
#15127 = CARTESIAN_POINT('',(2.16,4.402253459775E-02,0.42));
#15128 = VECTOR('',#15129,1.);
#15129 = DIRECTION('',(0.123196659316,-0.992382276713,-0.));
#15130 = ORIENTED_EDGE('',*,*,#15131,.T.);
#15131 = EDGE_CURVE('',#15124,#13433,#15132,.T.);
#15132 = CIRCLE('',#15133,0.2);
#15133 = AXIS2_PLACEMENT_3D('',#15134,#15135,#15136);
#15134 = CARTESIAN_POINT('',(1.858779448147,0.847014576665,0.42));
#15135 = DIRECTION('',(0.,0.,1.));
#15136 = DIRECTION('',(1.,0.,-0.));
#15137 = ORIENTED_EDGE('',*,*,#13456,.T.);
#15138 = ORIENTED_EDGE('',*,*,#15139,.T.);
#15139 = EDGE_CURVE('',#13449,#15140,#15142,.T.);
#15140 = VERTEX_POINT('',#15141);
#15141 = CARTESIAN_POINT('',(2.270566301392,0.939143901594,0.42));
#15142 = CIRCLE('',#15143,0.35);
#15143 = AXIS2_PLACEMENT_3D('',#15144,#15145,#15146);
#15144 = CARTESIAN_POINT('',(1.923232504543,0.896025070833,0.42));
#15145 = DIRECTION('',(0.,-0.,-1.));
#15146 = DIRECTION('',(1.,1.858632295689E-15,-0.));
#15147 = ORIENTED_EDGE('',*,*,#15148,.F.);
#15148 = EDGE_CURVE('',#15149,#15140,#15151,.T.);
#15149 = VERTEX_POINT('',#15150);
#15150 = CARTESIAN_POINT('',(2.335003561511,0.420084413644,0.42));
#15151 = LINE('',#15152,#15153);
#15152 = CARTESIAN_POINT('',(2.355650354552,0.253768934,0.42));
#15153 = VECTOR('',#15154,1.);
#15154 = DIRECTION('',(-0.123196659316,0.992382276713,0.));
#15155 = ORIENTED_EDGE('',*,*,#15156,.T.);
#15156 = EDGE_CURVE('',#15149,#15157,#15159,.T.);
#15157 = VERTEX_POINT('',#15158);
#15158 = CARTESIAN_POINT('',(2.523012825605,0.244997838557,0.42));
#15159 = CIRCLE('',#15160,0.2);
#15160 = AXIS2_PLACEMENT_3D('',#15161,#15162,#15163);
#15161 = CARTESIAN_POINT('',(2.533480016854,0.444723745507,0.42));
#15162 = DIRECTION('',(0.,0.,1.));
#15163 = DIRECTION('',(1.,0.,-0.));
#15164 = ORIENTED_EDGE('',*,*,#15165,.F.);
#15165 = EDGE_CURVE('',#15166,#15157,#15168,.T.);
#15166 = VERTEX_POINT('',#15167);
#15167 = CARTESIAN_POINT('',(3.,0.22,0.42));
#15168 = LINE('',#15169,#15170);
#15169 = CARTESIAN_POINT('',(3.,0.22,0.42));
#15170 = VECTOR('',#15171,1.);
#15171 = DIRECTION('',(-0.998629534755,5.233595624294E-02,0.));
#15172 = ORIENTED_EDGE('',*,*,#15173,.F.);
#15173 = EDGE_CURVE('',#15107,#15166,#15174,.T.);
#15174 = LINE('',#15175,#15176);
#15175 = CARTESIAN_POINT('',(3.,0.,0.42));
#15176 = VECTOR('',#15177,1.);
#15177 = DIRECTION('',(0.,1.,0.));
#15178 = PLANE('',#15179);
#15179 = AXIS2_PLACEMENT_3D('',#15180,#15181,#15182);
#15180 = CARTESIAN_POINT('',(3.372090022179E-16,0.,0.42));
#15181 = DIRECTION('',(0.,0.,1.));
#15182 = DIRECTION('',(-1.,0.,0.));
#15183 = ADVANCED_FACE('',(#15184),#15200,.F.);
#15184 = FACE_BOUND('',#15185,.T.);
#15185 = EDGE_LOOP('',(#15186,#15187,#15193,#15194));
#15186 = ORIENTED_EDGE('',*,*,#15040,.F.);
#15187 = ORIENTED_EDGE('',*,*,#15188,.T.);
#15188 = EDGE_CURVE('',#15032,#15105,#15189,.T.);
#15189 = LINE('',#15190,#15191);
#15190 = CARTESIAN_POINT('',(2.452884324343,2.867311757213E-02,0.85));
#15191 = VECTOR('',#15192,1.);
#15192 = DIRECTION('',(0.,0.,-1.));
#15193 = ORIENTED_EDGE('',*,*,#15104,.T.);
#15194 = ORIENTED_EDGE('',*,*,#15195,.F.);
#15195 = EDGE_CURVE('',#15041,#15107,#15196,.T.);
#15196 = LINE('',#15197,#15198);
#15197 = CARTESIAN_POINT('',(3.,0.,0.85));
#15198 = VECTOR('',#15199,1.);
#15199 = DIRECTION('',(0.,0.,-1.));
#15200 = PLANE('',#15201);
#15201 = AXIS2_PLACEMENT_3D('',#15202,#15203,#15204);
#15202 = CARTESIAN_POINT('',(3.,0.,0.85));
#15203 = DIRECTION('',(5.233595624294E-02,0.998629534755,0.));
#15204 = DIRECTION('',(-0.998629534755,5.233595624294E-02,0.));
#15205 = ADVANCED_FACE('',(#15206),#15217,.F.);
#15206 = FACE_BOUND('',#15207,.T.);
#15207 = EDGE_LOOP('',(#15208,#15209,#15215,#15216));
#15208 = ORIENTED_EDGE('',*,*,#15173,.T.);
#15209 = ORIENTED_EDGE('',*,*,#15210,.F.);
#15210 = EDGE_CURVE('',#15049,#15166,#15211,.T.);
#15211 = LINE('',#15212,#15213);
#15212 = CARTESIAN_POINT('',(3.,0.22,0.85));
#15213 = VECTOR('',#15214,1.);
#15214 = DIRECTION('',(0.,0.,-1.));
#15215 = ORIENTED_EDGE('',*,*,#15048,.F.);
#15216 = ORIENTED_EDGE('',*,*,#15195,.T.);
#15217 = PLANE('',#15218);
#15218 = AXIS2_PLACEMENT_3D('',#15219,#15220,#15221);
#15219 = CARTESIAN_POINT('',(3.,0.,0.85));
#15220 = DIRECTION('',(-1.,0.,0.));
#15221 = DIRECTION('',(0.,0.,1.));
#15222 = ADVANCED_FACE('',(#15223),#15234,.F.);
#15223 = FACE_BOUND('',#15224,.T.);
#15224 = EDGE_LOOP('',(#15225,#15226,#15232,#15233));
#15225 = ORIENTED_EDGE('',*,*,#15165,.T.);
#15226 = ORIENTED_EDGE('',*,*,#15227,.T.);
#15227 = EDGE_CURVE('',#15157,#15057,#15228,.T.);
#15228 = LINE('',#15229,#15230);
#15229 = CARTESIAN_POINT('',(2.523012825605,0.244997838557,0.85));
#15230 = VECTOR('',#15231,1.);
#15231 = DIRECTION('',(-0.,-0.,1.));
#15232 = ORIENTED_EDGE('',*,*,#15056,.F.);
#15233 = ORIENTED_EDGE('',*,*,#15210,.T.);
#15234 = PLANE('',#15235);
#15235 = AXIS2_PLACEMENT_3D('',#15236,#15237,#15238);
#15236 = CARTESIAN_POINT('',(3.,0.22,0.85));
#15237 = DIRECTION('',(-5.233595624294E-02,-0.998629534755,0.));
#15238 = DIRECTION('',(0.998629534755,-5.233595624294E-02,0.));
#15239 = ADVANCED_FACE('',(#15240),#15256,.F.);
#15240 = FACE_BOUND('',#15241,.T.);
#15241 = EDGE_LOOP('',(#15242,#15243,#15249,#15250));
#15242 = ORIENTED_EDGE('',*,*,#15148,.T.);
#15243 = ORIENTED_EDGE('',*,*,#15244,.T.);
#15244 = EDGE_CURVE('',#15140,#15074,#15245,.T.);
#15245 = LINE('',#15246,#15247);
#15246 = CARTESIAN_POINT('',(2.270566301392,0.939143901594,0.85));
#15247 = VECTOR('',#15248,1.);
#15248 = DIRECTION('',(2.68659401463E-18,-2.164123848516E-17,1.));
#15249 = ORIENTED_EDGE('',*,*,#15073,.F.);
#15250 = ORIENTED_EDGE('',*,*,#15251,.T.);
#15251 = EDGE_CURVE('',#15065,#15149,#15252,.T.);
#15252 = LINE('',#15253,#15254);
#15253 = CARTESIAN_POINT('',(2.335003561511,0.420084413644,0.42));
#15254 = VECTOR('',#15255,1.);
#15255 = DIRECTION('',(0.,0.,-1.));
#15256 = PLANE('',#15257);
#15257 = AXIS2_PLACEMENT_3D('',#15258,#15259,#15260);
#15258 = CARTESIAN_POINT('',(2.355650354552,0.253768934,0.85));
#15259 = DIRECTION('',(-0.992382276713,-0.123196659316,0.));
#15260 = DIRECTION('',(0.123196659316,-0.992382276713,0.));
#15261 = ADVANCED_FACE('',(#15262),#15278,.F.);
#15262 = FACE_BOUND('',#15263,.T.);
#15263 = EDGE_LOOP('',(#15264,#15265,#15271,#15272));
#15264 = ORIENTED_EDGE('',*,*,#15123,.T.);
#15265 = ORIENTED_EDGE('',*,*,#15266,.T.);
#15266 = EDGE_CURVE('',#15115,#15024,#15267,.T.);
#15267 = LINE('',#15268,#15269);
#15268 = CARTESIAN_POINT('',(2.123868112178,0.335074623976,0.85));
#15269 = VECTOR('',#15270,1.);
#15270 = DIRECTION('',(-0.,-0.,1.));
#15271 = ORIENTED_EDGE('',*,*,#15021,.F.);
#15272 = ORIENTED_EDGE('',*,*,#15273,.T.);
#15273 = EDGE_CURVE('',#15022,#15124,#15274,.T.);
#15274 = LINE('',#15275,#15276);
#15275 = CARTESIAN_POINT('',(2.05725590349,0.871653908528,0.85));
#15276 = VECTOR('',#15277,1.);
#15277 = DIRECTION('',(-2.68659401463E-18,2.164123848516E-17,-1.));
#15278 = PLANE('',#15279);
#15279 = AXIS2_PLACEMENT_3D('',#15280,#15281,#15282);
#15280 = CARTESIAN_POINT('',(2.16,4.402253459775E-02,0.85));
#15281 = DIRECTION('',(0.992382276713,0.123196659316,0.));
#15282 = DIRECTION('',(-0.123196659316,0.992382276713,0.));
#15283 = ADVANCED_FACE('',(#15284),#15290,.F.);
#15284 = FACE_BOUND('',#15285,.F.);
#15285 = EDGE_LOOP('',(#15286,#15287,#15288,#15289));
#15286 = ORIENTED_EDGE('',*,*,#15251,.T.);
#15287 = ORIENTED_EDGE('',*,*,#15156,.T.);
#15288 = ORIENTED_EDGE('',*,*,#15227,.T.);
#15289 = ORIENTED_EDGE('',*,*,#15064,.T.);
#15290 = CYLINDRICAL_SURFACE('',#15291,0.2);
#15291 = AXIS2_PLACEMENT_3D('',#15292,#15293,#15294);
#15292 = CARTESIAN_POINT('',(2.533480016854,0.444723745507,0.85));
#15293 = DIRECTION('',(0.,0.,1.));
#15294 = DIRECTION('',(1.,0.,-0.));
#15295 = ADVANCED_FACE('',(#15296),#15302,.F.);
#15296 = FACE_BOUND('',#15297,.F.);
#15297 = EDGE_LOOP('',(#15298,#15299,#15300,#15301));
#15298 = ORIENTED_EDGE('',*,*,#15273,.T.);
#15299 = ORIENTED_EDGE('',*,*,#15131,.T.);
#15300 = ORIENTED_EDGE('',*,*,#13430,.F.);
#15301 = ORIENTED_EDGE('',*,*,#15089,.T.);
#15302 = CYLINDRICAL_SURFACE('',#15303,0.2);
#15303 = AXIS2_PLACEMENT_3D('',#15304,#15305,#15306);
#15304 = CARTESIAN_POINT('',(1.858779448147,0.847014576665,0.85));
#15305 = DIRECTION('',(1.770125995895E-16,-0.,1.));
#15306 = DIRECTION('',(1.,0.,-1.770125995895E-16));
#15307 = ADVANCED_FACE('',(#15308),#15314,.T.);
#15308 = FACE_BOUND('',#15309,.T.);
#15309 = EDGE_LOOP('',(#15310,#15311,#15312,#15313));
#15310 = ORIENTED_EDGE('',*,*,#15031,.F.);
#15311 = ORIENTED_EDGE('',*,*,#15266,.F.);
#15312 = ORIENTED_EDGE('',*,*,#15114,.F.);
#15313 = ORIENTED_EDGE('',*,*,#15188,.F.);
#15314 = CYLINDRICAL_SURFACE('',#15315,0.35);
#15315 = AXIS2_PLACEMENT_3D('',#15316,#15317,#15318);
#15316 = CARTESIAN_POINT('',(2.471201909028,0.378193454736,0.85));
#15317 = DIRECTION('',(0.,0.,-1.));
#15318 = DIRECTION('',(-1.,0.,0.));
#15319 = ADVANCED_FACE('',(#15320),#15326,.T.);
#15320 = FACE_BOUND('',#15321,.T.);
#15321 = EDGE_LOOP('',(#15322,#15323,#15324,#15325));
#15322 = ORIENTED_EDGE('',*,*,#15081,.F.);
#15323 = ORIENTED_EDGE('',*,*,#15244,.F.);
#15324 = ORIENTED_EDGE('',*,*,#15139,.F.);
#15325 = ORIENTED_EDGE('',*,*,#13448,.T.);
#15326 = CYLINDRICAL_SURFACE('',#15327,0.35);
#15327 = AXIS2_PLACEMENT_3D('',#15328,#15329,#15330);
#15328 = CARTESIAN_POINT('',(1.923232504543,0.896025070833,0.85));
#15329 = DIRECTION('',(-1.770125995895E-16,-1.719230820641E-32,-1.));
#15330 = DIRECTION('',(-1.,-2.28244137642E-48,1.770125995895E-16));
#15331 = ADVANCED_FACE('',(#15332),#15409,.T.);
#15332 = FACE_BOUND('',#15333,.T.);
#15333 = EDGE_LOOP('',(#15334,#15344,#15353,#15361,#15369,#15377,#15386,
    #15394,#15401,#15402));
#15334 = ORIENTED_EDGE('',*,*,#15335,.T.);
#15335 = EDGE_CURVE('',#15336,#15338,#15340,.T.);
#15336 = VERTEX_POINT('',#15337);
#15337 = CARTESIAN_POINT('',(2.05725590349,0.871653908528,2.12));
#15338 = VERTEX_POINT('',#15339);
#15339 = CARTESIAN_POINT('',(2.123868112178,0.335074623976,2.12));
#15340 = LINE('',#15341,#15342);
#15341 = CARTESIAN_POINT('',(2.16,4.402253459775E-02,2.12));
#15342 = VECTOR('',#15343,1.);
#15343 = DIRECTION('',(0.123196659316,-0.992382276713,-0.));
#15344 = ORIENTED_EDGE('',*,*,#15345,.T.);
#15345 = EDGE_CURVE('',#15338,#15346,#15348,.T.);
#15346 = VERTEX_POINT('',#15347);
#15347 = CARTESIAN_POINT('',(2.452884324343,2.867311757213E-02,2.12));
#15348 = CIRCLE('',#15349,0.35);
#15349 = AXIS2_PLACEMENT_3D('',#15350,#15351,#15352);
#15350 = CARTESIAN_POINT('',(2.471201909028,0.378193454736,2.12));
#15351 = DIRECTION('',(0.,0.,1.));
#15352 = DIRECTION('',(1.,0.,-0.));
#15353 = ORIENTED_EDGE('',*,*,#15354,.T.);
#15354 = EDGE_CURVE('',#15346,#15355,#15357,.T.);
#15355 = VERTEX_POINT('',#15356);
#15356 = CARTESIAN_POINT('',(3.,0.,2.12));
#15357 = LINE('',#15358,#15359);
#15358 = CARTESIAN_POINT('',(3.,0.,2.12));
#15359 = VECTOR('',#15360,1.);
#15360 = DIRECTION('',(0.998629534755,-5.233595624294E-02,-0.));
#15361 = ORIENTED_EDGE('',*,*,#15362,.T.);
#15362 = EDGE_CURVE('',#15355,#15363,#15365,.T.);
#15363 = VERTEX_POINT('',#15364);
#15364 = CARTESIAN_POINT('',(3.,0.22,2.12));
#15365 = LINE('',#15366,#15367);
#15366 = CARTESIAN_POINT('',(3.,0.,2.12));
#15367 = VECTOR('',#15368,1.);
#15368 = DIRECTION('',(0.,1.,0.));
#15369 = ORIENTED_EDGE('',*,*,#15370,.T.);
#15370 = EDGE_CURVE('',#15363,#15371,#15373,.T.);
#15371 = VERTEX_POINT('',#15372);
#15372 = CARTESIAN_POINT('',(2.523012825605,0.244997838557,2.12));
#15373 = LINE('',#15374,#15375);
#15374 = CARTESIAN_POINT('',(3.,0.22,2.12));
#15375 = VECTOR('',#15376,1.);
#15376 = DIRECTION('',(-0.998629534755,5.233595624294E-02,0.));
#15377 = ORIENTED_EDGE('',*,*,#15378,.T.);
#15378 = EDGE_CURVE('',#15371,#15379,#15381,.T.);
#15379 = VERTEX_POINT('',#15380);
#15380 = CARTESIAN_POINT('',(2.335003561511,0.420084413644,2.12));
#15381 = CIRCLE('',#15382,0.2);
#15382 = AXIS2_PLACEMENT_3D('',#15383,#15384,#15385);
#15383 = CARTESIAN_POINT('',(2.533480016854,0.444723745507,2.12));
#15384 = DIRECTION('',(0.,0.,-1.));
#15385 = DIRECTION('',(1.,0.,0.));
#15386 = ORIENTED_EDGE('',*,*,#15387,.T.);
#15387 = EDGE_CURVE('',#15379,#15388,#15390,.T.);
#15388 = VERTEX_POINT('',#15389);
#15389 = CARTESIAN_POINT('',(2.270566301392,0.939143901594,2.12));
#15390 = LINE('',#15391,#15392);
#15391 = CARTESIAN_POINT('',(2.355650354552,0.253768934,2.12));
#15392 = VECTOR('',#15393,1.);
#15393 = DIRECTION('',(-0.123196659316,0.992382276713,0.));
#15394 = ORIENTED_EDGE('',*,*,#15395,.T.);
#15395 = EDGE_CURVE('',#15388,#13407,#15396,.T.);
#15396 = CIRCLE('',#15397,0.35);
#15397 = AXIS2_PLACEMENT_3D('',#15398,#15399,#15400);
#15398 = CARTESIAN_POINT('',(1.923232504543,0.896025070833,2.12));
#15399 = DIRECTION('',(0.,0.,1.));
#15400 = DIRECTION('',(1.,0.,-0.));
#15401 = ORIENTED_EDGE('',*,*,#13406,.F.);
#15402 = ORIENTED_EDGE('',*,*,#15403,.T.);
#15403 = EDGE_CURVE('',#13397,#15336,#15404,.T.);
#15404 = CIRCLE('',#15405,0.2);
#15405 = AXIS2_PLACEMENT_3D('',#15406,#15407,#15408);
#15406 = CARTESIAN_POINT('',(1.858779448147,0.847014576665,2.12));
#15407 = DIRECTION('',(0.,-0.,-1.));
#15408 = DIRECTION('',(1.,-3.794707603699E-15,0.));
#15409 = PLANE('',#15410);
#15410 = AXIS2_PLACEMENT_3D('',#15411,#15412,#15413);
#15411 = CARTESIAN_POINT('',(5.058135033269E-16,0.,2.12));
#15412 = DIRECTION('',(0.,0.,1.));
#15413 = DIRECTION('',(-1.,0.,0.));
#15414 = ADVANCED_FACE('',(#15415),#15492,.F.);
#15415 = FACE_BOUND('',#15416,.T.);
#15416 = EDGE_LOOP('',(#15417,#15427,#15436,#15444,#15451,#15452,#15461,
    #15469,#15478,#15486));
#15417 = ORIENTED_EDGE('',*,*,#15418,.F.);
#15418 = EDGE_CURVE('',#15419,#15421,#15423,.T.);
#15419 = VERTEX_POINT('',#15420);
#15420 = CARTESIAN_POINT('',(2.452884324343,2.867311757213E-02,1.69));
#15421 = VERTEX_POINT('',#15422);
#15422 = CARTESIAN_POINT('',(3.,0.,1.69));
#15423 = LINE('',#15424,#15425);
#15424 = CARTESIAN_POINT('',(3.,0.,1.69));
#15425 = VECTOR('',#15426,1.);
#15426 = DIRECTION('',(0.998629534755,-5.233595624294E-02,-0.));
#15427 = ORIENTED_EDGE('',*,*,#15428,.T.);
#15428 = EDGE_CURVE('',#15419,#15429,#15431,.T.);
#15429 = VERTEX_POINT('',#15430);
#15430 = CARTESIAN_POINT('',(2.123868112178,0.335074623976,1.69));
#15431 = CIRCLE('',#15432,0.35);
#15432 = AXIS2_PLACEMENT_3D('',#15433,#15434,#15435);
#15433 = CARTESIAN_POINT('',(2.471201909028,0.378193454736,1.69));
#15434 = DIRECTION('',(0.,0.,-1.));
#15435 = DIRECTION('',(1.,0.,0.));
#15436 = ORIENTED_EDGE('',*,*,#15437,.F.);
#15437 = EDGE_CURVE('',#15438,#15429,#15440,.T.);
#15438 = VERTEX_POINT('',#15439);
#15439 = CARTESIAN_POINT('',(2.05725590349,0.871653908528,1.69));
#15440 = LINE('',#15441,#15442);
#15441 = CARTESIAN_POINT('',(2.16,4.402253459775E-02,1.69));
#15442 = VECTOR('',#15443,1.);
#15443 = DIRECTION('',(0.123196659316,-0.992382276713,-0.));
#15444 = ORIENTED_EDGE('',*,*,#15445,.T.);
#15445 = EDGE_CURVE('',#15438,#13399,#15446,.T.);
#15446 = CIRCLE('',#15447,0.2);
#15447 = AXIS2_PLACEMENT_3D('',#15448,#15449,#15450);
#15448 = CARTESIAN_POINT('',(1.858779448147,0.847014576665,1.69));
#15449 = DIRECTION('',(0.,0.,1.));
#15450 = DIRECTION('',(1.,0.,-0.));
#15451 = ORIENTED_EDGE('',*,*,#13422,.T.);
#15452 = ORIENTED_EDGE('',*,*,#15453,.T.);
#15453 = EDGE_CURVE('',#13415,#15454,#15456,.T.);
#15454 = VERTEX_POINT('',#15455);
#15455 = CARTESIAN_POINT('',(2.270566301392,0.939143901594,1.69));
#15456 = CIRCLE('',#15457,0.35);
#15457 = AXIS2_PLACEMENT_3D('',#15458,#15459,#15460);
#15458 = CARTESIAN_POINT('',(1.923232504543,0.896025070833,1.69));
#15459 = DIRECTION('',(0.,-0.,-1.));
#15460 = DIRECTION('',(1.,-9.293161478447E-16,0.));
#15461 = ORIENTED_EDGE('',*,*,#15462,.F.);
#15462 = EDGE_CURVE('',#15463,#15454,#15465,.T.);
#15463 = VERTEX_POINT('',#15464);
#15464 = CARTESIAN_POINT('',(2.335003561511,0.420084413644,1.69));
#15465 = LINE('',#15466,#15467);
#15466 = CARTESIAN_POINT('',(2.355650354552,0.253768934,1.69));
#15467 = VECTOR('',#15468,1.);
#15468 = DIRECTION('',(-0.123196659316,0.992382276713,0.));
#15469 = ORIENTED_EDGE('',*,*,#15470,.T.);
#15470 = EDGE_CURVE('',#15463,#15471,#15473,.T.);
#15471 = VERTEX_POINT('',#15472);
#15472 = CARTESIAN_POINT('',(2.523012825605,0.244997838557,1.69));
#15473 = CIRCLE('',#15474,0.2);
#15474 = AXIS2_PLACEMENT_3D('',#15475,#15476,#15477);
#15475 = CARTESIAN_POINT('',(2.533480016854,0.444723745507,1.69));
#15476 = DIRECTION('',(0.,0.,1.));
#15477 = DIRECTION('',(1.,0.,-0.));
#15478 = ORIENTED_EDGE('',*,*,#15479,.F.);
#15479 = EDGE_CURVE('',#15480,#15471,#15482,.T.);
#15480 = VERTEX_POINT('',#15481);
#15481 = CARTESIAN_POINT('',(3.,0.22,1.69));
#15482 = LINE('',#15483,#15484);
#15483 = CARTESIAN_POINT('',(3.,0.22,1.69));
#15484 = VECTOR('',#15485,1.);
#15485 = DIRECTION('',(-0.998629534755,5.233595624294E-02,0.));
#15486 = ORIENTED_EDGE('',*,*,#15487,.F.);
#15487 = EDGE_CURVE('',#15421,#15480,#15488,.T.);
#15488 = LINE('',#15489,#15490);
#15489 = CARTESIAN_POINT('',(3.,0.,1.69));
#15490 = VECTOR('',#15491,1.);
#15491 = DIRECTION('',(0.,1.,0.));
#15492 = PLANE('',#15493);
#15493 = AXIS2_PLACEMENT_3D('',#15494,#15495,#15496);
#15494 = CARTESIAN_POINT('',(5.058135033269E-16,0.,1.69));
#15495 = DIRECTION('',(0.,0.,1.));
#15496 = DIRECTION('',(-1.,0.,0.));
#15497 = ADVANCED_FACE('',(#15498),#15514,.F.);
#15498 = FACE_BOUND('',#15499,.T.);
#15499 = EDGE_LOOP('',(#15500,#15501,#15507,#15508));
#15500 = ORIENTED_EDGE('',*,*,#15354,.F.);
#15501 = ORIENTED_EDGE('',*,*,#15502,.T.);
#15502 = EDGE_CURVE('',#15346,#15419,#15503,.T.);
#15503 = LINE('',#15504,#15505);
#15504 = CARTESIAN_POINT('',(2.452884324343,2.867311757213E-02,2.12));
#15505 = VECTOR('',#15506,1.);
#15506 = DIRECTION('',(0.,0.,-1.));
#15507 = ORIENTED_EDGE('',*,*,#15418,.T.);
#15508 = ORIENTED_EDGE('',*,*,#15509,.F.);
#15509 = EDGE_CURVE('',#15355,#15421,#15510,.T.);
#15510 = LINE('',#15511,#15512);
#15511 = CARTESIAN_POINT('',(3.,0.,2.12));
#15512 = VECTOR('',#15513,1.);
#15513 = DIRECTION('',(0.,0.,-1.));
#15514 = PLANE('',#15515);
#15515 = AXIS2_PLACEMENT_3D('',#15516,#15517,#15518);
#15516 = CARTESIAN_POINT('',(3.,0.,2.12));
#15517 = DIRECTION('',(5.233595624294E-02,0.998629534755,0.));
#15518 = DIRECTION('',(-0.998629534755,5.233595624294E-02,0.));
#15519 = ADVANCED_FACE('',(#15520),#15531,.F.);
#15520 = FACE_BOUND('',#15521,.T.);
#15521 = EDGE_LOOP('',(#15522,#15523,#15529,#15530));
#15522 = ORIENTED_EDGE('',*,*,#15487,.T.);
#15523 = ORIENTED_EDGE('',*,*,#15524,.F.);
#15524 = EDGE_CURVE('',#15363,#15480,#15525,.T.);
#15525 = LINE('',#15526,#15527);
#15526 = CARTESIAN_POINT('',(3.,0.22,2.12));
#15527 = VECTOR('',#15528,1.);
#15528 = DIRECTION('',(0.,0.,-1.));
#15529 = ORIENTED_EDGE('',*,*,#15362,.F.);
#15530 = ORIENTED_EDGE('',*,*,#15509,.T.);
#15531 = PLANE('',#15532);
#15532 = AXIS2_PLACEMENT_3D('',#15533,#15534,#15535);
#15533 = CARTESIAN_POINT('',(3.,0.,2.12));
#15534 = DIRECTION('',(-1.,0.,0.));
#15535 = DIRECTION('',(0.,0.,1.));
#15536 = ADVANCED_FACE('',(#15537),#15548,.F.);
#15537 = FACE_BOUND('',#15538,.T.);
#15538 = EDGE_LOOP('',(#15539,#15540,#15546,#15547));
#15539 = ORIENTED_EDGE('',*,*,#15479,.T.);
#15540 = ORIENTED_EDGE('',*,*,#15541,.T.);
#15541 = EDGE_CURVE('',#15471,#15371,#15542,.T.);
#15542 = LINE('',#15543,#15544);
#15543 = CARTESIAN_POINT('',(2.523012825605,0.244997838557,2.12));
#15544 = VECTOR('',#15545,1.);
#15545 = DIRECTION('',(-0.,-0.,1.));
#15546 = ORIENTED_EDGE('',*,*,#15370,.F.);
#15547 = ORIENTED_EDGE('',*,*,#15524,.T.);
#15548 = PLANE('',#15549);
#15549 = AXIS2_PLACEMENT_3D('',#15550,#15551,#15552);
#15550 = CARTESIAN_POINT('',(3.,0.22,2.12));
#15551 = DIRECTION('',(-5.233595624294E-02,-0.998629534755,0.));
#15552 = DIRECTION('',(0.998629534755,-5.233595624294E-02,0.));
#15553 = ADVANCED_FACE('',(#15554),#15570,.F.);
#15554 = FACE_BOUND('',#15555,.T.);
#15555 = EDGE_LOOP('',(#15556,#15557,#15563,#15564));
#15556 = ORIENTED_EDGE('',*,*,#15462,.T.);
#15557 = ORIENTED_EDGE('',*,*,#15558,.T.);
#15558 = EDGE_CURVE('',#15454,#15388,#15559,.T.);
#15559 = LINE('',#15560,#15561);
#15560 = CARTESIAN_POINT('',(2.270566301392,0.939143901594,2.12));
#15561 = VECTOR('',#15562,1.);
#15562 = DIRECTION('',(2.68659401463E-18,-2.164123848516E-17,1.));
#15563 = ORIENTED_EDGE('',*,*,#15387,.F.);
#15564 = ORIENTED_EDGE('',*,*,#15565,.T.);
#15565 = EDGE_CURVE('',#15379,#15463,#15566,.T.);
#15566 = LINE('',#15567,#15568);
#15567 = CARTESIAN_POINT('',(2.335003561511,0.420084413644,1.69));
#15568 = VECTOR('',#15569,1.);
#15569 = DIRECTION('',(0.,0.,-1.));
#15570 = PLANE('',#15571);
#15571 = AXIS2_PLACEMENT_3D('',#15572,#15573,#15574);
#15572 = CARTESIAN_POINT('',(2.355650354552,0.253768934,2.12));
#15573 = DIRECTION('',(-0.992382276713,-0.123196659316,0.));
#15574 = DIRECTION('',(0.123196659316,-0.992382276713,0.));
#15575 = ADVANCED_FACE('',(#15576),#15592,.F.);
#15576 = FACE_BOUND('',#15577,.T.);
#15577 = EDGE_LOOP('',(#15578,#15579,#15585,#15586));
#15578 = ORIENTED_EDGE('',*,*,#15437,.T.);
#15579 = ORIENTED_EDGE('',*,*,#15580,.T.);
#15580 = EDGE_CURVE('',#15429,#15338,#15581,.T.);
#15581 = LINE('',#15582,#15583);
#15582 = CARTESIAN_POINT('',(2.123868112178,0.335074623976,2.12));
#15583 = VECTOR('',#15584,1.);
#15584 = DIRECTION('',(-0.,-0.,1.));
#15585 = ORIENTED_EDGE('',*,*,#15335,.F.);
#15586 = ORIENTED_EDGE('',*,*,#15587,.T.);
#15587 = EDGE_CURVE('',#15336,#15438,#15588,.T.);
#15588 = LINE('',#15589,#15590);
#15589 = CARTESIAN_POINT('',(2.05725590349,0.871653908528,2.12));
#15590 = VECTOR('',#15591,1.);
#15591 = DIRECTION('',(-2.68659401463E-18,2.164123848516E-17,-1.));
#15592 = PLANE('',#15593);
#15593 = AXIS2_PLACEMENT_3D('',#15594,#15595,#15596);
#15594 = CARTESIAN_POINT('',(2.16,4.402253459775E-02,2.12));
#15595 = DIRECTION('',(0.992382276713,0.123196659316,0.));
#15596 = DIRECTION('',(-0.123196659316,0.992382276713,0.));
#15597 = ADVANCED_FACE('',(#15598),#15604,.F.);
#15598 = FACE_BOUND('',#15599,.F.);
#15599 = EDGE_LOOP('',(#15600,#15601,#15602,#15603));
#15600 = ORIENTED_EDGE('',*,*,#15565,.T.);
#15601 = ORIENTED_EDGE('',*,*,#15470,.T.);
#15602 = ORIENTED_EDGE('',*,*,#15541,.T.);
#15603 = ORIENTED_EDGE('',*,*,#15378,.T.);
#15604 = CYLINDRICAL_SURFACE('',#15605,0.2);
#15605 = AXIS2_PLACEMENT_3D('',#15606,#15607,#15608);
#15606 = CARTESIAN_POINT('',(2.533480016854,0.444723745507,2.12));
#15607 = DIRECTION('',(0.,0.,1.));
#15608 = DIRECTION('',(1.,0.,-0.));
#15609 = ADVANCED_FACE('',(#15610),#15616,.F.);
#15610 = FACE_BOUND('',#15611,.F.);
#15611 = EDGE_LOOP('',(#15612,#15613,#15614,#15615));
#15612 = ORIENTED_EDGE('',*,*,#15587,.T.);
#15613 = ORIENTED_EDGE('',*,*,#15445,.T.);
#15614 = ORIENTED_EDGE('',*,*,#13396,.F.);
#15615 = ORIENTED_EDGE('',*,*,#15403,.T.);
#15616 = CYLINDRICAL_SURFACE('',#15617,0.2);
#15617 = AXIS2_PLACEMENT_3D('',#15618,#15619,#15620);
#15618 = CARTESIAN_POINT('',(1.858779448147,0.847014576665,2.12));
#15619 = DIRECTION('',(1.770125995895E-16,-0.,1.));
#15620 = DIRECTION('',(1.,0.,-1.770125995895E-16));
#15621 = ADVANCED_FACE('',(#15622),#15628,.T.);
#15622 = FACE_BOUND('',#15623,.T.);
#15623 = EDGE_LOOP('',(#15624,#15625,#15626,#15627));
#15624 = ORIENTED_EDGE('',*,*,#15345,.F.);
#15625 = ORIENTED_EDGE('',*,*,#15580,.F.);
#15626 = ORIENTED_EDGE('',*,*,#15428,.F.);
#15627 = ORIENTED_EDGE('',*,*,#15502,.F.);
#15628 = CYLINDRICAL_SURFACE('',#15629,0.35);
#15629 = AXIS2_PLACEMENT_3D('',#15630,#15631,#15632);
#15630 = CARTESIAN_POINT('',(2.471201909028,0.378193454736,2.12));
#15631 = DIRECTION('',(0.,0.,-1.));
#15632 = DIRECTION('',(-1.,0.,0.));
#15633 = ADVANCED_FACE('',(#15634),#15640,.T.);
#15634 = FACE_BOUND('',#15635,.T.);
#15635 = EDGE_LOOP('',(#15636,#15637,#15638,#15639));
#15636 = ORIENTED_EDGE('',*,*,#15395,.F.);
#15637 = ORIENTED_EDGE('',*,*,#15558,.F.);
#15638 = ORIENTED_EDGE('',*,*,#15453,.F.);
#15639 = ORIENTED_EDGE('',*,*,#13414,.T.);
#15640 = CYLINDRICAL_SURFACE('',#15641,0.35);
#15641 = AXIS2_PLACEMENT_3D('',#15642,#15643,#15644);
#15642 = CARTESIAN_POINT('',(1.923232504543,0.896025070833,2.12));
#15643 = DIRECTION('',(-1.770125995895E-16,-1.719230820641E-32,-1.));
#15644 = DIRECTION('',(-1.,3.043255168559E-48,1.770125995895E-16));
#15645 = ADVANCED_FACE('',(#15646),#15723,.T.);
#15646 = FACE_BOUND('',#15647,.T.);
#15647 = EDGE_LOOP('',(#15648,#15658,#15667,#15675,#15682,#15683,#15692,
    #15700,#15709,#15717));
#15648 = ORIENTED_EDGE('',*,*,#15649,.F.);
#15649 = EDGE_CURVE('',#15650,#15652,#15654,.T.);
#15650 = VERTEX_POINT('',#15651);
#15651 = CARTESIAN_POINT('',(-2.452884324343,2.867311757213E-02,-0.42));
#15652 = VERTEX_POINT('',#15653);
#15653 = CARTESIAN_POINT('',(-3.,0.,-0.42));
#15654 = LINE('',#15655,#15656);
#15655 = CARTESIAN_POINT('',(-3.,0.,-0.42));
#15656 = VECTOR('',#15657,1.);
#15657 = DIRECTION('',(-0.998629534755,-5.233595624294E-02,-0.));
#15658 = ORIENTED_EDGE('',*,*,#15659,.T.);
#15659 = EDGE_CURVE('',#15650,#15660,#15662,.T.);
#15660 = VERTEX_POINT('',#15661);
#15661 = CARTESIAN_POINT('',(-2.123868112178,0.335074623976,-0.42));
#15662 = CIRCLE('',#15663,0.35);
#15663 = AXIS2_PLACEMENT_3D('',#15664,#15665,#15666);
#15664 = CARTESIAN_POINT('',(-2.471201909028,0.378193454736,-0.42));
#15665 = DIRECTION('',(0.,0.,1.));
#15666 = DIRECTION('',(1.,0.,-0.));
#15667 = ORIENTED_EDGE('',*,*,#15668,.F.);
#15668 = EDGE_CURVE('',#15669,#15660,#15671,.T.);
#15669 = VERTEX_POINT('',#15670);
#15670 = CARTESIAN_POINT('',(-2.05725590349,0.871653908528,-0.42));
#15671 = LINE('',#15672,#15673);
#15672 = CARTESIAN_POINT('',(-2.16,4.402253459775E-02,-0.42));
#15673 = VECTOR('',#15674,1.);
#15674 = DIRECTION('',(-0.123196659316,-0.992382276713,-0.));
#15675 = ORIENTED_EDGE('',*,*,#15676,.T.);
#15676 = EDGE_CURVE('',#15669,#13682,#15677,.T.);
#15677 = CIRCLE('',#15678,0.2);
#15678 = AXIS2_PLACEMENT_3D('',#15679,#15680,#15681);
#15679 = CARTESIAN_POINT('',(-1.858779448147,0.847014576665,-0.42));
#15680 = DIRECTION('',(0.,-0.,-1.));
#15681 = DIRECTION('',(1.,-1.626303258728E-15,0.));
#15682 = ORIENTED_EDGE('',*,*,#13681,.F.);
#15683 = ORIENTED_EDGE('',*,*,#15684,.T.);
#15684 = EDGE_CURVE('',#13674,#15685,#15687,.T.);
#15685 = VERTEX_POINT('',#15686);
#15686 = CARTESIAN_POINT('',(-2.270566301392,0.939143901594,-0.42));
#15687 = CIRCLE('',#15688,0.35);
#15688 = AXIS2_PLACEMENT_3D('',#15689,#15690,#15691);
#15689 = CARTESIAN_POINT('',(-1.923232504543,0.896025070833,-0.42));
#15690 = DIRECTION('',(0.,0.,1.));
#15691 = DIRECTION('',(1.,0.,-0.));
#15692 = ORIENTED_EDGE('',*,*,#15693,.F.);
#15693 = EDGE_CURVE('',#15694,#15685,#15696,.T.);
#15694 = VERTEX_POINT('',#15695);
#15695 = CARTESIAN_POINT('',(-2.335003561511,0.420084413644,-0.42));
#15696 = LINE('',#15697,#15698);
#15697 = CARTESIAN_POINT('',(-2.355650354552,0.253768934,-0.42));
#15698 = VECTOR('',#15699,1.);
#15699 = DIRECTION('',(0.123196659316,0.992382276713,0.));
#15700 = ORIENTED_EDGE('',*,*,#15701,.T.);
#15701 = EDGE_CURVE('',#15694,#15702,#15704,.T.);
#15702 = VERTEX_POINT('',#15703);
#15703 = CARTESIAN_POINT('',(-2.523012825605,0.244997838557,-0.42));
#15704 = CIRCLE('',#15705,0.2);
#15705 = AXIS2_PLACEMENT_3D('',#15706,#15707,#15708);
#15706 = CARTESIAN_POINT('',(-2.533480016854,0.444723745507,-0.42));
#15707 = DIRECTION('',(0.,0.,-1.));
#15708 = DIRECTION('',(1.,0.,0.));
#15709 = ORIENTED_EDGE('',*,*,#15710,.F.);
#15710 = EDGE_CURVE('',#15711,#15702,#15713,.T.);
#15711 = VERTEX_POINT('',#15712);
#15712 = CARTESIAN_POINT('',(-3.,0.22,-0.42));
#15713 = LINE('',#15714,#15715);
#15714 = CARTESIAN_POINT('',(-3.,0.22,-0.42));
#15715 = VECTOR('',#15716,1.);
#15716 = DIRECTION('',(0.998629534755,5.233595624294E-02,0.));
#15717 = ORIENTED_EDGE('',*,*,#15718,.F.);
#15718 = EDGE_CURVE('',#15652,#15711,#15719,.T.);
#15719 = LINE('',#15720,#15721);
#15720 = CARTESIAN_POINT('',(-3.,0.,-0.42));
#15721 = VECTOR('',#15722,1.);
#15722 = DIRECTION('',(0.,1.,0.));
#15723 = PLANE('',#15724);
#15724 = AXIS2_PLACEMENT_3D('',#15725,#15726,#15727);
#15725 = CARTESIAN_POINT('',(1.68604501109E-16,0.,-0.42));
#15726 = DIRECTION('',(0.,0.,1.));
#15727 = DIRECTION('',(1.,0.,-0.));
#15728 = ADVANCED_FACE('',(#15729),#15806,.F.);
#15729 = FACE_BOUND('',#15730,.T.);
#15730 = EDGE_LOOP('',(#15731,#15741,#15750,#15758,#15766,#15774,#15783,
    #15791,#15798,#15799));
#15731 = ORIENTED_EDGE('',*,*,#15732,.T.);
#15732 = EDGE_CURVE('',#15733,#15735,#15737,.T.);
#15733 = VERTEX_POINT('',#15734);
#15734 = CARTESIAN_POINT('',(-2.05725590349,0.871653908528,-0.85));
#15735 = VERTEX_POINT('',#15736);
#15736 = CARTESIAN_POINT('',(-2.123868112178,0.335074623976,-0.85));
#15737 = LINE('',#15738,#15739);
#15738 = CARTESIAN_POINT('',(-2.16,4.402253459775E-02,-0.85));
#15739 = VECTOR('',#15740,1.);
#15740 = DIRECTION('',(-0.123196659316,-0.992382276713,-0.));
#15741 = ORIENTED_EDGE('',*,*,#15742,.T.);
#15742 = EDGE_CURVE('',#15735,#15743,#15745,.T.);
#15743 = VERTEX_POINT('',#15744);
#15744 = CARTESIAN_POINT('',(-2.452884324343,2.867311757213E-02,-0.85));
#15745 = CIRCLE('',#15746,0.35);
#15746 = AXIS2_PLACEMENT_3D('',#15747,#15748,#15749);
#15747 = CARTESIAN_POINT('',(-2.471201909028,0.378193454736,-0.85));
#15748 = DIRECTION('',(0.,0.,-1.));
#15749 = DIRECTION('',(1.,0.,0.));
#15750 = ORIENTED_EDGE('',*,*,#15751,.T.);
#15751 = EDGE_CURVE('',#15743,#15752,#15754,.T.);
#15752 = VERTEX_POINT('',#15753);
#15753 = CARTESIAN_POINT('',(-3.,0.,-0.85));
#15754 = LINE('',#15755,#15756);
#15755 = CARTESIAN_POINT('',(-3.,0.,-0.85));
#15756 = VECTOR('',#15757,1.);
#15757 = DIRECTION('',(-0.998629534755,-5.233595624294E-02,-0.));
#15758 = ORIENTED_EDGE('',*,*,#15759,.T.);
#15759 = EDGE_CURVE('',#15752,#15760,#15762,.T.);
#15760 = VERTEX_POINT('',#15761);
#15761 = CARTESIAN_POINT('',(-3.,0.22,-0.85));
#15762 = LINE('',#15763,#15764);
#15763 = CARTESIAN_POINT('',(-3.,0.,-0.85));
#15764 = VECTOR('',#15765,1.);
#15765 = DIRECTION('',(0.,1.,0.));
#15766 = ORIENTED_EDGE('',*,*,#15767,.T.);
#15767 = EDGE_CURVE('',#15760,#15768,#15770,.T.);
#15768 = VERTEX_POINT('',#15769);
#15769 = CARTESIAN_POINT('',(-2.523012825605,0.244997838557,-0.85));
#15770 = LINE('',#15771,#15772);
#15771 = CARTESIAN_POINT('',(-3.,0.22,-0.85));
#15772 = VECTOR('',#15773,1.);
#15773 = DIRECTION('',(0.998629534755,5.233595624294E-02,0.));
#15774 = ORIENTED_EDGE('',*,*,#15775,.T.);
#15775 = EDGE_CURVE('',#15768,#15776,#15778,.T.);
#15776 = VERTEX_POINT('',#15777);
#15777 = CARTESIAN_POINT('',(-2.335003561511,0.420084413644,-0.85));
#15778 = CIRCLE('',#15779,0.2);
#15779 = AXIS2_PLACEMENT_3D('',#15780,#15781,#15782);
#15780 = CARTESIAN_POINT('',(-2.533480016854,0.444723745507,-0.85));
#15781 = DIRECTION('',(0.,0.,1.));
#15782 = DIRECTION('',(1.,0.,-0.));
#15783 = ORIENTED_EDGE('',*,*,#15784,.T.);
#15784 = EDGE_CURVE('',#15776,#15785,#15787,.T.);
#15785 = VERTEX_POINT('',#15786);
#15786 = CARTESIAN_POINT('',(-2.270566301392,0.939143901594,-0.85));
#15787 = LINE('',#15788,#15789);
#15788 = CARTESIAN_POINT('',(-2.355650354552,0.253768934,-0.85));
#15789 = VECTOR('',#15790,1.);
#15790 = DIRECTION('',(0.123196659316,0.992382276713,0.));
#15791 = ORIENTED_EDGE('',*,*,#15792,.T.);
#15792 = EDGE_CURVE('',#15785,#13672,#15793,.T.);
#15793 = CIRCLE('',#15794,0.35);
#15794 = AXIS2_PLACEMENT_3D('',#15795,#15796,#15797);
#15795 = CARTESIAN_POINT('',(-1.923232504543,0.896025070833,-0.85));
#15796 = DIRECTION('',(0.,0.,-1.));
#15797 = DIRECTION('',(1.,0.,0.));
#15798 = ORIENTED_EDGE('',*,*,#13697,.T.);
#15799 = ORIENTED_EDGE('',*,*,#15800,.T.);
#15800 = EDGE_CURVE('',#13690,#15733,#15801,.T.);
#15801 = CIRCLE('',#15802,0.2);
#15802 = AXIS2_PLACEMENT_3D('',#15803,#15804,#15805);
#15803 = CARTESIAN_POINT('',(-1.858779448147,0.847014576665,-0.85));
#15804 = DIRECTION('',(0.,0.,1.));
#15805 = DIRECTION('',(1.,0.,-0.));
#15806 = PLANE('',#15807);
#15807 = AXIS2_PLACEMENT_3D('',#15808,#15809,#15810);
#15808 = CARTESIAN_POINT('',(1.68604501109E-16,0.,-0.85));
#15809 = DIRECTION('',(0.,0.,1.));
#15810 = DIRECTION('',(1.,0.,-0.));
#15811 = ADVANCED_FACE('',(#15812),#15828,.T.);
#15812 = FACE_BOUND('',#15813,.T.);
#15813 = EDGE_LOOP('',(#15814,#15815,#15821,#15822));
#15814 = ORIENTED_EDGE('',*,*,#15751,.F.);
#15815 = ORIENTED_EDGE('',*,*,#15816,.T.);
#15816 = EDGE_CURVE('',#15743,#15650,#15817,.T.);
#15817 = LINE('',#15818,#15819);
#15818 = CARTESIAN_POINT('',(-2.452884324343,2.867311757213E-02,-0.42));
#15819 = VECTOR('',#15820,1.);
#15820 = DIRECTION('',(-0.,-0.,1.));
#15821 = ORIENTED_EDGE('',*,*,#15649,.T.);
#15822 = ORIENTED_EDGE('',*,*,#15823,.T.);
#15823 = EDGE_CURVE('',#15652,#15752,#15824,.T.);
#15824 = LINE('',#15825,#15826);
#15825 = CARTESIAN_POINT('',(-3.,0.,-0.42));
#15826 = VECTOR('',#15827,1.);
#15827 = DIRECTION('',(0.,0.,-1.));
#15828 = PLANE('',#15829);
#15829 = AXIS2_PLACEMENT_3D('',#15830,#15831,#15832);
#15830 = CARTESIAN_POINT('',(-3.,0.,-0.42));
#15831 = DIRECTION('',(5.233595624294E-02,-0.998629534755,0.));
#15832 = DIRECTION('',(0.998629534755,5.233595624294E-02,0.));
#15833 = ADVANCED_FACE('',(#15834),#15850,.T.);
#15834 = FACE_BOUND('',#15835,.T.);
#15835 = EDGE_LOOP('',(#15836,#15837,#15843,#15844));
#15836 = ORIENTED_EDGE('',*,*,#15668,.T.);
#15837 = ORIENTED_EDGE('',*,*,#15838,.T.);
#15838 = EDGE_CURVE('',#15660,#15735,#15839,.T.);
#15839 = LINE('',#15840,#15841);
#15840 = CARTESIAN_POINT('',(-2.123868112178,0.335074623976,-0.42));
#15841 = VECTOR('',#15842,1.);
#15842 = DIRECTION('',(0.,0.,-1.));
#15843 = ORIENTED_EDGE('',*,*,#15732,.F.);
#15844 = ORIENTED_EDGE('',*,*,#15845,.T.);
#15845 = EDGE_CURVE('',#15733,#15669,#15846,.T.);
#15846 = LINE('',#15847,#15848);
#15847 = CARTESIAN_POINT('',(-2.05725590349,0.871653908528,-0.42));
#15848 = VECTOR('',#15849,1.);
#15849 = DIRECTION('',(2.014945510972E-18,1.623092886387E-17,1.));
#15850 = PLANE('',#15851);
#15851 = AXIS2_PLACEMENT_3D('',#15852,#15853,#15854);
#15852 = CARTESIAN_POINT('',(-2.16,4.402253459775E-02,-0.42));
#15853 = DIRECTION('',(0.992382276713,-0.123196659316,0.));
#15854 = DIRECTION('',(0.123196659316,0.992382276713,0.));
#15855 = ADVANCED_FACE('',(#15856),#15872,.T.);
#15856 = FACE_BOUND('',#15857,.T.);
#15857 = EDGE_LOOP('',(#15858,#15859,#15865,#15866));
#15858 = ORIENTED_EDGE('',*,*,#15693,.T.);
#15859 = ORIENTED_EDGE('',*,*,#15860,.T.);
#15860 = EDGE_CURVE('',#15685,#15785,#15861,.T.);
#15861 = LINE('',#15862,#15863);
#15862 = CARTESIAN_POINT('',(-2.270566301392,0.939143901594,-0.85));
#15863 = VECTOR('',#15864,1.);
#15864 = DIRECTION('',(-2.014945510972E-18,-1.623092886387E-17,-1.));
#15865 = ORIENTED_EDGE('',*,*,#15784,.F.);
#15866 = ORIENTED_EDGE('',*,*,#15867,.T.);
#15867 = EDGE_CURVE('',#15776,#15694,#15868,.T.);
#15868 = LINE('',#15869,#15870);
#15869 = CARTESIAN_POINT('',(-2.335003561511,0.420084413644,-0.42));
#15870 = VECTOR('',#15871,1.);
#15871 = DIRECTION('',(-0.,-0.,1.));
#15872 = PLANE('',#15873);
#15873 = AXIS2_PLACEMENT_3D('',#15874,#15875,#15876);
#15874 = CARTESIAN_POINT('',(-2.355650354552,0.253768934,-0.42));
#15875 = DIRECTION('',(-0.992382276713,0.123196659316,0.));
#15876 = DIRECTION('',(-0.123196659316,-0.992382276713,0.));
#15877 = ADVANCED_FACE('',(#15878),#15894,.T.);
#15878 = FACE_BOUND('',#15879,.T.);
#15879 = EDGE_LOOP('',(#15880,#15881,#15887,#15888));
#15880 = ORIENTED_EDGE('',*,*,#15710,.T.);
#15881 = ORIENTED_EDGE('',*,*,#15882,.T.);
#15882 = EDGE_CURVE('',#15702,#15768,#15883,.T.);
#15883 = LINE('',#15884,#15885);
#15884 = CARTESIAN_POINT('',(-2.523012825605,0.244997838557,-0.85));
#15885 = VECTOR('',#15886,1.);
#15886 = DIRECTION('',(0.,0.,-1.));
#15887 = ORIENTED_EDGE('',*,*,#15767,.F.);
#15888 = ORIENTED_EDGE('',*,*,#15889,.F.);
#15889 = EDGE_CURVE('',#15711,#15760,#15890,.T.);
#15890 = LINE('',#15891,#15892);
#15891 = CARTESIAN_POINT('',(-3.,0.22,-0.42));
#15892 = VECTOR('',#15893,1.);
#15893 = DIRECTION('',(0.,0.,-1.));
#15894 = PLANE('',#15895);
#15895 = AXIS2_PLACEMENT_3D('',#15896,#15897,#15898);
#15896 = CARTESIAN_POINT('',(-3.,0.22,-0.42));
#15897 = DIRECTION('',(-5.233595624294E-02,0.998629534755,0.));
#15898 = DIRECTION('',(-0.998629534755,-5.233595624294E-02,0.));
#15899 = ADVANCED_FACE('',(#15900),#15906,.T.);
#15900 = FACE_BOUND('',#15901,.T.);
#15901 = EDGE_LOOP('',(#15902,#15903,#15904,#15905));
#15902 = ORIENTED_EDGE('',*,*,#15759,.F.);
#15903 = ORIENTED_EDGE('',*,*,#15823,.F.);
#15904 = ORIENTED_EDGE('',*,*,#15718,.T.);
#15905 = ORIENTED_EDGE('',*,*,#15889,.T.);
#15906 = PLANE('',#15907);
#15907 = AXIS2_PLACEMENT_3D('',#15908,#15909,#15910);
#15908 = CARTESIAN_POINT('',(-3.,0.,-0.42));
#15909 = DIRECTION('',(-1.,0.,0.));
#15910 = DIRECTION('',(0.,0.,1.));
#15911 = ADVANCED_FACE('',(#15912),#15989,.T.);
#15912 = FACE_BOUND('',#15913,.T.);
#15913 = EDGE_LOOP('',(#15914,#15924,#15933,#15941,#15948,#15949,#15958,
    #15966,#15975,#15983));
#15914 = ORIENTED_EDGE('',*,*,#15915,.F.);
#15915 = EDGE_CURVE('',#15916,#15918,#15920,.T.);
#15916 = VERTEX_POINT('',#15917);
#15917 = CARTESIAN_POINT('',(-2.452884324343,2.867311757213E-02,0.85));
#15918 = VERTEX_POINT('',#15919);
#15919 = CARTESIAN_POINT('',(-3.,0.,0.85));
#15920 = LINE('',#15921,#15922);
#15921 = CARTESIAN_POINT('',(-3.,0.,0.85));
#15922 = VECTOR('',#15923,1.);
#15923 = DIRECTION('',(-0.998629534755,-5.233595624294E-02,-0.));
#15924 = ORIENTED_EDGE('',*,*,#15925,.T.);
#15925 = EDGE_CURVE('',#15916,#15926,#15928,.T.);
#15926 = VERTEX_POINT('',#15927);
#15927 = CARTESIAN_POINT('',(-2.123868112178,0.335074623976,0.85));
#15928 = CIRCLE('',#15929,0.35);
#15929 = AXIS2_PLACEMENT_3D('',#15930,#15931,#15932);
#15930 = CARTESIAN_POINT('',(-2.471201909028,0.378193454736,0.85));
#15931 = DIRECTION('',(0.,0.,1.));
#15932 = DIRECTION('',(1.,0.,-0.));
#15933 = ORIENTED_EDGE('',*,*,#15934,.F.);
#15934 = EDGE_CURVE('',#15935,#15926,#15937,.T.);
#15935 = VERTEX_POINT('',#15936);
#15936 = CARTESIAN_POINT('',(-2.05725590349,0.871653908528,0.85));
#15937 = LINE('',#15938,#15939);
#15938 = CARTESIAN_POINT('',(-2.16,4.402253459775E-02,0.85));
#15939 = VECTOR('',#15940,1.);
#15940 = DIRECTION('',(-0.123196659316,-0.992382276713,-0.));
#15941 = ORIENTED_EDGE('',*,*,#15942,.T.);
#15942 = EDGE_CURVE('',#15935,#13648,#15943,.T.);
#15943 = CIRCLE('',#15944,0.2);
#15944 = AXIS2_PLACEMENT_3D('',#15945,#15946,#15947);
#15945 = CARTESIAN_POINT('',(-1.858779448147,0.847014576665,0.85));
#15946 = DIRECTION('',(0.,0.,-1.));
#15947 = DIRECTION('',(1.,0.,0.));
#15948 = ORIENTED_EDGE('',*,*,#13647,.F.);
#15949 = ORIENTED_EDGE('',*,*,#15950,.T.);
#15950 = EDGE_CURVE('',#13640,#15951,#15953,.T.);
#15951 = VERTEX_POINT('',#15952);
#15952 = CARTESIAN_POINT('',(-2.270566301392,0.939143901594,0.85));
#15953 = CIRCLE('',#15954,0.35);
#15954 = AXIS2_PLACEMENT_3D('',#15955,#15956,#15957);
#15955 = CARTESIAN_POINT('',(-1.923232504543,0.896025070833,0.85));
#15956 = DIRECTION('',(0.,0.,1.));
#15957 = DIRECTION('',(1.,0.,-0.));
#15958 = ORIENTED_EDGE('',*,*,#15959,.F.);
#15959 = EDGE_CURVE('',#15960,#15951,#15962,.T.);
#15960 = VERTEX_POINT('',#15961);
#15961 = CARTESIAN_POINT('',(-2.335003561511,0.420084413644,0.85));
#15962 = LINE('',#15963,#15964);
#15963 = CARTESIAN_POINT('',(-2.355650354552,0.253768934,0.85));
#15964 = VECTOR('',#15965,1.);
#15965 = DIRECTION('',(0.123196659316,0.992382276713,0.));
#15966 = ORIENTED_EDGE('',*,*,#15967,.T.);
#15967 = EDGE_CURVE('',#15960,#15968,#15970,.T.);
#15968 = VERTEX_POINT('',#15969);
#15969 = CARTESIAN_POINT('',(-2.523012825605,0.244997838557,0.85));
#15970 = CIRCLE('',#15971,0.2);
#15971 = AXIS2_PLACEMENT_3D('',#15972,#15973,#15974);
#15972 = CARTESIAN_POINT('',(-2.533480016854,0.444723745507,0.85));
#15973 = DIRECTION('',(0.,0.,-1.));
#15974 = DIRECTION('',(1.,0.,0.));
#15975 = ORIENTED_EDGE('',*,*,#15976,.F.);
#15976 = EDGE_CURVE('',#15977,#15968,#15979,.T.);
#15977 = VERTEX_POINT('',#15978);
#15978 = CARTESIAN_POINT('',(-3.,0.22,0.85));
#15979 = LINE('',#15980,#15981);
#15980 = CARTESIAN_POINT('',(-3.,0.22,0.85));
#15981 = VECTOR('',#15982,1.);
#15982 = DIRECTION('',(0.998629534755,5.233595624294E-02,0.));
#15983 = ORIENTED_EDGE('',*,*,#15984,.F.);
#15984 = EDGE_CURVE('',#15918,#15977,#15985,.T.);
#15985 = LINE('',#15986,#15987);
#15986 = CARTESIAN_POINT('',(-3.,0.,0.85));
#15987 = VECTOR('',#15988,1.);
#15988 = DIRECTION('',(0.,1.,0.));
#15989 = PLANE('',#15990);
#15990 = AXIS2_PLACEMENT_3D('',#15991,#15992,#15993);
#15991 = CARTESIAN_POINT('',(3.372090022179E-16,0.,0.85));
#15992 = DIRECTION('',(0.,0.,1.));
#15993 = DIRECTION('',(1.,0.,-0.));
#15994 = ADVANCED_FACE('',(#15995),#16072,.F.);
#15995 = FACE_BOUND('',#15996,.T.);
#15996 = EDGE_LOOP('',(#15997,#16007,#16016,#16024,#16032,#16040,#16049,
    #16057,#16064,#16065));
#15997 = ORIENTED_EDGE('',*,*,#15998,.T.);
#15998 = EDGE_CURVE('',#15999,#16001,#16003,.T.);
#15999 = VERTEX_POINT('',#16000);
#16000 = CARTESIAN_POINT('',(-2.05725590349,0.871653908528,0.42));
#16001 = VERTEX_POINT('',#16002);
#16002 = CARTESIAN_POINT('',(-2.123868112178,0.335074623976,0.42));
#16003 = LINE('',#16004,#16005);
#16004 = CARTESIAN_POINT('',(-2.16,4.402253459775E-02,0.42));
#16005 = VECTOR('',#16006,1.);
#16006 = DIRECTION('',(-0.123196659316,-0.992382276713,-0.));
#16007 = ORIENTED_EDGE('',*,*,#16008,.T.);
#16008 = EDGE_CURVE('',#16001,#16009,#16011,.T.);
#16009 = VERTEX_POINT('',#16010);
#16010 = CARTESIAN_POINT('',(-2.452884324343,2.867311757213E-02,0.42));
#16011 = CIRCLE('',#16012,0.35);
#16012 = AXIS2_PLACEMENT_3D('',#16013,#16014,#16015);
#16013 = CARTESIAN_POINT('',(-2.471201909028,0.378193454736,0.42));
#16014 = DIRECTION('',(0.,0.,-1.));
#16015 = DIRECTION('',(1.,0.,0.));
#16016 = ORIENTED_EDGE('',*,*,#16017,.T.);
#16017 = EDGE_CURVE('',#16009,#16018,#16020,.T.);
#16018 = VERTEX_POINT('',#16019);
#16019 = CARTESIAN_POINT('',(-3.,0.,0.42));
#16020 = LINE('',#16021,#16022);
#16021 = CARTESIAN_POINT('',(-3.,0.,0.42));
#16022 = VECTOR('',#16023,1.);
#16023 = DIRECTION('',(-0.998629534755,-5.233595624294E-02,-0.));
#16024 = ORIENTED_EDGE('',*,*,#16025,.T.);
#16025 = EDGE_CURVE('',#16018,#16026,#16028,.T.);
#16026 = VERTEX_POINT('',#16027);
#16027 = CARTESIAN_POINT('',(-3.,0.22,0.42));
#16028 = LINE('',#16029,#16030);
#16029 = CARTESIAN_POINT('',(-3.,0.,0.42));
#16030 = VECTOR('',#16031,1.);
#16031 = DIRECTION('',(0.,1.,0.));
#16032 = ORIENTED_EDGE('',*,*,#16033,.T.);
#16033 = EDGE_CURVE('',#16026,#16034,#16036,.T.);
#16034 = VERTEX_POINT('',#16035);
#16035 = CARTESIAN_POINT('',(-2.523012825605,0.244997838557,0.42));
#16036 = LINE('',#16037,#16038);
#16037 = CARTESIAN_POINT('',(-3.,0.22,0.42));
#16038 = VECTOR('',#16039,1.);
#16039 = DIRECTION('',(0.998629534755,5.233595624294E-02,0.));
#16040 = ORIENTED_EDGE('',*,*,#16041,.T.);
#16041 = EDGE_CURVE('',#16034,#16042,#16044,.T.);
#16042 = VERTEX_POINT('',#16043);
#16043 = CARTESIAN_POINT('',(-2.335003561511,0.420084413644,0.42));
#16044 = CIRCLE('',#16045,0.2);
#16045 = AXIS2_PLACEMENT_3D('',#16046,#16047,#16048);
#16046 = CARTESIAN_POINT('',(-2.533480016854,0.444723745507,0.42));
#16047 = DIRECTION('',(0.,0.,1.));
#16048 = DIRECTION('',(1.,0.,-0.));
#16049 = ORIENTED_EDGE('',*,*,#16050,.T.);
#16050 = EDGE_CURVE('',#16042,#16051,#16053,.T.);
#16051 = VERTEX_POINT('',#16052);
#16052 = CARTESIAN_POINT('',(-2.270566301392,0.939143901594,0.42));
#16053 = LINE('',#16054,#16055);
#16054 = CARTESIAN_POINT('',(-2.355650354552,0.253768934,0.42));
#16055 = VECTOR('',#16056,1.);
#16056 = DIRECTION('',(0.123196659316,0.992382276713,0.));
#16057 = ORIENTED_EDGE('',*,*,#16058,.T.);
#16058 = EDGE_CURVE('',#16051,#13638,#16059,.T.);
#16059 = CIRCLE('',#16060,0.35);
#16060 = AXIS2_PLACEMENT_3D('',#16061,#16062,#16063);
#16061 = CARTESIAN_POINT('',(-1.923232504543,0.896025070833,0.42));
#16062 = DIRECTION('',(0.,0.,-1.));
#16063 = DIRECTION('',(1.,0.,0.));
#16064 = ORIENTED_EDGE('',*,*,#13663,.T.);
#16065 = ORIENTED_EDGE('',*,*,#16066,.T.);
#16066 = EDGE_CURVE('',#13656,#15999,#16067,.T.);
#16067 = CIRCLE('',#16068,0.2);
#16068 = AXIS2_PLACEMENT_3D('',#16069,#16070,#16071);
#16069 = CARTESIAN_POINT('',(-1.858779448147,0.847014576665,0.42));
#16070 = DIRECTION('',(0.,0.,1.));
#16071 = DIRECTION('',(1.,0.,-0.));
#16072 = PLANE('',#16073);
#16073 = AXIS2_PLACEMENT_3D('',#16074,#16075,#16076);
#16074 = CARTESIAN_POINT('',(3.372090022179E-16,0.,0.42));
#16075 = DIRECTION('',(0.,0.,1.));
#16076 = DIRECTION('',(1.,0.,-0.));
#16077 = ADVANCED_FACE('',(#16078),#16094,.T.);
#16078 = FACE_BOUND('',#16079,.T.);
#16079 = EDGE_LOOP('',(#16080,#16081,#16087,#16088));
#16080 = ORIENTED_EDGE('',*,*,#16017,.F.);
#16081 = ORIENTED_EDGE('',*,*,#16082,.T.);
#16082 = EDGE_CURVE('',#16009,#15916,#16083,.T.);
#16083 = LINE('',#16084,#16085);
#16084 = CARTESIAN_POINT('',(-2.452884324343,2.867311757213E-02,0.85));
#16085 = VECTOR('',#16086,1.);
#16086 = DIRECTION('',(-0.,-0.,1.));
#16087 = ORIENTED_EDGE('',*,*,#15915,.T.);
#16088 = ORIENTED_EDGE('',*,*,#16089,.T.);
#16089 = EDGE_CURVE('',#15918,#16018,#16090,.T.);
#16090 = LINE('',#16091,#16092);
#16091 = CARTESIAN_POINT('',(-3.,0.,0.85));
#16092 = VECTOR('',#16093,1.);
#16093 = DIRECTION('',(0.,0.,-1.));
#16094 = PLANE('',#16095);
#16095 = AXIS2_PLACEMENT_3D('',#16096,#16097,#16098);
#16096 = CARTESIAN_POINT('',(-3.,0.,0.85));
#16097 = DIRECTION('',(5.233595624294E-02,-0.998629534755,0.));
#16098 = DIRECTION('',(0.998629534755,5.233595624294E-02,0.));
#16099 = ADVANCED_FACE('',(#16100),#16116,.T.);
#16100 = FACE_BOUND('',#16101,.T.);
#16101 = EDGE_LOOP('',(#16102,#16103,#16109,#16110));
#16102 = ORIENTED_EDGE('',*,*,#15934,.T.);
#16103 = ORIENTED_EDGE('',*,*,#16104,.T.);
#16104 = EDGE_CURVE('',#15926,#16001,#16105,.T.);
#16105 = LINE('',#16106,#16107);
#16106 = CARTESIAN_POINT('',(-2.123868112178,0.335074623976,0.85));
#16107 = VECTOR('',#16108,1.);
#16108 = DIRECTION('',(0.,0.,-1.));
#16109 = ORIENTED_EDGE('',*,*,#15998,.F.);
#16110 = ORIENTED_EDGE('',*,*,#16111,.T.);
#16111 = EDGE_CURVE('',#15999,#15935,#16112,.T.);
#16112 = LINE('',#16113,#16114);
#16113 = CARTESIAN_POINT('',(-2.05725590349,0.871653908528,0.85));
#16114 = VECTOR('',#16115,1.);
#16115 = DIRECTION('',(2.014945510972E-18,1.623092886387E-17,1.));
#16116 = PLANE('',#16117);
#16117 = AXIS2_PLACEMENT_3D('',#16118,#16119,#16120);
#16118 = CARTESIAN_POINT('',(-2.16,4.402253459775E-02,0.85));
#16119 = DIRECTION('',(0.992382276713,-0.123196659316,0.));
#16120 = DIRECTION('',(0.123196659316,0.992382276713,0.));
#16121 = ADVANCED_FACE('',(#16122),#16138,.T.);
#16122 = FACE_BOUND('',#16123,.T.);
#16123 = EDGE_LOOP('',(#16124,#16125,#16131,#16132));
#16124 = ORIENTED_EDGE('',*,*,#15959,.T.);
#16125 = ORIENTED_EDGE('',*,*,#16126,.T.);
#16126 = EDGE_CURVE('',#15951,#16051,#16127,.T.);
#16127 = LINE('',#16128,#16129);
#16128 = CARTESIAN_POINT('',(-2.270566301392,0.939143901594,0.42));
#16129 = VECTOR('',#16130,1.);
#16130 = DIRECTION('',(-2.014945510972E-18,-1.623092886387E-17,-1.));
#16131 = ORIENTED_EDGE('',*,*,#16050,.F.);
#16132 = ORIENTED_EDGE('',*,*,#16133,.T.);
#16133 = EDGE_CURVE('',#16042,#15960,#16134,.T.);
#16134 = LINE('',#16135,#16136);
#16135 = CARTESIAN_POINT('',(-2.335003561511,0.420084413644,0.85));
#16136 = VECTOR('',#16137,1.);
#16137 = DIRECTION('',(-0.,-0.,1.));
#16138 = PLANE('',#16139);
#16139 = AXIS2_PLACEMENT_3D('',#16140,#16141,#16142);
#16140 = CARTESIAN_POINT('',(-2.355650354552,0.253768934,0.85));
#16141 = DIRECTION('',(-0.992382276713,0.123196659316,0.));
#16142 = DIRECTION('',(-0.123196659316,-0.992382276713,0.));
#16143 = ADVANCED_FACE('',(#16144),#16160,.T.);
#16144 = FACE_BOUND('',#16145,.T.);
#16145 = EDGE_LOOP('',(#16146,#16147,#16153,#16154));
#16146 = ORIENTED_EDGE('',*,*,#15976,.T.);
#16147 = ORIENTED_EDGE('',*,*,#16148,.T.);
#16148 = EDGE_CURVE('',#15968,#16034,#16149,.T.);
#16149 = LINE('',#16150,#16151);
#16150 = CARTESIAN_POINT('',(-2.523012825605,0.244997838557,0.42));
#16151 = VECTOR('',#16152,1.);
#16152 = DIRECTION('',(0.,0.,-1.));
#16153 = ORIENTED_EDGE('',*,*,#16033,.F.);
#16154 = ORIENTED_EDGE('',*,*,#16155,.F.);
#16155 = EDGE_CURVE('',#15977,#16026,#16156,.T.);
#16156 = LINE('',#16157,#16158);
#16157 = CARTESIAN_POINT('',(-3.,0.22,0.85));
#16158 = VECTOR('',#16159,1.);
#16159 = DIRECTION('',(0.,0.,-1.));
#16160 = PLANE('',#16161);
#16161 = AXIS2_PLACEMENT_3D('',#16162,#16163,#16164);
#16162 = CARTESIAN_POINT('',(-3.,0.22,0.85));
#16163 = DIRECTION('',(-5.233595624294E-02,0.998629534755,0.));
#16164 = DIRECTION('',(-0.998629534755,-5.233595624294E-02,0.));
#16165 = ADVANCED_FACE('',(#16166),#16172,.T.);
#16166 = FACE_BOUND('',#16167,.T.);
#16167 = EDGE_LOOP('',(#16168,#16169,#16170,#16171));
#16168 = ORIENTED_EDGE('',*,*,#16025,.F.);
#16169 = ORIENTED_EDGE('',*,*,#16089,.F.);
#16170 = ORIENTED_EDGE('',*,*,#15984,.T.);
#16171 = ORIENTED_EDGE('',*,*,#16155,.T.);
#16172 = PLANE('',#16173);
#16173 = AXIS2_PLACEMENT_3D('',#16174,#16175,#16176);
#16174 = CARTESIAN_POINT('',(-3.,0.,0.85));
#16175 = DIRECTION('',(-1.,0.,0.));
#16176 = DIRECTION('',(0.,0.,1.));
#16177 = ADVANCED_FACE('',(#16178),#16255,.T.);
#16178 = FACE_BOUND('',#16179,.T.);
#16179 = EDGE_LOOP('',(#16180,#16190,#16199,#16207,#16214,#16215,#16224,
    #16232,#16241,#16249));
#16180 = ORIENTED_EDGE('',*,*,#16181,.F.);
#16181 = EDGE_CURVE('',#16182,#16184,#16186,.T.);
#16182 = VERTEX_POINT('',#16183);
#16183 = CARTESIAN_POINT('',(-2.452884324343,2.867311757213E-02,2.12));
#16184 = VERTEX_POINT('',#16185);
#16185 = CARTESIAN_POINT('',(-3.,0.,2.12));
#16186 = LINE('',#16187,#16188);
#16187 = CARTESIAN_POINT('',(-3.,0.,2.12));
#16188 = VECTOR('',#16189,1.);
#16189 = DIRECTION('',(-0.998629534755,-5.233595624294E-02,-0.));
#16190 = ORIENTED_EDGE('',*,*,#16191,.T.);
#16191 = EDGE_CURVE('',#16182,#16192,#16194,.T.);
#16192 = VERTEX_POINT('',#16193);
#16193 = CARTESIAN_POINT('',(-2.123868112178,0.335074623976,2.12));
#16194 = CIRCLE('',#16195,0.35);
#16195 = AXIS2_PLACEMENT_3D('',#16196,#16197,#16198);
#16196 = CARTESIAN_POINT('',(-2.471201909028,0.378193454736,2.12));
#16197 = DIRECTION('',(0.,0.,1.));
#16198 = DIRECTION('',(1.,0.,-0.));
#16199 = ORIENTED_EDGE('',*,*,#16200,.F.);
#16200 = EDGE_CURVE('',#16201,#16192,#16203,.T.);
#16201 = VERTEX_POINT('',#16202);
#16202 = CARTESIAN_POINT('',(-2.05725590349,0.871653908528,2.12));
#16203 = LINE('',#16204,#16205);
#16204 = CARTESIAN_POINT('',(-2.16,4.402253459775E-02,2.12));
#16205 = VECTOR('',#16206,1.);
#16206 = DIRECTION('',(-0.123196659316,-0.992382276713,-0.));
#16207 = ORIENTED_EDGE('',*,*,#16208,.T.);
#16208 = EDGE_CURVE('',#16201,#13614,#16209,.T.);
#16209 = CIRCLE('',#16210,0.2);
#16210 = AXIS2_PLACEMENT_3D('',#16211,#16212,#16213);
#16211 = CARTESIAN_POINT('',(-1.858779448147,0.847014576665,2.12));
#16212 = DIRECTION('',(0.,-0.,-1.));
#16213 = DIRECTION('',(1.,-1.626303258728E-15,0.));
#16214 = ORIENTED_EDGE('',*,*,#13613,.F.);
#16215 = ORIENTED_EDGE('',*,*,#16216,.T.);
#16216 = EDGE_CURVE('',#13606,#16217,#16219,.T.);
#16217 = VERTEX_POINT('',#16218);
#16218 = CARTESIAN_POINT('',(-2.270566301392,0.939143901594,2.12));
#16219 = CIRCLE('',#16220,0.35);
#16220 = AXIS2_PLACEMENT_3D('',#16221,#16222,#16223);
#16221 = CARTESIAN_POINT('',(-1.923232504543,0.896025070833,2.12));
#16222 = DIRECTION('',(0.,0.,1.));
#16223 = DIRECTION('',(1.,0.,-0.));
#16224 = ORIENTED_EDGE('',*,*,#16225,.F.);
#16225 = EDGE_CURVE('',#16226,#16217,#16228,.T.);
#16226 = VERTEX_POINT('',#16227);
#16227 = CARTESIAN_POINT('',(-2.335003561511,0.420084413644,2.12));
#16228 = LINE('',#16229,#16230);
#16229 = CARTESIAN_POINT('',(-2.355650354552,0.253768934,2.12));
#16230 = VECTOR('',#16231,1.);
#16231 = DIRECTION('',(0.123196659316,0.992382276713,0.));
#16232 = ORIENTED_EDGE('',*,*,#16233,.T.);
#16233 = EDGE_CURVE('',#16226,#16234,#16236,.T.);
#16234 = VERTEX_POINT('',#16235);
#16235 = CARTESIAN_POINT('',(-2.523012825605,0.244997838557,2.12));
#16236 = CIRCLE('',#16237,0.2);
#16237 = AXIS2_PLACEMENT_3D('',#16238,#16239,#16240);
#16238 = CARTESIAN_POINT('',(-2.533480016854,0.444723745507,2.12));
#16239 = DIRECTION('',(0.,0.,-1.));
#16240 = DIRECTION('',(1.,0.,0.));
#16241 = ORIENTED_EDGE('',*,*,#16242,.F.);
#16242 = EDGE_CURVE('',#16243,#16234,#16245,.T.);
#16243 = VERTEX_POINT('',#16244);
#16244 = CARTESIAN_POINT('',(-3.,0.22,2.12));
#16245 = LINE('',#16246,#16247);
#16246 = CARTESIAN_POINT('',(-3.,0.22,2.12));
#16247 = VECTOR('',#16248,1.);
#16248 = DIRECTION('',(0.998629534755,5.233595624294E-02,0.));
#16249 = ORIENTED_EDGE('',*,*,#16250,.F.);
#16250 = EDGE_CURVE('',#16184,#16243,#16251,.T.);
#16251 = LINE('',#16252,#16253);
#16252 = CARTESIAN_POINT('',(-3.,0.,2.12));
#16253 = VECTOR('',#16254,1.);
#16254 = DIRECTION('',(0.,1.,0.));
#16255 = PLANE('',#16256);
#16256 = AXIS2_PLACEMENT_3D('',#16257,#16258,#16259);
#16257 = CARTESIAN_POINT('',(5.058135033269E-16,0.,2.12));
#16258 = DIRECTION('',(0.,0.,1.));
#16259 = DIRECTION('',(1.,0.,-0.));
#16260 = ADVANCED_FACE('',(#16261),#16338,.F.);
#16261 = FACE_BOUND('',#16262,.T.);
#16262 = EDGE_LOOP('',(#16263,#16273,#16282,#16290,#16298,#16306,#16315,
    #16323,#16330,#16331));
#16263 = ORIENTED_EDGE('',*,*,#16264,.T.);
#16264 = EDGE_CURVE('',#16265,#16267,#16269,.T.);
#16265 = VERTEX_POINT('',#16266);
#16266 = CARTESIAN_POINT('',(-2.05725590349,0.871653908528,1.69));
#16267 = VERTEX_POINT('',#16268);
#16268 = CARTESIAN_POINT('',(-2.123868112178,0.335074623976,1.69));
#16269 = LINE('',#16270,#16271);
#16270 = CARTESIAN_POINT('',(-2.16,4.402253459775E-02,1.69));
#16271 = VECTOR('',#16272,1.);
#16272 = DIRECTION('',(-0.123196659316,-0.992382276713,-0.));
#16273 = ORIENTED_EDGE('',*,*,#16274,.T.);
#16274 = EDGE_CURVE('',#16267,#16275,#16277,.T.);
#16275 = VERTEX_POINT('',#16276);
#16276 = CARTESIAN_POINT('',(-2.452884324343,2.867311757213E-02,1.69));
#16277 = CIRCLE('',#16278,0.35);
#16278 = AXIS2_PLACEMENT_3D('',#16279,#16280,#16281);
#16279 = CARTESIAN_POINT('',(-2.471201909028,0.378193454736,1.69));
#16280 = DIRECTION('',(0.,0.,-1.));
#16281 = DIRECTION('',(1.,0.,0.));
#16282 = ORIENTED_EDGE('',*,*,#16283,.T.);
#16283 = EDGE_CURVE('',#16275,#16284,#16286,.T.);
#16284 = VERTEX_POINT('',#16285);
#16285 = CARTESIAN_POINT('',(-3.,0.,1.69));
#16286 = LINE('',#16287,#16288);
#16287 = CARTESIAN_POINT('',(-3.,0.,1.69));
#16288 = VECTOR('',#16289,1.);
#16289 = DIRECTION('',(-0.998629534755,-5.233595624294E-02,-0.));
#16290 = ORIENTED_EDGE('',*,*,#16291,.T.);
#16291 = EDGE_CURVE('',#16284,#16292,#16294,.T.);
#16292 = VERTEX_POINT('',#16293);
#16293 = CARTESIAN_POINT('',(-3.,0.22,1.69));
#16294 = LINE('',#16295,#16296);
#16295 = CARTESIAN_POINT('',(-3.,0.,1.69));
#16296 = VECTOR('',#16297,1.);
#16297 = DIRECTION('',(0.,1.,0.));
#16298 = ORIENTED_EDGE('',*,*,#16299,.T.);
#16299 = EDGE_CURVE('',#16292,#16300,#16302,.T.);
#16300 = VERTEX_POINT('',#16301);
#16301 = CARTESIAN_POINT('',(-2.523012825605,0.244997838557,1.69));
#16302 = LINE('',#16303,#16304);
#16303 = CARTESIAN_POINT('',(-3.,0.22,1.69));
#16304 = VECTOR('',#16305,1.);
#16305 = DIRECTION('',(0.998629534755,5.233595624294E-02,0.));
#16306 = ORIENTED_EDGE('',*,*,#16307,.T.);
#16307 = EDGE_CURVE('',#16300,#16308,#16310,.T.);
#16308 = VERTEX_POINT('',#16309);
#16309 = CARTESIAN_POINT('',(-2.335003561511,0.420084413644,1.69));
#16310 = CIRCLE('',#16311,0.2);
#16311 = AXIS2_PLACEMENT_3D('',#16312,#16313,#16314);
#16312 = CARTESIAN_POINT('',(-2.533480016854,0.444723745507,1.69));
#16313 = DIRECTION('',(0.,0.,1.));
#16314 = DIRECTION('',(1.,0.,-0.));
#16315 = ORIENTED_EDGE('',*,*,#16316,.T.);
#16316 = EDGE_CURVE('',#16308,#16317,#16319,.T.);
#16317 = VERTEX_POINT('',#16318);
#16318 = CARTESIAN_POINT('',(-2.270566301392,0.939143901594,1.69));
#16319 = LINE('',#16320,#16321);
#16320 = CARTESIAN_POINT('',(-2.355650354552,0.253768934,1.69));
#16321 = VECTOR('',#16322,1.);
#16322 = DIRECTION('',(0.123196659316,0.992382276713,0.));
#16323 = ORIENTED_EDGE('',*,*,#16324,.T.);
#16324 = EDGE_CURVE('',#16317,#13604,#16325,.T.);
#16325 = CIRCLE('',#16326,0.35);
#16326 = AXIS2_PLACEMENT_3D('',#16327,#16328,#16329);
#16327 = CARTESIAN_POINT('',(-1.923232504543,0.896025070833,1.69));
#16328 = DIRECTION('',(0.,0.,-1.));
#16329 = DIRECTION('',(1.,0.,0.));
#16330 = ORIENTED_EDGE('',*,*,#13629,.T.);
#16331 = ORIENTED_EDGE('',*,*,#16332,.T.);
#16332 = EDGE_CURVE('',#13622,#16265,#16333,.T.);
#16333 = CIRCLE('',#16334,0.2);
#16334 = AXIS2_PLACEMENT_3D('',#16335,#16336,#16337);
#16335 = CARTESIAN_POINT('',(-1.858779448147,0.847014576665,1.69));
#16336 = DIRECTION('',(0.,0.,1.));
#16337 = DIRECTION('',(1.,0.,-0.));
#16338 = PLANE('',#16339);
#16339 = AXIS2_PLACEMENT_3D('',#16340,#16341,#16342);
#16340 = CARTESIAN_POINT('',(5.058135033269E-16,0.,1.69));
#16341 = DIRECTION('',(0.,0.,1.));
#16342 = DIRECTION('',(1.,0.,-0.));
#16343 = ADVANCED_FACE('',(#16344),#16360,.T.);
#16344 = FACE_BOUND('',#16345,.T.);
#16345 = EDGE_LOOP('',(#16346,#16347,#16353,#16354));
#16346 = ORIENTED_EDGE('',*,*,#16283,.F.);
#16347 = ORIENTED_EDGE('',*,*,#16348,.T.);
#16348 = EDGE_CURVE('',#16275,#16182,#16349,.T.);
#16349 = LINE('',#16350,#16351);
#16350 = CARTESIAN_POINT('',(-2.452884324343,2.867311757213E-02,2.12));
#16351 = VECTOR('',#16352,1.);
#16352 = DIRECTION('',(-0.,-0.,1.));
#16353 = ORIENTED_EDGE('',*,*,#16181,.T.);
#16354 = ORIENTED_EDGE('',*,*,#16355,.T.);
#16355 = EDGE_CURVE('',#16184,#16284,#16356,.T.);
#16356 = LINE('',#16357,#16358);
#16357 = CARTESIAN_POINT('',(-3.,0.,2.12));
#16358 = VECTOR('',#16359,1.);
#16359 = DIRECTION('',(0.,0.,-1.));
#16360 = PLANE('',#16361);
#16361 = AXIS2_PLACEMENT_3D('',#16362,#16363,#16364);
#16362 = CARTESIAN_POINT('',(-3.,0.,2.12));
#16363 = DIRECTION('',(5.233595624294E-02,-0.998629534755,0.));
#16364 = DIRECTION('',(0.998629534755,5.233595624294E-02,0.));
#16365 = ADVANCED_FACE('',(#16366),#16382,.T.);
#16366 = FACE_BOUND('',#16367,.T.);
#16367 = EDGE_LOOP('',(#16368,#16369,#16375,#16376));
#16368 = ORIENTED_EDGE('',*,*,#16200,.T.);
#16369 = ORIENTED_EDGE('',*,*,#16370,.T.);
#16370 = EDGE_CURVE('',#16192,#16267,#16371,.T.);
#16371 = LINE('',#16372,#16373);
#16372 = CARTESIAN_POINT('',(-2.123868112178,0.335074623976,2.12));
#16373 = VECTOR('',#16374,1.);
#16374 = DIRECTION('',(0.,0.,-1.));
#16375 = ORIENTED_EDGE('',*,*,#16264,.F.);
#16376 = ORIENTED_EDGE('',*,*,#16377,.T.);
#16377 = EDGE_CURVE('',#16265,#16201,#16378,.T.);
#16378 = LINE('',#16379,#16380);
#16379 = CARTESIAN_POINT('',(-2.05725590349,0.871653908528,2.12));
#16380 = VECTOR('',#16381,1.);
#16381 = DIRECTION('',(2.014945510972E-18,1.623092886387E-17,1.));
#16382 = PLANE('',#16383);
#16383 = AXIS2_PLACEMENT_3D('',#16384,#16385,#16386);
#16384 = CARTESIAN_POINT('',(-2.16,4.402253459775E-02,2.12));
#16385 = DIRECTION('',(0.992382276713,-0.123196659316,0.));
#16386 = DIRECTION('',(0.123196659316,0.992382276713,0.));
#16387 = ADVANCED_FACE('',(#16388),#16404,.T.);
#16388 = FACE_BOUND('',#16389,.T.);
#16389 = EDGE_LOOP('',(#16390,#16391,#16397,#16398));
#16390 = ORIENTED_EDGE('',*,*,#16225,.T.);
#16391 = ORIENTED_EDGE('',*,*,#16392,.T.);
#16392 = EDGE_CURVE('',#16217,#16317,#16393,.T.);
#16393 = LINE('',#16394,#16395);
#16394 = CARTESIAN_POINT('',(-2.270566301392,0.939143901594,1.69));
#16395 = VECTOR('',#16396,1.);
#16396 = DIRECTION('',(-2.014945510972E-18,-1.623092886387E-17,-1.));
#16397 = ORIENTED_EDGE('',*,*,#16316,.F.);
#16398 = ORIENTED_EDGE('',*,*,#16399,.T.);
#16399 = EDGE_CURVE('',#16308,#16226,#16400,.T.);
#16400 = LINE('',#16401,#16402);
#16401 = CARTESIAN_POINT('',(-2.335003561511,0.420084413644,2.12));
#16402 = VECTOR('',#16403,1.);
#16403 = DIRECTION('',(-0.,-0.,1.));
#16404 = PLANE('',#16405);
#16405 = AXIS2_PLACEMENT_3D('',#16406,#16407,#16408);
#16406 = CARTESIAN_POINT('',(-2.355650354552,0.253768934,2.12));
#16407 = DIRECTION('',(-0.992382276713,0.123196659316,0.));
#16408 = DIRECTION('',(-0.123196659316,-0.992382276713,0.));
#16409 = ADVANCED_FACE('',(#16410),#16426,.T.);
#16410 = FACE_BOUND('',#16411,.T.);
#16411 = EDGE_LOOP('',(#16412,#16413,#16419,#16420));
#16412 = ORIENTED_EDGE('',*,*,#16242,.T.);
#16413 = ORIENTED_EDGE('',*,*,#16414,.T.);
#16414 = EDGE_CURVE('',#16234,#16300,#16415,.T.);
#16415 = LINE('',#16416,#16417);
#16416 = CARTESIAN_POINT('',(-2.523012825605,0.244997838557,1.69));
#16417 = VECTOR('',#16418,1.);
#16418 = DIRECTION('',(0.,0.,-1.));
#16419 = ORIENTED_EDGE('',*,*,#16299,.F.);
#16420 = ORIENTED_EDGE('',*,*,#16421,.F.);
#16421 = EDGE_CURVE('',#16243,#16292,#16422,.T.);
#16422 = LINE('',#16423,#16424);
#16423 = CARTESIAN_POINT('',(-3.,0.22,2.12));
#16424 = VECTOR('',#16425,1.);
#16425 = DIRECTION('',(0.,0.,-1.));
#16426 = PLANE('',#16427);
#16427 = AXIS2_PLACEMENT_3D('',#16428,#16429,#16430);
#16428 = CARTESIAN_POINT('',(-3.,0.22,2.12));
#16429 = DIRECTION('',(-5.233595624294E-02,0.998629534755,0.));
#16430 = DIRECTION('',(-0.998629534755,-5.233595624294E-02,0.));
#16431 = ADVANCED_FACE('',(#16432),#16438,.T.);
#16432 = FACE_BOUND('',#16433,.T.);
#16433 = EDGE_LOOP('',(#16434,#16435,#16436,#16437));
#16434 = ORIENTED_EDGE('',*,*,#16291,.F.);
#16435 = ORIENTED_EDGE('',*,*,#16355,.F.);
#16436 = ORIENTED_EDGE('',*,*,#16250,.T.);
#16437 = ORIENTED_EDGE('',*,*,#16421,.T.);
#16438 = PLANE('',#16439);
#16439 = AXIS2_PLACEMENT_3D('',#16440,#16441,#16442);
#16440 = CARTESIAN_POINT('',(-3.,0.,2.12));
#16441 = DIRECTION('',(-1.,0.,0.));
#16442 = DIRECTION('',(0.,0.,1.));
#16443 = ADVANCED_FACE('',(#16444),#16450,.F.);
#16444 = FACE_BOUND('',#16445,.F.);
#16445 = EDGE_LOOP('',(#16446,#16447,#16448,#16449));
#16446 = ORIENTED_EDGE('',*,*,#15882,.T.);
#16447 = ORIENTED_EDGE('',*,*,#15775,.T.);
#16448 = ORIENTED_EDGE('',*,*,#15867,.T.);
#16449 = ORIENTED_EDGE('',*,*,#15701,.T.);
#16450 = CYLINDRICAL_SURFACE('',#16451,0.2);
#16451 = AXIS2_PLACEMENT_3D('',#16452,#16453,#16454);
#16452 = CARTESIAN_POINT('',(-2.533480016854,0.444723745507,-0.42));
#16453 = DIRECTION('',(0.,0.,1.));
#16454 = DIRECTION('',(1.,0.,-0.));
#16455 = ADVANCED_FACE('',(#16456),#16462,.F.);
#16456 = FACE_BOUND('',#16457,.F.);
#16457 = EDGE_LOOP('',(#16458,#16459,#16460,#16461));
#16458 = ORIENTED_EDGE('',*,*,#13689,.T.);
#16459 = ORIENTED_EDGE('',*,*,#15800,.T.);
#16460 = ORIENTED_EDGE('',*,*,#15845,.T.);
#16461 = ORIENTED_EDGE('',*,*,#15676,.T.);
#16462 = CYLINDRICAL_SURFACE('',#16463,0.2);
#16463 = AXIS2_PLACEMENT_3D('',#16464,#16465,#16466);
#16464 = CARTESIAN_POINT('',(-1.858779448147,0.847014576665,-0.42));
#16465 = DIRECTION('',(1.327594496921E-16,0.,1.));
#16466 = DIRECTION('',(1.,0.,-1.327594496921E-16));
#16467 = ADVANCED_FACE('',(#16468),#16474,.F.);
#16468 = FACE_BOUND('',#16469,.F.);
#16469 = EDGE_LOOP('',(#16470,#16471,#16472,#16473));
#16470 = ORIENTED_EDGE('',*,*,#16148,.T.);
#16471 = ORIENTED_EDGE('',*,*,#16041,.T.);
#16472 = ORIENTED_EDGE('',*,*,#16133,.T.);
#16473 = ORIENTED_EDGE('',*,*,#15967,.T.);
#16474 = CYLINDRICAL_SURFACE('',#16475,0.2);
#16475 = AXIS2_PLACEMENT_3D('',#16476,#16477,#16478);
#16476 = CARTESIAN_POINT('',(-2.533480016854,0.444723745507,0.85));
#16477 = DIRECTION('',(0.,0.,1.));
#16478 = DIRECTION('',(1.,0.,-0.));
#16479 = ADVANCED_FACE('',(#16480),#16486,.F.);
#16480 = FACE_BOUND('',#16481,.F.);
#16481 = EDGE_LOOP('',(#16482,#16483,#16484,#16485));
#16482 = ORIENTED_EDGE('',*,*,#13655,.T.);
#16483 = ORIENTED_EDGE('',*,*,#16066,.T.);
#16484 = ORIENTED_EDGE('',*,*,#16111,.T.);
#16485 = ORIENTED_EDGE('',*,*,#15942,.T.);
#16486 = CYLINDRICAL_SURFACE('',#16487,0.2);
#16487 = AXIS2_PLACEMENT_3D('',#16488,#16489,#16490);
#16488 = CARTESIAN_POINT('',(-1.858779448147,0.847014576665,0.85));
#16489 = DIRECTION('',(1.327594496921E-16,0.,1.));
#16490 = DIRECTION('',(1.,0.,-1.327594496921E-16));
#16491 = ADVANCED_FACE('',(#16492),#16498,.F.);
#16492 = FACE_BOUND('',#16493,.F.);
#16493 = EDGE_LOOP('',(#16494,#16495,#16496,#16497));
#16494 = ORIENTED_EDGE('',*,*,#16414,.T.);
#16495 = ORIENTED_EDGE('',*,*,#16307,.T.);
#16496 = ORIENTED_EDGE('',*,*,#16399,.T.);
#16497 = ORIENTED_EDGE('',*,*,#16233,.T.);
#16498 = CYLINDRICAL_SURFACE('',#16499,0.2);
#16499 = AXIS2_PLACEMENT_3D('',#16500,#16501,#16502);
#16500 = CARTESIAN_POINT('',(-2.533480016854,0.444723745507,2.12));
#16501 = DIRECTION('',(0.,0.,1.));
#16502 = DIRECTION('',(1.,0.,-0.));
#16503 = ADVANCED_FACE('',(#16504),#16510,.F.);
#16504 = FACE_BOUND('',#16505,.F.);
#16505 = EDGE_LOOP('',(#16506,#16507,#16508,#16509));
#16506 = ORIENTED_EDGE('',*,*,#13621,.T.);
#16507 = ORIENTED_EDGE('',*,*,#16332,.T.);
#16508 = ORIENTED_EDGE('',*,*,#16377,.T.);
#16509 = ORIENTED_EDGE('',*,*,#16208,.T.);
#16510 = CYLINDRICAL_SURFACE('',#16511,0.2);
#16511 = AXIS2_PLACEMENT_3D('',#16512,#16513,#16514);
#16512 = CARTESIAN_POINT('',(-1.858779448147,0.847014576665,2.12));
#16513 = DIRECTION('',(1.327594496921E-16,0.,1.));
#16514 = DIRECTION('',(1.,0.,-1.327594496921E-16));
#16515 = ADVANCED_FACE('',(#16516),#16522,.T.);
#16516 = FACE_BOUND('',#16517,.T.);
#16517 = EDGE_LOOP('',(#16518,#16519,#16520,#16521));
#16518 = ORIENTED_EDGE('',*,*,#15659,.F.);
#16519 = ORIENTED_EDGE('',*,*,#15816,.F.);
#16520 = ORIENTED_EDGE('',*,*,#15742,.F.);
#16521 = ORIENTED_EDGE('',*,*,#15838,.F.);
#16522 = CYLINDRICAL_SURFACE('',#16523,0.35);
#16523 = AXIS2_PLACEMENT_3D('',#16524,#16525,#16526);
#16524 = CARTESIAN_POINT('',(-2.471201909028,0.378193454736,-0.42));
#16525 = DIRECTION('',(0.,0.,-1.));
#16526 = DIRECTION('',(-1.,0.,0.));
#16527 = ADVANCED_FACE('',(#16528),#16534,.T.);
#16528 = FACE_BOUND('',#16529,.T.);
#16529 = EDGE_LOOP('',(#16530,#16531,#16532,#16533));
#16530 = ORIENTED_EDGE('',*,*,#15684,.F.);
#16531 = ORIENTED_EDGE('',*,*,#13671,.F.);
#16532 = ORIENTED_EDGE('',*,*,#15792,.F.);
#16533 = ORIENTED_EDGE('',*,*,#15860,.F.);
#16534 = CYLINDRICAL_SURFACE('',#16535,0.35);
#16535 = AXIS2_PLACEMENT_3D('',#16536,#16537,#16538);
#16536 = CARTESIAN_POINT('',(-1.923232504543,0.896025070833,-0.42));
#16537 = DIRECTION('',(-1.327594496921E-16,1.28942311548E-32,-1.));
#16538 = DIRECTION('',(-1.,2.853051720524E-49,1.327594496921E-16));
#16539 = ADVANCED_FACE('',(#16540),#16546,.T.);
#16540 = FACE_BOUND('',#16541,.T.);
#16541 = EDGE_LOOP('',(#16542,#16543,#16544,#16545));
#16542 = ORIENTED_EDGE('',*,*,#15925,.F.);
#16543 = ORIENTED_EDGE('',*,*,#16082,.F.);
#16544 = ORIENTED_EDGE('',*,*,#16008,.F.);
#16545 = ORIENTED_EDGE('',*,*,#16104,.F.);
#16546 = CYLINDRICAL_SURFACE('',#16547,0.35);
#16547 = AXIS2_PLACEMENT_3D('',#16548,#16549,#16550);
#16548 = CARTESIAN_POINT('',(-2.471201909028,0.378193454736,0.85));
#16549 = DIRECTION('',(0.,0.,-1.));
#16550 = DIRECTION('',(-1.,0.,0.));
#16551 = ADVANCED_FACE('',(#16552),#16558,.T.);
#16552 = FACE_BOUND('',#16553,.T.);
#16553 = EDGE_LOOP('',(#16554,#16555,#16556,#16557));
#16554 = ORIENTED_EDGE('',*,*,#15950,.F.);
#16555 = ORIENTED_EDGE('',*,*,#13637,.F.);
#16556 = ORIENTED_EDGE('',*,*,#16058,.F.);
#16557 = ORIENTED_EDGE('',*,*,#16126,.F.);
#16558 = CYLINDRICAL_SURFACE('',#16559,0.35);
#16559 = AXIS2_PLACEMENT_3D('',#16560,#16561,#16562);
#16560 = CARTESIAN_POINT('',(-1.923232504543,0.896025070833,0.85));
#16561 = DIRECTION('',(-1.327594496921E-16,1.28942311548E-32,-1.));
#16562 = DIRECTION('',(-1.,-1.711831032315E-48,1.327594496921E-16));
#16563 = ADVANCED_FACE('',(#16564),#16570,.T.);
#16564 = FACE_BOUND('',#16565,.T.);
#16565 = EDGE_LOOP('',(#16566,#16567,#16568,#16569));
#16566 = ORIENTED_EDGE('',*,*,#16191,.F.);
#16567 = ORIENTED_EDGE('',*,*,#16348,.F.);
#16568 = ORIENTED_EDGE('',*,*,#16274,.F.);
#16569 = ORIENTED_EDGE('',*,*,#16370,.F.);
#16570 = CYLINDRICAL_SURFACE('',#16571,0.35);
#16571 = AXIS2_PLACEMENT_3D('',#16572,#16573,#16574);
#16572 = CARTESIAN_POINT('',(-2.471201909028,0.378193454736,2.12));
#16573 = DIRECTION('',(0.,0.,-1.));
#16574 = DIRECTION('',(-1.,0.,0.));
#16575 = ADVANCED_FACE('',(#16576),#16582,.T.);
#16576 = FACE_BOUND('',#16577,.T.);
#16577 = EDGE_LOOP('',(#16578,#16579,#16580,#16581));
#16578 = ORIENTED_EDGE('',*,*,#16216,.F.);
#16579 = ORIENTED_EDGE('',*,*,#13603,.F.);
#16580 = ORIENTED_EDGE('',*,*,#16324,.F.);
#16581 = ORIENTED_EDGE('',*,*,#16392,.F.);
#16582 = CYLINDRICAL_SURFACE('',#16583,0.35);
#16583 = AXIS2_PLACEMENT_3D('',#16584,#16585,#16586);
#16584 = CARTESIAN_POINT('',(-1.923232504543,0.896025070833,2.12));
#16585 = DIRECTION('',(-1.327594496921E-16,1.28942311548E-32,-1.));
#16586 = DIRECTION('',(-1.,-1.711831032315E-48,1.327594496921E-16));
#16587 = ( GEOMETRIC_REPRESENTATION_CONTEXT(3) 
GLOBAL_UNCERTAINTY_ASSIGNED_CONTEXT((#16591)) 
GLOBAL_UNIT_ASSIGNED_CONTEXT((#16588,#16589,#16590)) 
REPRESENTATION_CONTEXT('Context #1',
  '3D Context with UNIT and UNCERTAINTY') );
#16588 = ( LENGTH_UNIT() NAMED_UNIT(*) SI_UNIT(.MILLI.,.METRE.) );
#16589 = ( NAMED_UNIT(*) PLANE_ANGLE_UNIT() SI_UNIT($,.RADIAN.) );
#16590 = ( NAMED_UNIT(*) SI_UNIT($,.STERADIAN.) SOLID_ANGLE_UNIT() );
#16591 = UNCERTAINTY_MEASURE_WITH_UNIT(LENGTH_MEASURE(1.E-07),#16588,
  'distance_accuracy_value','confusion accuracy');
#16592 = CONTEXT_DEPENDENT_SHAPE_REPRESENTATION(#16593,#16595);
#16593 = ( REPRESENTATION_RELATIONSHIP('','',#13347,#13324) 
REPRESENTATION_RELATIONSHIP_WITH_TRANSFORMATION(#16594) 
SHAPE_REPRESENTATION_RELATIONSHIP() );
#16594 = ITEM_DEFINED_TRANSFORMATION('','',#11,#13325);
#16595 = PRODUCT_DEFINITION_SHAPE('Placement','Placement of an item',
  #16596);
#16596 = NEXT_ASSEMBLY_USAGE_OCCURRENCE('15','=>[0:1:1:15]','',#13319,
  #13342,$);
#16597 = PRODUCT_RELATED_PRODUCT_CATEGORY('part',$,(#13344));
#16598 = SHAPE_DEFINITION_REPRESENTATION(#16599,#16605);
#16599 = PRODUCT_DEFINITION_SHAPE('','',#16600);
#16600 = PRODUCT_DEFINITION('design','',#16601,#16604);
#16601 = PRODUCT_DEFINITION_FORMATION('','',#16602);
#16602 = PRODUCT('_autosave-Air quality sensor MQ135 breakout_PCB',
  '_autosave-Air quality sensor MQ135 breakout_PCB','',(#16603));
#16603 = PRODUCT_CONTEXT('',#2,'mechanical');
#16604 = PRODUCT_DEFINITION_CONTEXT('part definition',#2,'design');
#16605 = ADVANCED_BREP_SHAPE_REPRESENTATION('',(#11,#16606),#17364);
#16606 = MANIFOLD_SOLID_BREP('',#16607);
#16607 = CLOSED_SHELL('',(#16608,#16650,#16681,#16712,#16896,#17080,
    #17097,#17114,#17131,#17148,#17160,#17177,#17194,#17211,#17228,
    #17245,#17262,#17279,#17296,#17313,#17330,#17347));
#16608 = ADVANCED_FACE('',(#16609),#16645,.T.);
#16609 = FACE_BOUND('',#16610,.T.);
#16610 = EDGE_LOOP('',(#16611,#16621,#16630,#16638));
#16611 = ORIENTED_EDGE('',*,*,#16612,.T.);
#16612 = EDGE_CURVE('',#16613,#16615,#16617,.T.);
#16613 = VERTEX_POINT('',#16614);
#16614 = CARTESIAN_POINT('',(19.5,38.,0.));
#16615 = VERTEX_POINT('',#16616);
#16616 = CARTESIAN_POINT('',(19.5,38.,2.63));
#16617 = LINE('',#16618,#16619);
#16618 = CARTESIAN_POINT('',(19.5,38.,0.));
#16619 = VECTOR('',#16620,1.);
#16620 = DIRECTION('',(0.,0.,1.));
#16621 = ORIENTED_EDGE('',*,*,#16622,.T.);
#16622 = EDGE_CURVE('',#16615,#16623,#16625,.T.);
#16623 = VERTEX_POINT('',#16624);
#16624 = CARTESIAN_POINT('',(22.,35.5,2.63));
#16625 = CIRCLE('',#16626,2.499999839417);
#16626 = AXIS2_PLACEMENT_3D('',#16627,#16628,#16629);
#16627 = CARTESIAN_POINT('',(19.500000160583,35.500000160583,2.63));
#16628 = DIRECTION('',(0.,0.,-1.));
#16629 = DIRECTION('',(-6.423314275614E-08,1.,0.));
#16630 = ORIENTED_EDGE('',*,*,#16631,.F.);
#16631 = EDGE_CURVE('',#16632,#16623,#16634,.T.);
#16632 = VERTEX_POINT('',#16633);
#16633 = CARTESIAN_POINT('',(22.,35.5,0.));
#16634 = LINE('',#16635,#16636);
#16635 = CARTESIAN_POINT('',(22.,35.5,0.));
#16636 = VECTOR('',#16637,1.);
#16637 = DIRECTION('',(0.,0.,1.));
#16638 = ORIENTED_EDGE('',*,*,#16639,.F.);
#16639 = EDGE_CURVE('',#16613,#16632,#16640,.T.);
#16640 = CIRCLE('',#16641,2.499999839417);
#16641 = AXIS2_PLACEMENT_3D('',#16642,#16643,#16644);
#16642 = CARTESIAN_POINT('',(19.500000160583,35.500000160583,0.));
#16643 = DIRECTION('',(0.,0.,-1.));
#16644 = DIRECTION('',(-6.423314275614E-08,1.,0.));
#16645 = CYLINDRICAL_SURFACE('',#16646,2.499999839417);
#16646 = AXIS2_PLACEMENT_3D('',#16647,#16648,#16649);
#16647 = CARTESIAN_POINT('',(19.500000160583,35.500000160583,0.));
#16648 = DIRECTION('',(0.,0.,-1.));
#16649 = DIRECTION('',(-6.423314275614E-08,1.,0.));
#16650 = ADVANCED_FACE('',(#16651),#16676,.T.);
#16651 = FACE_BOUND('',#16652,.T.);
#16652 = EDGE_LOOP('',(#16653,#16663,#16669,#16670));
#16653 = ORIENTED_EDGE('',*,*,#16654,.T.);
#16654 = EDGE_CURVE('',#16655,#16657,#16659,.T.);
#16655 = VERTEX_POINT('',#16656);
#16656 = CARTESIAN_POINT('',(2.5,38.,0.));
#16657 = VERTEX_POINT('',#16658);
#16658 = CARTESIAN_POINT('',(2.5,38.,2.63));
#16659 = LINE('',#16660,#16661);
#16660 = CARTESIAN_POINT('',(2.5,38.,0.));
#16661 = VECTOR('',#16662,1.);
#16662 = DIRECTION('',(0.,0.,1.));
#16663 = ORIENTED_EDGE('',*,*,#16664,.T.);
#16664 = EDGE_CURVE('',#16657,#16615,#16665,.T.);
#16665 = LINE('',#16666,#16667);
#16666 = CARTESIAN_POINT('',(2.5,38.,2.63));
#16667 = VECTOR('',#16668,1.);
#16668 = DIRECTION('',(1.,0.,0.));
#16669 = ORIENTED_EDGE('',*,*,#16612,.F.);
#16670 = ORIENTED_EDGE('',*,*,#16671,.F.);
#16671 = EDGE_CURVE('',#16655,#16613,#16672,.T.);
#16672 = LINE('',#16673,#16674);
#16673 = CARTESIAN_POINT('',(2.5,38.,0.));
#16674 = VECTOR('',#16675,1.);
#16675 = DIRECTION('',(1.,0.,0.));
#16676 = PLANE('',#16677);
#16677 = AXIS2_PLACEMENT_3D('',#16678,#16679,#16680);
#16678 = CARTESIAN_POINT('',(2.5,38.,0.));
#16679 = DIRECTION('',(0.,1.,0.));
#16680 = DIRECTION('',(1.,0.,0.));
#16681 = ADVANCED_FACE('',(#16682),#16707,.T.);
#16682 = FACE_BOUND('',#16683,.T.);
#16683 = EDGE_LOOP('',(#16684,#16685,#16693,#16701));
#16684 = ORIENTED_EDGE('',*,*,#16631,.T.);
#16685 = ORIENTED_EDGE('',*,*,#16686,.T.);
#16686 = EDGE_CURVE('',#16623,#16687,#16689,.T.);
#16687 = VERTEX_POINT('',#16688);
#16688 = CARTESIAN_POINT('',(22.,2.5,2.63));
#16689 = LINE('',#16690,#16691);
#16690 = CARTESIAN_POINT('',(22.,35.5,2.63));
#16691 = VECTOR('',#16692,1.);
#16692 = DIRECTION('',(0.,-1.,0.));
#16693 = ORIENTED_EDGE('',*,*,#16694,.F.);
#16694 = EDGE_CURVE('',#16695,#16687,#16697,.T.);
#16695 = VERTEX_POINT('',#16696);
#16696 = CARTESIAN_POINT('',(22.,2.5,0.));
#16697 = LINE('',#16698,#16699);
#16698 = CARTESIAN_POINT('',(22.,2.5,0.));
#16699 = VECTOR('',#16700,1.);
#16700 = DIRECTION('',(0.,0.,1.));
#16701 = ORIENTED_EDGE('',*,*,#16702,.F.);
#16702 = EDGE_CURVE('',#16632,#16695,#16703,.T.);
#16703 = LINE('',#16704,#16705);
#16704 = CARTESIAN_POINT('',(22.,35.5,0.));
#16705 = VECTOR('',#16706,1.);
#16706 = DIRECTION('',(0.,-1.,0.));
#16707 = PLANE('',#16708);
#16708 = AXIS2_PLACEMENT_3D('',#16709,#16710,#16711);
#16709 = CARTESIAN_POINT('',(22.,35.5,0.));
#16710 = DIRECTION('',(1.,0.,-0.));
#16711 = DIRECTION('',(0.,-1.,0.));
#16712 = ADVANCED_FACE('',(#16713,#16759,#16770,#16781,#16792,#16803,
    #16814,#16825,#16836,#16847,#16858,#16869,#16880),#16891,.F.);
#16713 = FACE_BOUND('',#16714,.F.);
#16714 = EDGE_LOOP('',(#16715,#16716,#16717,#16726,#16734,#16743,#16751,
    #16758));
#16715 = ORIENTED_EDGE('',*,*,#16639,.F.);
#16716 = ORIENTED_EDGE('',*,*,#16671,.F.);
#16717 = ORIENTED_EDGE('',*,*,#16718,.F.);
#16718 = EDGE_CURVE('',#16719,#16655,#16721,.T.);
#16719 = VERTEX_POINT('',#16720);
#16720 = CARTESIAN_POINT('',(-1.33226762955E-15,35.5,0.));
#16721 = CIRCLE('',#16722,2.499999839417);
#16722 = AXIS2_PLACEMENT_3D('',#16723,#16724,#16725);
#16723 = CARTESIAN_POINT('',(2.499999839417,35.500000160583,0.));
#16724 = DIRECTION('',(0.,0.,-1.));
#16725 = DIRECTION('',(-1.,-6.423314133505E-08,-0.));
#16726 = ORIENTED_EDGE('',*,*,#16727,.F.);
#16727 = EDGE_CURVE('',#16728,#16719,#16730,.T.);
#16728 = VERTEX_POINT('',#16729);
#16729 = CARTESIAN_POINT('',(-2.22044604925E-16,2.5,0.));
#16730 = LINE('',#16731,#16732);
#16731 = CARTESIAN_POINT('',(0.,2.5,0.));
#16732 = VECTOR('',#16733,1.);
#16733 = DIRECTION('',(0.,1.,0.));
#16734 = ORIENTED_EDGE('',*,*,#16735,.F.);
#16735 = EDGE_CURVE('',#16736,#16728,#16738,.T.);
#16736 = VERTEX_POINT('',#16737);
#16737 = CARTESIAN_POINT('',(2.5,-2.22044604925E-16,0.));
#16738 = CIRCLE('',#16739,2.499999839417);
#16739 = AXIS2_PLACEMENT_3D('',#16740,#16741,#16742);
#16740 = CARTESIAN_POINT('',(2.499999839417,2.499999839417,0.));
#16741 = DIRECTION('',(0.,0.,-1.));
#16742 = DIRECTION('',(6.423314417722E-08,-1.,0.));
#16743 = ORIENTED_EDGE('',*,*,#16744,.F.);
#16744 = EDGE_CURVE('',#16745,#16736,#16747,.T.);
#16745 = VERTEX_POINT('',#16746);
#16746 = CARTESIAN_POINT('',(19.5,-4.440892098501E-16,0.));
#16747 = LINE('',#16748,#16749);
#16748 = CARTESIAN_POINT('',(19.5,-0.,0.));
#16749 = VECTOR('',#16750,1.);
#16750 = DIRECTION('',(-1.,0.,0.));
#16751 = ORIENTED_EDGE('',*,*,#16752,.F.);
#16752 = EDGE_CURVE('',#16695,#16745,#16753,.T.);
#16753 = CIRCLE('',#16754,2.499999839417);
#16754 = AXIS2_PLACEMENT_3D('',#16755,#16756,#16757);
#16755 = CARTESIAN_POINT('',(19.500000160583,2.499999839417,0.));
#16756 = DIRECTION('',(0.,0.,-1.));
#16757 = DIRECTION('',(1.,6.423314293377E-08,0.));
#16758 = ORIENTED_EDGE('',*,*,#16702,.F.);
#16759 = FACE_BOUND('',#16760,.F.);
#16760 = EDGE_LOOP('',(#16761));
#16761 = ORIENTED_EDGE('',*,*,#16762,.T.);
#16762 = EDGE_CURVE('',#16763,#16763,#16765,.T.);
#16763 = VERTEX_POINT('',#16764);
#16764 = CARTESIAN_POINT('',(3.,1.4,0.));
#16765 = CIRCLE('',#16766,1.6);
#16766 = AXIS2_PLACEMENT_3D('',#16767,#16768,#16769);
#16767 = CARTESIAN_POINT('',(3.,3.,0.));
#16768 = DIRECTION('',(-0.,0.,-1.));
#16769 = DIRECTION('',(-0.,-1.,0.));
#16770 = FACE_BOUND('',#16771,.F.);
#16771 = EDGE_LOOP('',(#16772));
#16772 = ORIENTED_EDGE('',*,*,#16773,.T.);
#16773 = EDGE_CURVE('',#16774,#16774,#16776,.T.);
#16774 = VERTEX_POINT('',#16775);
#16775 = CARTESIAN_POINT('',(7.641243,9.541243,0.));
#16776 = CIRCLE('',#16777,0.6);
#16777 = AXIS2_PLACEMENT_3D('',#16778,#16779,#16780);
#16778 = CARTESIAN_POINT('',(7.641243,10.141243,0.));
#16779 = DIRECTION('',(-0.,0.,-1.));
#16780 = DIRECTION('',(-0.,-1.,0.));
#16781 = FACE_BOUND('',#16782,.F.);
#16782 = EDGE_LOOP('',(#16783));
#16783 = ORIENTED_EDGE('',*,*,#16784,.T.);
#16784 = EDGE_CURVE('',#16785,#16785,#16787,.T.);
#16785 = VERTEX_POINT('',#16786);
#16786 = CARTESIAN_POINT('',(6.25,12.9,0.));
#16787 = CIRCLE('',#16788,0.6);
#16788 = AXIS2_PLACEMENT_3D('',#16789,#16790,#16791);
#16789 = CARTESIAN_POINT('',(6.25,13.5,0.));
#16790 = DIRECTION('',(-0.,0.,-1.));
#16791 = DIRECTION('',(-0.,-1.,0.));
#16792 = FACE_BOUND('',#16793,.F.);
#16793 = EDGE_LOOP('',(#16794));
#16794 = ORIENTED_EDGE('',*,*,#16795,.T.);
#16795 = EDGE_CURVE('',#16796,#16796,#16798,.T.);
#16796 = VERTEX_POINT('',#16797);
#16797 = CARTESIAN_POINT('',(7.641243,16.258757,0.));
#16798 = CIRCLE('',#16799,0.6);
#16799 = AXIS2_PLACEMENT_3D('',#16800,#16801,#16802);
#16800 = CARTESIAN_POINT('',(7.641243,16.858757,0.));
#16801 = DIRECTION('',(-0.,0.,-1.));
#16802 = DIRECTION('',(-0.,-1.,0.));
#16803 = FACE_BOUND('',#16804,.F.);
#16804 = EDGE_LOOP('',(#16805));
#16805 = ORIENTED_EDGE('',*,*,#16806,.T.);
#16806 = EDGE_CURVE('',#16807,#16807,#16809,.T.);
#16807 = VERTEX_POINT('',#16808);
#16808 = CARTESIAN_POINT('',(14.358757,9.541243,0.));
#16809 = CIRCLE('',#16810,0.6);
#16810 = AXIS2_PLACEMENT_3D('',#16811,#16812,#16813);
#16811 = CARTESIAN_POINT('',(14.358757,10.141243,0.));
#16812 = DIRECTION('',(-0.,0.,-1.));
#16813 = DIRECTION('',(-0.,-1.,0.));
#16814 = FACE_BOUND('',#16815,.F.);
#16815 = EDGE_LOOP('',(#16816));
#16816 = ORIENTED_EDGE('',*,*,#16817,.T.);
#16817 = EDGE_CURVE('',#16818,#16818,#16820,.T.);
#16818 = VERTEX_POINT('',#16819);
#16819 = CARTESIAN_POINT('',(19.,1.4,0.));
#16820 = CIRCLE('',#16821,1.6);
#16821 = AXIS2_PLACEMENT_3D('',#16822,#16823,#16824);
#16822 = CARTESIAN_POINT('',(19.,3.,0.));
#16823 = DIRECTION('',(-0.,0.,-1.));
#16824 = DIRECTION('',(-0.,-1.,0.));
#16825 = FACE_BOUND('',#16826,.F.);
#16826 = EDGE_LOOP('',(#16827));
#16827 = ORIENTED_EDGE('',*,*,#16828,.T.);
#16828 = EDGE_CURVE('',#16829,#16829,#16831,.T.);
#16829 = VERTEX_POINT('',#16830);
#16830 = CARTESIAN_POINT('',(15.75,12.9,0.));
#16831 = CIRCLE('',#16832,0.6);
#16832 = AXIS2_PLACEMENT_3D('',#16833,#16834,#16835);
#16833 = CARTESIAN_POINT('',(15.75,13.5,0.));
#16834 = DIRECTION('',(-0.,0.,-1.));
#16835 = DIRECTION('',(-0.,-1.,0.));
#16836 = FACE_BOUND('',#16837,.F.);
#16837 = EDGE_LOOP('',(#16838));
#16838 = ORIENTED_EDGE('',*,*,#16839,.T.);
#16839 = EDGE_CURVE('',#16840,#16840,#16842,.T.);
#16840 = VERTEX_POINT('',#16841);
#16841 = CARTESIAN_POINT('',(14.358757,16.258757,0.));
#16842 = CIRCLE('',#16843,0.6);
#16843 = AXIS2_PLACEMENT_3D('',#16844,#16845,#16846);
#16844 = CARTESIAN_POINT('',(14.358757,16.858757,0.));
#16845 = DIRECTION('',(-0.,0.,-1.));
#16846 = DIRECTION('',(-0.,-1.,0.));
#16847 = FACE_BOUND('',#16848,.F.);
#16848 = EDGE_LOOP('',(#16849));
#16849 = ORIENTED_EDGE('',*,*,#16850,.T.);
#16850 = EDGE_CURVE('',#16851,#16851,#16853,.T.);
#16851 = VERTEX_POINT('',#16852);
#16852 = CARTESIAN_POINT('',(7.19,36.,0.));
#16853 = CIRCLE('',#16854,0.5);
#16854 = AXIS2_PLACEMENT_3D('',#16855,#16856,#16857);
#16855 = CARTESIAN_POINT('',(7.19,36.5,0.));
#16856 = DIRECTION('',(-0.,0.,-1.));
#16857 = DIRECTION('',(-0.,-1.,0.));
#16858 = FACE_BOUND('',#16859,.F.);
#16859 = EDGE_LOOP('',(#16860));
#16860 = ORIENTED_EDGE('',*,*,#16861,.T.);
#16861 = EDGE_CURVE('',#16862,#16862,#16864,.T.);
#16862 = VERTEX_POINT('',#16863);
#16863 = CARTESIAN_POINT('',(9.73,36.,0.));
#16864 = CIRCLE('',#16865,0.5);
#16865 = AXIS2_PLACEMENT_3D('',#16866,#16867,#16868);
#16866 = CARTESIAN_POINT('',(9.73,36.5,0.));
#16867 = DIRECTION('',(-0.,0.,-1.));
#16868 = DIRECTION('',(-0.,-1.,0.));
#16869 = FACE_BOUND('',#16870,.F.);
#16870 = EDGE_LOOP('',(#16871));
#16871 = ORIENTED_EDGE('',*,*,#16872,.T.);
#16872 = EDGE_CURVE('',#16873,#16873,#16875,.T.);
#16873 = VERTEX_POINT('',#16874);
#16874 = CARTESIAN_POINT('',(12.27,36.,0.));
#16875 = CIRCLE('',#16876,0.5);
#16876 = AXIS2_PLACEMENT_3D('',#16877,#16878,#16879);
#16877 = CARTESIAN_POINT('',(12.27,36.5,0.));
#16878 = DIRECTION('',(-0.,0.,-1.));
#16879 = DIRECTION('',(-0.,-1.,0.));
#16880 = FACE_BOUND('',#16881,.F.);
#16881 = EDGE_LOOP('',(#16882));
#16882 = ORIENTED_EDGE('',*,*,#16883,.T.);
#16883 = EDGE_CURVE('',#16884,#16884,#16886,.T.);
#16884 = VERTEX_POINT('',#16885);
#16885 = CARTESIAN_POINT('',(14.81,36.,0.));
#16886 = CIRCLE('',#16887,0.5);
#16887 = AXIS2_PLACEMENT_3D('',#16888,#16889,#16890);
#16888 = CARTESIAN_POINT('',(14.81,36.5,0.));
#16889 = DIRECTION('',(-0.,0.,-1.));
#16890 = DIRECTION('',(-0.,-1.,0.));
#16891 = PLANE('',#16892);
#16892 = AXIS2_PLACEMENT_3D('',#16893,#16894,#16895);
#16893 = CARTESIAN_POINT('',(0.,0.,0.));
#16894 = DIRECTION('',(0.,0.,1.));
#16895 = DIRECTION('',(1.,0.,-0.));
#16896 = ADVANCED_FACE('',(#16897,#16943,#16954,#16965,#16976,#16987,
    #16998,#17009,#17020,#17031,#17042,#17053,#17064),#17075,.T.);
#16897 = FACE_BOUND('',#16898,.T.);
#16898 = EDGE_LOOP('',(#16899,#16900,#16901,#16910,#16918,#16927,#16935,
    #16942));
#16899 = ORIENTED_EDGE('',*,*,#16622,.F.);
#16900 = ORIENTED_EDGE('',*,*,#16664,.F.);
#16901 = ORIENTED_EDGE('',*,*,#16902,.F.);
#16902 = EDGE_CURVE('',#16903,#16657,#16905,.T.);
#16903 = VERTEX_POINT('',#16904);
#16904 = CARTESIAN_POINT('',(-1.33226762955E-15,35.5,2.63));
#16905 = CIRCLE('',#16906,2.499999839417);
#16906 = AXIS2_PLACEMENT_3D('',#16907,#16908,#16909);
#16907 = CARTESIAN_POINT('',(2.499999839417,35.500000160583,2.63));
#16908 = DIRECTION('',(0.,0.,-1.));
#16909 = DIRECTION('',(-1.,-6.423314133505E-08,-0.));
#16910 = ORIENTED_EDGE('',*,*,#16911,.F.);
#16911 = EDGE_CURVE('',#16912,#16903,#16914,.T.);
#16912 = VERTEX_POINT('',#16913);
#16913 = CARTESIAN_POINT('',(-2.22044604925E-16,2.5,2.63));
#16914 = LINE('',#16915,#16916);
#16915 = CARTESIAN_POINT('',(0.,2.5,2.63));
#16916 = VECTOR('',#16917,1.);
#16917 = DIRECTION('',(0.,1.,0.));
#16918 = ORIENTED_EDGE('',*,*,#16919,.F.);
#16919 = EDGE_CURVE('',#16920,#16912,#16922,.T.);
#16920 = VERTEX_POINT('',#16921);
#16921 = CARTESIAN_POINT('',(2.5,-2.22044604925E-16,2.63));
#16922 = CIRCLE('',#16923,2.499999839417);
#16923 = AXIS2_PLACEMENT_3D('',#16924,#16925,#16926);
#16924 = CARTESIAN_POINT('',(2.499999839417,2.499999839417,2.63));
#16925 = DIRECTION('',(0.,0.,-1.));
#16926 = DIRECTION('',(6.423314417722E-08,-1.,0.));
#16927 = ORIENTED_EDGE('',*,*,#16928,.F.);
#16928 = EDGE_CURVE('',#16929,#16920,#16931,.T.);
#16929 = VERTEX_POINT('',#16930);
#16930 = CARTESIAN_POINT('',(19.5,-4.440892098501E-16,2.63));
#16931 = LINE('',#16932,#16933);
#16932 = CARTESIAN_POINT('',(19.5,0.,2.63));
#16933 = VECTOR('',#16934,1.);
#16934 = DIRECTION('',(-1.,0.,0.));
#16935 = ORIENTED_EDGE('',*,*,#16936,.F.);
#16936 = EDGE_CURVE('',#16687,#16929,#16937,.T.);
#16937 = CIRCLE('',#16938,2.499999839417);
#16938 = AXIS2_PLACEMENT_3D('',#16939,#16940,#16941);
#16939 = CARTESIAN_POINT('',(19.500000160583,2.499999839417,2.63));
#16940 = DIRECTION('',(0.,0.,-1.));
#16941 = DIRECTION('',(1.,6.423314293377E-08,0.));
#16942 = ORIENTED_EDGE('',*,*,#16686,.F.);
#16943 = FACE_BOUND('',#16944,.T.);
#16944 = EDGE_LOOP('',(#16945));
#16945 = ORIENTED_EDGE('',*,*,#16946,.T.);
#16946 = EDGE_CURVE('',#16947,#16947,#16949,.T.);
#16947 = VERTEX_POINT('',#16948);
#16948 = CARTESIAN_POINT('',(3.,1.4,2.63));
#16949 = CIRCLE('',#16950,1.6);
#16950 = AXIS2_PLACEMENT_3D('',#16951,#16952,#16953);
#16951 = CARTESIAN_POINT('',(3.,3.,2.63));
#16952 = DIRECTION('',(-0.,0.,-1.));
#16953 = DIRECTION('',(-0.,-1.,0.));
#16954 = FACE_BOUND('',#16955,.T.);
#16955 = EDGE_LOOP('',(#16956));
#16956 = ORIENTED_EDGE('',*,*,#16957,.T.);
#16957 = EDGE_CURVE('',#16958,#16958,#16960,.T.);
#16958 = VERTEX_POINT('',#16959);
#16959 = CARTESIAN_POINT('',(7.641243,9.541243,2.63));
#16960 = CIRCLE('',#16961,0.6);
#16961 = AXIS2_PLACEMENT_3D('',#16962,#16963,#16964);
#16962 = CARTESIAN_POINT('',(7.641243,10.141243,2.63));
#16963 = DIRECTION('',(-0.,0.,-1.));
#16964 = DIRECTION('',(-0.,-1.,0.));
#16965 = FACE_BOUND('',#16966,.T.);
#16966 = EDGE_LOOP('',(#16967));
#16967 = ORIENTED_EDGE('',*,*,#16968,.T.);
#16968 = EDGE_CURVE('',#16969,#16969,#16971,.T.);
#16969 = VERTEX_POINT('',#16970);
#16970 = CARTESIAN_POINT('',(6.25,12.9,2.63));
#16971 = CIRCLE('',#16972,0.6);
#16972 = AXIS2_PLACEMENT_3D('',#16973,#16974,#16975);
#16973 = CARTESIAN_POINT('',(6.25,13.5,2.63));
#16974 = DIRECTION('',(-0.,0.,-1.));
#16975 = DIRECTION('',(-0.,-1.,0.));
#16976 = FACE_BOUND('',#16977,.T.);
#16977 = EDGE_LOOP('',(#16978));
#16978 = ORIENTED_EDGE('',*,*,#16979,.T.);
#16979 = EDGE_CURVE('',#16980,#16980,#16982,.T.);
#16980 = VERTEX_POINT('',#16981);
#16981 = CARTESIAN_POINT('',(7.641243,16.258757,2.63));
#16982 = CIRCLE('',#16983,0.6);
#16983 = AXIS2_PLACEMENT_3D('',#16984,#16985,#16986);
#16984 = CARTESIAN_POINT('',(7.641243,16.858757,2.63));
#16985 = DIRECTION('',(-0.,0.,-1.));
#16986 = DIRECTION('',(-0.,-1.,0.));
#16987 = FACE_BOUND('',#16988,.T.);
#16988 = EDGE_LOOP('',(#16989));
#16989 = ORIENTED_EDGE('',*,*,#16990,.T.);
#16990 = EDGE_CURVE('',#16991,#16991,#16993,.T.);
#16991 = VERTEX_POINT('',#16992);
#16992 = CARTESIAN_POINT('',(14.358757,9.541243,2.63));
#16993 = CIRCLE('',#16994,0.6);
#16994 = AXIS2_PLACEMENT_3D('',#16995,#16996,#16997);
#16995 = CARTESIAN_POINT('',(14.358757,10.141243,2.63));
#16996 = DIRECTION('',(-0.,0.,-1.));
#16997 = DIRECTION('',(-0.,-1.,0.));
#16998 = FACE_BOUND('',#16999,.T.);
#16999 = EDGE_LOOP('',(#17000));
#17000 = ORIENTED_EDGE('',*,*,#17001,.T.);
#17001 = EDGE_CURVE('',#17002,#17002,#17004,.T.);
#17002 = VERTEX_POINT('',#17003);
#17003 = CARTESIAN_POINT('',(19.,1.4,2.63));
#17004 = CIRCLE('',#17005,1.6);
#17005 = AXIS2_PLACEMENT_3D('',#17006,#17007,#17008);
#17006 = CARTESIAN_POINT('',(19.,3.,2.63));
#17007 = DIRECTION('',(-0.,0.,-1.));
#17008 = DIRECTION('',(-0.,-1.,0.));
#17009 = FACE_BOUND('',#17010,.T.);
#17010 = EDGE_LOOP('',(#17011));
#17011 = ORIENTED_EDGE('',*,*,#17012,.T.);
#17012 = EDGE_CURVE('',#17013,#17013,#17015,.T.);
#17013 = VERTEX_POINT('',#17014);
#17014 = CARTESIAN_POINT('',(15.75,12.9,2.63));
#17015 = CIRCLE('',#17016,0.6);
#17016 = AXIS2_PLACEMENT_3D('',#17017,#17018,#17019);
#17017 = CARTESIAN_POINT('',(15.75,13.5,2.63));
#17018 = DIRECTION('',(-0.,0.,-1.));
#17019 = DIRECTION('',(-0.,-1.,0.));
#17020 = FACE_BOUND('',#17021,.T.);
#17021 = EDGE_LOOP('',(#17022));
#17022 = ORIENTED_EDGE('',*,*,#17023,.T.);
#17023 = EDGE_CURVE('',#17024,#17024,#17026,.T.);
#17024 = VERTEX_POINT('',#17025);
#17025 = CARTESIAN_POINT('',(14.358757,16.258757,2.63));
#17026 = CIRCLE('',#17027,0.6);
#17027 = AXIS2_PLACEMENT_3D('',#17028,#17029,#17030);
#17028 = CARTESIAN_POINT('',(14.358757,16.858757,2.63));
#17029 = DIRECTION('',(-0.,0.,-1.));
#17030 = DIRECTION('',(-0.,-1.,0.));
#17031 = FACE_BOUND('',#17032,.T.);
#17032 = EDGE_LOOP('',(#17033));
#17033 = ORIENTED_EDGE('',*,*,#17034,.T.);
#17034 = EDGE_CURVE('',#17035,#17035,#17037,.T.);
#17035 = VERTEX_POINT('',#17036);
#17036 = CARTESIAN_POINT('',(7.19,36.,2.63));
#17037 = CIRCLE('',#17038,0.5);
#17038 = AXIS2_PLACEMENT_3D('',#17039,#17040,#17041);
#17039 = CARTESIAN_POINT('',(7.19,36.5,2.63));
#17040 = DIRECTION('',(-0.,0.,-1.));
#17041 = DIRECTION('',(-0.,-1.,0.));
#17042 = FACE_BOUND('',#17043,.T.);
#17043 = EDGE_LOOP('',(#17044));
#17044 = ORIENTED_EDGE('',*,*,#17045,.T.);
#17045 = EDGE_CURVE('',#17046,#17046,#17048,.T.);
#17046 = VERTEX_POINT('',#17047);
#17047 = CARTESIAN_POINT('',(9.73,36.,2.63));
#17048 = CIRCLE('',#17049,0.5);
#17049 = AXIS2_PLACEMENT_3D('',#17050,#17051,#17052);
#17050 = CARTESIAN_POINT('',(9.73,36.5,2.63));
#17051 = DIRECTION('',(-0.,0.,-1.));
#17052 = DIRECTION('',(-0.,-1.,0.));
#17053 = FACE_BOUND('',#17054,.T.);
#17054 = EDGE_LOOP('',(#17055));
#17055 = ORIENTED_EDGE('',*,*,#17056,.T.);
#17056 = EDGE_CURVE('',#17057,#17057,#17059,.T.);
#17057 = VERTEX_POINT('',#17058);
#17058 = CARTESIAN_POINT('',(12.27,36.,2.63));
#17059 = CIRCLE('',#17060,0.5);
#17060 = AXIS2_PLACEMENT_3D('',#17061,#17062,#17063);
#17061 = CARTESIAN_POINT('',(12.27,36.5,2.63));
#17062 = DIRECTION('',(-0.,0.,-1.));
#17063 = DIRECTION('',(-0.,-1.,0.));
#17064 = FACE_BOUND('',#17065,.T.);
#17065 = EDGE_LOOP('',(#17066));
#17066 = ORIENTED_EDGE('',*,*,#17067,.T.);
#17067 = EDGE_CURVE('',#17068,#17068,#17070,.T.);
#17068 = VERTEX_POINT('',#17069);
#17069 = CARTESIAN_POINT('',(14.81,36.,2.63));
#17070 = CIRCLE('',#17071,0.5);
#17071 = AXIS2_PLACEMENT_3D('',#17072,#17073,#17074);
#17072 = CARTESIAN_POINT('',(14.81,36.5,2.63));
#17073 = DIRECTION('',(-0.,0.,-1.));
#17074 = DIRECTION('',(-0.,-1.,0.));
#17075 = PLANE('',#17076);
#17076 = AXIS2_PLACEMENT_3D('',#17077,#17078,#17079);
#17077 = CARTESIAN_POINT('',(0.,0.,2.63));
#17078 = DIRECTION('',(0.,0.,1.));
#17079 = DIRECTION('',(1.,0.,-0.));
#17080 = ADVANCED_FACE('',(#17081),#17092,.T.);
#17081 = FACE_BOUND('',#17082,.T.);
#17082 = EDGE_LOOP('',(#17083,#17089,#17090,#17091));
#17083 = ORIENTED_EDGE('',*,*,#17084,.T.);
#17084 = EDGE_CURVE('',#16719,#16903,#17085,.T.);
#17085 = LINE('',#17086,#17087);
#17086 = CARTESIAN_POINT('',(-1.33226762955E-15,35.5,0.));
#17087 = VECTOR('',#17088,1.);
#17088 = DIRECTION('',(0.,0.,1.));
#17089 = ORIENTED_EDGE('',*,*,#16902,.T.);
#17090 = ORIENTED_EDGE('',*,*,#16654,.F.);
#17091 = ORIENTED_EDGE('',*,*,#16718,.F.);
#17092 = CYLINDRICAL_SURFACE('',#17093,2.499999839417);
#17093 = AXIS2_PLACEMENT_3D('',#17094,#17095,#17096);
#17094 = CARTESIAN_POINT('',(2.499999839417,35.500000160583,0.));
#17095 = DIRECTION('',(0.,0.,-1.));
#17096 = DIRECTION('',(-1.,-6.423314133505E-08,-0.));
#17097 = ADVANCED_FACE('',(#17098),#17109,.T.);
#17098 = FACE_BOUND('',#17099,.T.);
#17099 = EDGE_LOOP('',(#17100,#17101,#17102,#17108));
#17100 = ORIENTED_EDGE('',*,*,#16694,.T.);
#17101 = ORIENTED_EDGE('',*,*,#16936,.T.);
#17102 = ORIENTED_EDGE('',*,*,#17103,.F.);
#17103 = EDGE_CURVE('',#16745,#16929,#17104,.T.);
#17104 = LINE('',#17105,#17106);
#17105 = CARTESIAN_POINT('',(19.5,-4.440892098501E-16,0.));
#17106 = VECTOR('',#17107,1.);
#17107 = DIRECTION('',(0.,0.,1.));
#17108 = ORIENTED_EDGE('',*,*,#16752,.F.);
#17109 = CYLINDRICAL_SURFACE('',#17110,2.499999839417);
#17110 = AXIS2_PLACEMENT_3D('',#17111,#17112,#17113);
#17111 = CARTESIAN_POINT('',(19.500000160583,2.499999839417,0.));
#17112 = DIRECTION('',(0.,0.,-1.));
#17113 = DIRECTION('',(1.,6.423314293377E-08,0.));
#17114 = ADVANCED_FACE('',(#17115),#17126,.T.);
#17115 = FACE_BOUND('',#17116,.T.);
#17116 = EDGE_LOOP('',(#17117,#17123,#17124,#17125));
#17117 = ORIENTED_EDGE('',*,*,#17118,.T.);
#17118 = EDGE_CURVE('',#16728,#16912,#17119,.T.);
#17119 = LINE('',#17120,#17121);
#17120 = CARTESIAN_POINT('',(-2.22044604925E-16,2.5,0.));
#17121 = VECTOR('',#17122,1.);
#17122 = DIRECTION('',(0.,0.,1.));
#17123 = ORIENTED_EDGE('',*,*,#16911,.T.);
#17124 = ORIENTED_EDGE('',*,*,#17084,.F.);
#17125 = ORIENTED_EDGE('',*,*,#16727,.F.);
#17126 = PLANE('',#17127);
#17127 = AXIS2_PLACEMENT_3D('',#17128,#17129,#17130);
#17128 = CARTESIAN_POINT('',(0.,2.5,0.));
#17129 = DIRECTION('',(-1.,0.,0.));
#17130 = DIRECTION('',(0.,1.,0.));
#17131 = ADVANCED_FACE('',(#17132),#17143,.T.);
#17132 = FACE_BOUND('',#17133,.T.);
#17133 = EDGE_LOOP('',(#17134,#17135,#17136,#17142));
#17134 = ORIENTED_EDGE('',*,*,#17103,.T.);
#17135 = ORIENTED_EDGE('',*,*,#16928,.T.);
#17136 = ORIENTED_EDGE('',*,*,#17137,.F.);
#17137 = EDGE_CURVE('',#16736,#16920,#17138,.T.);
#17138 = LINE('',#17139,#17140);
#17139 = CARTESIAN_POINT('',(2.5,-2.22044604925E-16,0.));
#17140 = VECTOR('',#17141,1.);
#17141 = DIRECTION('',(0.,0.,1.));
#17142 = ORIENTED_EDGE('',*,*,#16744,.F.);
#17143 = PLANE('',#17144);
#17144 = AXIS2_PLACEMENT_3D('',#17145,#17146,#17147);
#17145 = CARTESIAN_POINT('',(19.5,0.,0.));
#17146 = DIRECTION('',(0.,-1.,0.));
#17147 = DIRECTION('',(-1.,0.,0.));
#17148 = ADVANCED_FACE('',(#17149),#17155,.T.);
#17149 = FACE_BOUND('',#17150,.T.);
#17150 = EDGE_LOOP('',(#17151,#17152,#17153,#17154));
#17151 = ORIENTED_EDGE('',*,*,#17137,.T.);
#17152 = ORIENTED_EDGE('',*,*,#16919,.T.);
#17153 = ORIENTED_EDGE('',*,*,#17118,.F.);
#17154 = ORIENTED_EDGE('',*,*,#16735,.F.);
#17155 = CYLINDRICAL_SURFACE('',#17156,2.499999839417);
#17156 = AXIS2_PLACEMENT_3D('',#17157,#17158,#17159);
#17157 = CARTESIAN_POINT('',(2.499999839417,2.499999839417,0.));
#17158 = DIRECTION('',(0.,0.,-1.));
#17159 = DIRECTION('',(6.423314417722E-08,-1.,0.));
#17160 = ADVANCED_FACE('',(#17161),#17172,.F.);
#17161 = FACE_BOUND('',#17162,.T.);
#17162 = EDGE_LOOP('',(#17163,#17164,#17170,#17171));
#17163 = ORIENTED_EDGE('',*,*,#16762,.T.);
#17164 = ORIENTED_EDGE('',*,*,#17165,.T.);
#17165 = EDGE_CURVE('',#16763,#16947,#17166,.T.);
#17166 = LINE('',#17167,#17168);
#17167 = CARTESIAN_POINT('',(3.,1.4,-4.5E-02));
#17168 = VECTOR('',#17169,1.);
#17169 = DIRECTION('',(0.,0.,1.));
#17170 = ORIENTED_EDGE('',*,*,#16946,.F.);
#17171 = ORIENTED_EDGE('',*,*,#17165,.F.);
#17172 = CYLINDRICAL_SURFACE('',#17173,1.6);
#17173 = AXIS2_PLACEMENT_3D('',#17174,#17175,#17176);
#17174 = CARTESIAN_POINT('',(3.,3.,-4.5E-02));
#17175 = DIRECTION('',(-0.,-0.,-1.));
#17176 = DIRECTION('',(-0.,-1.,0.));
#17177 = ADVANCED_FACE('',(#17178),#17189,.F.);
#17178 = FACE_BOUND('',#17179,.T.);
#17179 = EDGE_LOOP('',(#17180,#17181,#17187,#17188));
#17180 = ORIENTED_EDGE('',*,*,#16773,.T.);
#17181 = ORIENTED_EDGE('',*,*,#17182,.T.);
#17182 = EDGE_CURVE('',#16774,#16958,#17183,.T.);
#17183 = LINE('',#17184,#17185);
#17184 = CARTESIAN_POINT('',(7.641243,9.541243,-4.5E-02));
#17185 = VECTOR('',#17186,1.);
#17186 = DIRECTION('',(0.,0.,1.));
#17187 = ORIENTED_EDGE('',*,*,#16957,.F.);
#17188 = ORIENTED_EDGE('',*,*,#17182,.F.);
#17189 = CYLINDRICAL_SURFACE('',#17190,0.6);
#17190 = AXIS2_PLACEMENT_3D('',#17191,#17192,#17193);
#17191 = CARTESIAN_POINT('',(7.641243,10.141243,-4.5E-02));
#17192 = DIRECTION('',(-0.,-0.,-1.));
#17193 = DIRECTION('',(-0.,-1.,0.));
#17194 = ADVANCED_FACE('',(#17195),#17206,.F.);
#17195 = FACE_BOUND('',#17196,.T.);
#17196 = EDGE_LOOP('',(#17197,#17198,#17204,#17205));
#17197 = ORIENTED_EDGE('',*,*,#16784,.T.);
#17198 = ORIENTED_EDGE('',*,*,#17199,.T.);
#17199 = EDGE_CURVE('',#16785,#16969,#17200,.T.);
#17200 = LINE('',#17201,#17202);
#17201 = CARTESIAN_POINT('',(6.25,12.9,-4.5E-02));
#17202 = VECTOR('',#17203,1.);
#17203 = DIRECTION('',(0.,0.,1.));
#17204 = ORIENTED_EDGE('',*,*,#16968,.F.);
#17205 = ORIENTED_EDGE('',*,*,#17199,.F.);
#17206 = CYLINDRICAL_SURFACE('',#17207,0.6);
#17207 = AXIS2_PLACEMENT_3D('',#17208,#17209,#17210);
#17208 = CARTESIAN_POINT('',(6.25,13.5,-4.5E-02));
#17209 = DIRECTION('',(-0.,-0.,-1.));
#17210 = DIRECTION('',(-0.,-1.,0.));
#17211 = ADVANCED_FACE('',(#17212),#17223,.F.);
#17212 = FACE_BOUND('',#17213,.T.);
#17213 = EDGE_LOOP('',(#17214,#17215,#17221,#17222));
#17214 = ORIENTED_EDGE('',*,*,#16795,.T.);
#17215 = ORIENTED_EDGE('',*,*,#17216,.T.);
#17216 = EDGE_CURVE('',#16796,#16980,#17217,.T.);
#17217 = LINE('',#17218,#17219);
#17218 = CARTESIAN_POINT('',(7.641243,16.258757,-4.5E-02));
#17219 = VECTOR('',#17220,1.);
#17220 = DIRECTION('',(0.,0.,1.));
#17221 = ORIENTED_EDGE('',*,*,#16979,.F.);
#17222 = ORIENTED_EDGE('',*,*,#17216,.F.);
#17223 = CYLINDRICAL_SURFACE('',#17224,0.6);
#17224 = AXIS2_PLACEMENT_3D('',#17225,#17226,#17227);
#17225 = CARTESIAN_POINT('',(7.641243,16.858757,-4.5E-02));
#17226 = DIRECTION('',(-0.,-0.,-1.));
#17227 = DIRECTION('',(-0.,-1.,0.));
#17228 = ADVANCED_FACE('',(#17229),#17240,.F.);
#17229 = FACE_BOUND('',#17230,.T.);
#17230 = EDGE_LOOP('',(#17231,#17232,#17238,#17239));
#17231 = ORIENTED_EDGE('',*,*,#16806,.T.);
#17232 = ORIENTED_EDGE('',*,*,#17233,.T.);
#17233 = EDGE_CURVE('',#16807,#16991,#17234,.T.);
#17234 = LINE('',#17235,#17236);
#17235 = CARTESIAN_POINT('',(14.358757,9.541243,-4.5E-02));
#17236 = VECTOR('',#17237,1.);
#17237 = DIRECTION('',(0.,0.,1.));
#17238 = ORIENTED_EDGE('',*,*,#16990,.F.);
#17239 = ORIENTED_EDGE('',*,*,#17233,.F.);
#17240 = CYLINDRICAL_SURFACE('',#17241,0.6);
#17241 = AXIS2_PLACEMENT_3D('',#17242,#17243,#17244);
#17242 = CARTESIAN_POINT('',(14.358757,10.141243,-4.5E-02));
#17243 = DIRECTION('',(-0.,-0.,-1.));
#17244 = DIRECTION('',(-0.,-1.,0.));
#17245 = ADVANCED_FACE('',(#17246),#17257,.F.);
#17246 = FACE_BOUND('',#17247,.T.);
#17247 = EDGE_LOOP('',(#17248,#17249,#17255,#17256));
#17248 = ORIENTED_EDGE('',*,*,#16817,.T.);
#17249 = ORIENTED_EDGE('',*,*,#17250,.T.);
#17250 = EDGE_CURVE('',#16818,#17002,#17251,.T.);
#17251 = LINE('',#17252,#17253);
#17252 = CARTESIAN_POINT('',(19.,1.4,-4.5E-02));
#17253 = VECTOR('',#17254,1.);
#17254 = DIRECTION('',(0.,0.,1.));
#17255 = ORIENTED_EDGE('',*,*,#17001,.F.);
#17256 = ORIENTED_EDGE('',*,*,#17250,.F.);
#17257 = CYLINDRICAL_SURFACE('',#17258,1.6);
#17258 = AXIS2_PLACEMENT_3D('',#17259,#17260,#17261);
#17259 = CARTESIAN_POINT('',(19.,3.,-4.5E-02));
#17260 = DIRECTION('',(-0.,-0.,-1.));
#17261 = DIRECTION('',(-0.,-1.,0.));
#17262 = ADVANCED_FACE('',(#17263),#17274,.F.);
#17263 = FACE_BOUND('',#17264,.T.);
#17264 = EDGE_LOOP('',(#17265,#17266,#17272,#17273));
#17265 = ORIENTED_EDGE('',*,*,#16828,.T.);
#17266 = ORIENTED_EDGE('',*,*,#17267,.T.);
#17267 = EDGE_CURVE('',#16829,#17013,#17268,.T.);
#17268 = LINE('',#17269,#17270);
#17269 = CARTESIAN_POINT('',(15.75,12.9,-4.5E-02));
#17270 = VECTOR('',#17271,1.);
#17271 = DIRECTION('',(0.,0.,1.));
#17272 = ORIENTED_EDGE('',*,*,#17012,.F.);
#17273 = ORIENTED_EDGE('',*,*,#17267,.F.);
#17274 = CYLINDRICAL_SURFACE('',#17275,0.6);
#17275 = AXIS2_PLACEMENT_3D('',#17276,#17277,#17278);
#17276 = CARTESIAN_POINT('',(15.75,13.5,-4.5E-02));
#17277 = DIRECTION('',(-0.,-0.,-1.));
#17278 = DIRECTION('',(-0.,-1.,0.));
#17279 = ADVANCED_FACE('',(#17280),#17291,.F.);
#17280 = FACE_BOUND('',#17281,.T.);
#17281 = EDGE_LOOP('',(#17282,#17283,#17289,#17290));
#17282 = ORIENTED_EDGE('',*,*,#16839,.T.);
#17283 = ORIENTED_EDGE('',*,*,#17284,.T.);
#17284 = EDGE_CURVE('',#16840,#17024,#17285,.T.);
#17285 = LINE('',#17286,#17287);
#17286 = CARTESIAN_POINT('',(14.358757,16.258757,-4.5E-02));
#17287 = VECTOR('',#17288,1.);
#17288 = DIRECTION('',(0.,0.,1.));
#17289 = ORIENTED_EDGE('',*,*,#17023,.F.);
#17290 = ORIENTED_EDGE('',*,*,#17284,.F.);
#17291 = CYLINDRICAL_SURFACE('',#17292,0.6);
#17292 = AXIS2_PLACEMENT_3D('',#17293,#17294,#17295);
#17293 = CARTESIAN_POINT('',(14.358757,16.858757,-4.5E-02));
#17294 = DIRECTION('',(-0.,-0.,-1.));
#17295 = DIRECTION('',(-0.,-1.,0.));
#17296 = ADVANCED_FACE('',(#17297),#17308,.F.);
#17297 = FACE_BOUND('',#17298,.T.);
#17298 = EDGE_LOOP('',(#17299,#17300,#17306,#17307));
#17299 = ORIENTED_EDGE('',*,*,#16850,.T.);
#17300 = ORIENTED_EDGE('',*,*,#17301,.T.);
#17301 = EDGE_CURVE('',#16851,#17035,#17302,.T.);
#17302 = LINE('',#17303,#17304);
#17303 = CARTESIAN_POINT('',(7.19,36.,-4.5E-02));
#17304 = VECTOR('',#17305,1.);
#17305 = DIRECTION('',(0.,0.,1.));
#17306 = ORIENTED_EDGE('',*,*,#17034,.F.);
#17307 = ORIENTED_EDGE('',*,*,#17301,.F.);
#17308 = CYLINDRICAL_SURFACE('',#17309,0.5);
#17309 = AXIS2_PLACEMENT_3D('',#17310,#17311,#17312);
#17310 = CARTESIAN_POINT('',(7.19,36.5,-4.5E-02));
#17311 = DIRECTION('',(-0.,-0.,-1.));
#17312 = DIRECTION('',(-0.,-1.,0.));
#17313 = ADVANCED_FACE('',(#17314),#17325,.F.);
#17314 = FACE_BOUND('',#17315,.T.);
#17315 = EDGE_LOOP('',(#17316,#17317,#17323,#17324));
#17316 = ORIENTED_EDGE('',*,*,#16861,.T.);
#17317 = ORIENTED_EDGE('',*,*,#17318,.T.);
#17318 = EDGE_CURVE('',#16862,#17046,#17319,.T.);
#17319 = LINE('',#17320,#17321);
#17320 = CARTESIAN_POINT('',(9.73,36.,-4.5E-02));
#17321 = VECTOR('',#17322,1.);
#17322 = DIRECTION('',(0.,0.,1.));
#17323 = ORIENTED_EDGE('',*,*,#17045,.F.);
#17324 = ORIENTED_EDGE('',*,*,#17318,.F.);
#17325 = CYLINDRICAL_SURFACE('',#17326,0.5);
#17326 = AXIS2_PLACEMENT_3D('',#17327,#17328,#17329);
#17327 = CARTESIAN_POINT('',(9.73,36.5,-4.5E-02));
#17328 = DIRECTION('',(-0.,-0.,-1.));
#17329 = DIRECTION('',(-0.,-1.,0.));
#17330 = ADVANCED_FACE('',(#17331),#17342,.F.);
#17331 = FACE_BOUND('',#17332,.T.);
#17332 = EDGE_LOOP('',(#17333,#17334,#17340,#17341));
#17333 = ORIENTED_EDGE('',*,*,#16872,.T.);
#17334 = ORIENTED_EDGE('',*,*,#17335,.T.);
#17335 = EDGE_CURVE('',#16873,#17057,#17336,.T.);
#17336 = LINE('',#17337,#17338);
#17337 = CARTESIAN_POINT('',(12.27,36.,-4.5E-02));
#17338 = VECTOR('',#17339,1.);
#17339 = DIRECTION('',(0.,0.,1.));
#17340 = ORIENTED_EDGE('',*,*,#17056,.F.);
#17341 = ORIENTED_EDGE('',*,*,#17335,.F.);
#17342 = CYLINDRICAL_SURFACE('',#17343,0.5);
#17343 = AXIS2_PLACEMENT_3D('',#17344,#17345,#17346);
#17344 = CARTESIAN_POINT('',(12.27,36.5,-4.5E-02));
#17345 = DIRECTION('',(-0.,-0.,-1.));
#17346 = DIRECTION('',(-0.,-1.,0.));
#17347 = ADVANCED_FACE('',(#17348),#17359,.F.);
#17348 = FACE_BOUND('',#17349,.T.);
#17349 = EDGE_LOOP('',(#17350,#17351,#17357,#17358));
#17350 = ORIENTED_EDGE('',*,*,#16883,.T.);
#17351 = ORIENTED_EDGE('',*,*,#17352,.T.);
#17352 = EDGE_CURVE('',#16884,#17068,#17353,.T.);
#17353 = LINE('',#17354,#17355);
#17354 = CARTESIAN_POINT('',(14.81,36.,-4.5E-02));
#17355 = VECTOR('',#17356,1.);
#17356 = DIRECTION('',(0.,0.,1.));
#17357 = ORIENTED_EDGE('',*,*,#17067,.F.);
#17358 = ORIENTED_EDGE('',*,*,#17352,.F.);
#17359 = CYLINDRICAL_SURFACE('',#17360,0.5);
#17360 = AXIS2_PLACEMENT_3D('',#17361,#17362,#17363);
#17361 = CARTESIAN_POINT('',(14.81,36.5,-4.5E-02));
#17362 = DIRECTION('',(-0.,-0.,-1.));
#17363 = DIRECTION('',(-0.,-1.,0.));
#17364 = ( GEOMETRIC_REPRESENTATION_CONTEXT(3) 
GLOBAL_UNCERTAINTY_ASSIGNED_CONTEXT((#17368)) 
GLOBAL_UNIT_ASSIGNED_CONTEXT((#17365,#17366,#17367)) 
REPRESENTATION_CONTEXT('Context #1',
  '3D Context with UNIT and UNCERTAINTY') );
#17365 = ( LENGTH_UNIT() NAMED_UNIT(*) SI_UNIT(.MILLI.,.METRE.) );
#17366 = ( NAMED_UNIT(*) PLANE_ANGLE_UNIT() SI_UNIT($,.RADIAN.) );
#17367 = ( NAMED_UNIT(*) SI_UNIT($,.STERADIAN.) SOLID_ANGLE_UNIT() );
#17368 = UNCERTAINTY_MEASURE_WITH_UNIT(LENGTH_MEASURE(1.E-07),#17365,
  'distance_accuracy_value','confusion accuracy');
#17369 = CONTEXT_DEPENDENT_SHAPE_REPRESENTATION(#17370,#17372);
#17370 = ( REPRESENTATION_RELATIONSHIP('','',#16605,#10) 
REPRESENTATION_RELATIONSHIP_WITH_TRANSFORMATION(#17371) 
SHAPE_REPRESENTATION_RELATIONSHIP() );
#17371 = ITEM_DEFINED_TRANSFORMATION('','',#11,#51);
#17372 = PRODUCT_DEFINITION_SHAPE('Placement','Placement of an item',
  #17373);
#17373 = NEXT_ASSEMBLY_USAGE_OCCURRENCE('17','=>[0:1:1:16]','',#5,#16600
  ,$);
#17374 = PRODUCT_RELATED_PRODUCT_CATEGORY('part',$,(#16602));
#17375 = MECHANICAL_DESIGN_GEOMETRIC_PRESENTATION_REPRESENTATION('',(
    #17376,#17386,#17394,#17401,#17408,#17415,#17422,#17429,#17436,
    #17443,#17450,#17457,#17464,#17471,#17478,#17485,#17492,#17499,
    #17506,#17513,#17520,#17527,#17534,#17541,#17548,#17555,#17562,
    #17569,#17576,#17583,#17590,#17597,#17604,#17611,#17618,#17625,
    #17632,#17639,#17646,#17653,#17660,#17667,#17674,#17681,#17688,
    #17695,#17702,#17709,#17716,#17723,#17730,#17737,#17744,#17751,
    #17758,#17765,#17772,#17779,#17786,#17793,#17800,#17807,#17814,
    #17821,#17828,#17835,#17842,#17849,#17856,#17863,#17870,#17877,
    #17884,#17891,#17898,#17905,#17912,#17919,#17926,#17933,#17940,
    #17947,#17954,#17961,#17968,#17975,#17982,#17989,#17996),#16587);
#17376 = STYLED_ITEM('color',(#17377),#13348);
#17377 = PRESENTATION_STYLE_ASSIGNMENT((#17378,#17384));
#17378 = SURFACE_STYLE_USAGE(.BOTH.,#17379);
#17379 = SURFACE_SIDE_STYLE('',(#17380));
#17380 = SURFACE_STYLE_FILL_AREA(#17381);
#17381 = FILL_AREA_STYLE('',(#17382));
#17382 = FILL_AREA_STYLE_COLOUR('',#17383);
#17383 = COLOUR_RGB('',0.101960784187,0.101960784187,0.101960784187);
#17384 = CURVE_STYLE('',#17385,POSITIVE_LENGTH_MEASURE(0.1),#17383);
#17385 = DRAUGHTING_PRE_DEFINED_CURVE_FONT('continuous');
#17386 = OVER_RIDING_STYLED_ITEM('overriding color',(#17387),#14075,
  #17376);
#17387 = PRESENTATION_STYLE_ASSIGNMENT((#17388));
#17388 = SURFACE_STYLE_USAGE(.BOTH.,#17389);
#17389 = SURFACE_SIDE_STYLE('',(#17390));
#17390 = SURFACE_STYLE_FILL_AREA(#17391);
#17391 = FILL_AREA_STYLE('',(#17392));
#17392 = FILL_AREA_STYLE_COLOUR('',#17393);
#17393 = COLOUR_RGB('',0.800000010877,0.807843143701,0.800000010877);
#17394 = OVER_RIDING_STYLED_ITEM('overriding color',(#17395),#14158,
  #17376);
#17395 = PRESENTATION_STYLE_ASSIGNMENT((#17396));
#17396 = SURFACE_STYLE_USAGE(.BOTH.,#17397);
#17397 = SURFACE_SIDE_STYLE('',(#17398));
#17398 = SURFACE_STYLE_FILL_AREA(#17399);
#17399 = FILL_AREA_STYLE('',(#17400));
#17400 = FILL_AREA_STYLE_COLOUR('',#17393);
#17401 = OVER_RIDING_STYLED_ITEM('overriding color',(#17402),#14241,
  #17376);
#17402 = PRESENTATION_STYLE_ASSIGNMENT((#17403));
#17403 = SURFACE_STYLE_USAGE(.BOTH.,#17404);
#17404 = SURFACE_SIDE_STYLE('',(#17405));
#17405 = SURFACE_STYLE_FILL_AREA(#17406);
#17406 = FILL_AREA_STYLE('',(#17407));
#17407 = FILL_AREA_STYLE_COLOUR('',#17393);
#17408 = OVER_RIDING_STYLED_ITEM('overriding color',(#17409),#14263,
  #17376);
#17409 = PRESENTATION_STYLE_ASSIGNMENT((#17410));
#17410 = SURFACE_STYLE_USAGE(.BOTH.,#17411);
#17411 = SURFACE_SIDE_STYLE('',(#17412));
#17412 = SURFACE_STYLE_FILL_AREA(#17413);
#17413 = FILL_AREA_STYLE('',(#17414));
#17414 = FILL_AREA_STYLE_COLOUR('',#17393);
#17415 = OVER_RIDING_STYLED_ITEM('overriding color',(#17416),#14285,
  #17376);
#17416 = PRESENTATION_STYLE_ASSIGNMENT((#17417));
#17417 = SURFACE_STYLE_USAGE(.BOTH.,#17418);
#17418 = SURFACE_SIDE_STYLE('',(#17419));
#17419 = SURFACE_STYLE_FILL_AREA(#17420);
#17420 = FILL_AREA_STYLE('',(#17421));
#17421 = FILL_AREA_STYLE_COLOUR('',#17393);
#17422 = OVER_RIDING_STYLED_ITEM('overriding color',(#17423),#14307,
  #17376);
#17423 = PRESENTATION_STYLE_ASSIGNMENT((#17424));
#17424 = SURFACE_STYLE_USAGE(.BOTH.,#17425);
#17425 = SURFACE_SIDE_STYLE('',(#17426));
#17426 = SURFACE_STYLE_FILL_AREA(#17427);
#17427 = FILL_AREA_STYLE('',(#17428));
#17428 = FILL_AREA_STYLE_COLOUR('',#17393);
#17429 = OVER_RIDING_STYLED_ITEM('overriding color',(#17430),#14329,
  #17376);
#17430 = PRESENTATION_STYLE_ASSIGNMENT((#17431));
#17431 = SURFACE_STYLE_USAGE(.BOTH.,#17432);
#17432 = SURFACE_SIDE_STYLE('',(#17433));
#17433 = SURFACE_STYLE_FILL_AREA(#17434);
#17434 = FILL_AREA_STYLE('',(#17435));
#17435 = FILL_AREA_STYLE_COLOUR('',#17393);
#17436 = OVER_RIDING_STYLED_ITEM('overriding color',(#17437),#14341,
  #17376);
#17437 = PRESENTATION_STYLE_ASSIGNMENT((#17438));
#17438 = SURFACE_STYLE_USAGE(.BOTH.,#17439);
#17439 = SURFACE_SIDE_STYLE('',(#17440));
#17440 = SURFACE_STYLE_FILL_AREA(#17441);
#17441 = FILL_AREA_STYLE('',(#17442));
#17442 = FILL_AREA_STYLE_COLOUR('',#17393);
#17443 = OVER_RIDING_STYLED_ITEM('overriding color',(#17444),#14353,
  #17376);
#17444 = PRESENTATION_STYLE_ASSIGNMENT((#17445));
#17445 = SURFACE_STYLE_USAGE(.BOTH.,#17446);
#17446 = SURFACE_SIDE_STYLE('',(#17447));
#17447 = SURFACE_STYLE_FILL_AREA(#17448);
#17448 = FILL_AREA_STYLE('',(#17449));
#17449 = FILL_AREA_STYLE_COLOUR('',#17393);
#17450 = OVER_RIDING_STYLED_ITEM('overriding color',(#17451),#14365,
  #17376);
#17451 = PRESENTATION_STYLE_ASSIGNMENT((#17452));
#17452 = SURFACE_STYLE_USAGE(.BOTH.,#17453);
#17453 = SURFACE_SIDE_STYLE('',(#17454));
#17454 = SURFACE_STYLE_FILL_AREA(#17455);
#17455 = FILL_AREA_STYLE('',(#17456));
#17456 = FILL_AREA_STYLE_COLOUR('',#17393);
#17457 = OVER_RIDING_STYLED_ITEM('overriding color',(#17458),#14377,
  #17376);
#17458 = PRESENTATION_STYLE_ASSIGNMENT((#17459));
#17459 = SURFACE_STYLE_USAGE(.BOTH.,#17460);
#17460 = SURFACE_SIDE_STYLE('',(#17461));
#17461 = SURFACE_STYLE_FILL_AREA(#17462);
#17462 = FILL_AREA_STYLE('',(#17463));
#17463 = FILL_AREA_STYLE_COLOUR('',#17393);
#17464 = OVER_RIDING_STYLED_ITEM('overriding color',(#17465),#14389,
  #17376);
#17465 = PRESENTATION_STYLE_ASSIGNMENT((#17466));
#17466 = SURFACE_STYLE_USAGE(.BOTH.,#17467);
#17467 = SURFACE_SIDE_STYLE('',(#17468));
#17468 = SURFACE_STYLE_FILL_AREA(#17469);
#17469 = FILL_AREA_STYLE('',(#17470));
#17470 = FILL_AREA_STYLE_COLOUR('',#17393);
#17471 = OVER_RIDING_STYLED_ITEM('overriding color',(#17472),#14472,
  #17376);
#17472 = PRESENTATION_STYLE_ASSIGNMENT((#17473));
#17473 = SURFACE_STYLE_USAGE(.BOTH.,#17474);
#17474 = SURFACE_SIDE_STYLE('',(#17475));
#17475 = SURFACE_STYLE_FILL_AREA(#17476);
#17476 = FILL_AREA_STYLE('',(#17477));
#17477 = FILL_AREA_STYLE_COLOUR('',#17393);
#17478 = OVER_RIDING_STYLED_ITEM('overriding color',(#17479),#14555,
  #17376);
#17479 = PRESENTATION_STYLE_ASSIGNMENT((#17480));
#17480 = SURFACE_STYLE_USAGE(.BOTH.,#17481);
#17481 = SURFACE_SIDE_STYLE('',(#17482));
#17482 = SURFACE_STYLE_FILL_AREA(#17483);
#17483 = FILL_AREA_STYLE('',(#17484));
#17484 = FILL_AREA_STYLE_COLOUR('',#17393);
#17485 = OVER_RIDING_STYLED_ITEM('overriding color',(#17486),#14577,
  #17376);
#17486 = PRESENTATION_STYLE_ASSIGNMENT((#17487));
#17487 = SURFACE_STYLE_USAGE(.BOTH.,#17488);
#17488 = SURFACE_SIDE_STYLE('',(#17489));
#17489 = SURFACE_STYLE_FILL_AREA(#17490);
#17490 = FILL_AREA_STYLE('',(#17491));
#17491 = FILL_AREA_STYLE_COLOUR('',#17393);
#17492 = OVER_RIDING_STYLED_ITEM('overriding color',(#17493),#14594,
  #17376);
#17493 = PRESENTATION_STYLE_ASSIGNMENT((#17494));
#17494 = SURFACE_STYLE_USAGE(.BOTH.,#17495);
#17495 = SURFACE_SIDE_STYLE('',(#17496));
#17496 = SURFACE_STYLE_FILL_AREA(#17497);
#17497 = FILL_AREA_STYLE('',(#17498));
#17498 = FILL_AREA_STYLE_COLOUR('',#17393);
#17499 = OVER_RIDING_STYLED_ITEM('overriding color',(#17500),#14611,
  #17376);
#17500 = PRESENTATION_STYLE_ASSIGNMENT((#17501));
#17501 = SURFACE_STYLE_USAGE(.BOTH.,#17502);
#17502 = SURFACE_SIDE_STYLE('',(#17503));
#17503 = SURFACE_STYLE_FILL_AREA(#17504);
#17504 = FILL_AREA_STYLE('',(#17505));
#17505 = FILL_AREA_STYLE_COLOUR('',#17393);
#17506 = OVER_RIDING_STYLED_ITEM('overriding color',(#17507),#14633,
  #17376);
#17507 = PRESENTATION_STYLE_ASSIGNMENT((#17508));
#17508 = SURFACE_STYLE_USAGE(.BOTH.,#17509);
#17509 = SURFACE_SIDE_STYLE('',(#17510));
#17510 = SURFACE_STYLE_FILL_AREA(#17511);
#17511 = FILL_AREA_STYLE('',(#17512));
#17512 = FILL_AREA_STYLE_COLOUR('',#17393);
#17513 = OVER_RIDING_STYLED_ITEM('overriding color',(#17514),#14655,
  #17376);
#17514 = PRESENTATION_STYLE_ASSIGNMENT((#17515));
#17515 = SURFACE_STYLE_USAGE(.BOTH.,#17516);
#17516 = SURFACE_SIDE_STYLE('',(#17517));
#17517 = SURFACE_STYLE_FILL_AREA(#17518);
#17518 = FILL_AREA_STYLE('',(#17519));
#17519 = FILL_AREA_STYLE_COLOUR('',#17393);
#17520 = OVER_RIDING_STYLED_ITEM('overriding color',(#17521),#14667,
  #17376);
#17521 = PRESENTATION_STYLE_ASSIGNMENT((#17522));
#17522 = SURFACE_STYLE_USAGE(.BOTH.,#17523);
#17523 = SURFACE_SIDE_STYLE('',(#17524));
#17524 = SURFACE_STYLE_FILL_AREA(#17525);
#17525 = FILL_AREA_STYLE('',(#17526));
#17526 = FILL_AREA_STYLE_COLOUR('',#17393);
#17527 = OVER_RIDING_STYLED_ITEM('overriding color',(#17528),#14679,
  #17376);
#17528 = PRESENTATION_STYLE_ASSIGNMENT((#17529));
#17529 = SURFACE_STYLE_USAGE(.BOTH.,#17530);
#17530 = SURFACE_SIDE_STYLE('',(#17531));
#17531 = SURFACE_STYLE_FILL_AREA(#17532);
#17532 = FILL_AREA_STYLE('',(#17533));
#17533 = FILL_AREA_STYLE_COLOUR('',#17393);
#17534 = OVER_RIDING_STYLED_ITEM('overriding color',(#17535),#14691,
  #17376);
#17535 = PRESENTATION_STYLE_ASSIGNMENT((#17536));
#17536 = SURFACE_STYLE_USAGE(.BOTH.,#17537);
#17537 = SURFACE_SIDE_STYLE('',(#17538));
#17538 = SURFACE_STYLE_FILL_AREA(#17539);
#17539 = FILL_AREA_STYLE('',(#17540));
#17540 = FILL_AREA_STYLE_COLOUR('',#17393);
#17541 = OVER_RIDING_STYLED_ITEM('overriding color',(#17542),#14703,
  #17376);
#17542 = PRESENTATION_STYLE_ASSIGNMENT((#17543));
#17543 = SURFACE_STYLE_USAGE(.BOTH.,#17544);
#17544 = SURFACE_SIDE_STYLE('',(#17545));
#17545 = SURFACE_STYLE_FILL_AREA(#17546);
#17546 = FILL_AREA_STYLE('',(#17547));
#17547 = FILL_AREA_STYLE_COLOUR('',#17393);
#17548 = OVER_RIDING_STYLED_ITEM('overriding color',(#17549),#14786,
  #17376);
#17549 = PRESENTATION_STYLE_ASSIGNMENT((#17550));
#17550 = SURFACE_STYLE_USAGE(.BOTH.,#17551);
#17551 = SURFACE_SIDE_STYLE('',(#17552));
#17552 = SURFACE_STYLE_FILL_AREA(#17553);
#17553 = FILL_AREA_STYLE('',(#17554));
#17554 = FILL_AREA_STYLE_COLOUR('',#17393);
#17555 = OVER_RIDING_STYLED_ITEM('overriding color',(#17556),#14869,
  #17376);
#17556 = PRESENTATION_STYLE_ASSIGNMENT((#17557));
#17557 = SURFACE_STYLE_USAGE(.BOTH.,#17558);
#17558 = SURFACE_SIDE_STYLE('',(#17559));
#17559 = SURFACE_STYLE_FILL_AREA(#17560);
#17560 = FILL_AREA_STYLE('',(#17561));
#17561 = FILL_AREA_STYLE_COLOUR('',#17393);
#17562 = OVER_RIDING_STYLED_ITEM('overriding color',(#17563),#14891,
  #17376);
#17563 = PRESENTATION_STYLE_ASSIGNMENT((#17564));
#17564 = SURFACE_STYLE_USAGE(.BOTH.,#17565);
#17565 = SURFACE_SIDE_STYLE('',(#17566));
#17566 = SURFACE_STYLE_FILL_AREA(#17567);
#17567 = FILL_AREA_STYLE('',(#17568));
#17568 = FILL_AREA_STYLE_COLOUR('',#17393);
#17569 = OVER_RIDING_STYLED_ITEM('overriding color',(#17570),#14908,
  #17376);
#17570 = PRESENTATION_STYLE_ASSIGNMENT((#17571));
#17571 = SURFACE_STYLE_USAGE(.BOTH.,#17572);
#17572 = SURFACE_SIDE_STYLE('',(#17573));
#17573 = SURFACE_STYLE_FILL_AREA(#17574);
#17574 = FILL_AREA_STYLE('',(#17575));
#17575 = FILL_AREA_STYLE_COLOUR('',#17393);
#17576 = OVER_RIDING_STYLED_ITEM('overriding color',(#17577),#14925,
  #17376);
#17577 = PRESENTATION_STYLE_ASSIGNMENT((#17578));
#17578 = SURFACE_STYLE_USAGE(.BOTH.,#17579);
#17579 = SURFACE_SIDE_STYLE('',(#17580));
#17580 = SURFACE_STYLE_FILL_AREA(#17581);
#17581 = FILL_AREA_STYLE('',(#17582));
#17582 = FILL_AREA_STYLE_COLOUR('',#17393);
#17583 = OVER_RIDING_STYLED_ITEM('overriding color',(#17584),#14947,
  #17376);
#17584 = PRESENTATION_STYLE_ASSIGNMENT((#17585));
#17585 = SURFACE_STYLE_USAGE(.BOTH.,#17586);
#17586 = SURFACE_SIDE_STYLE('',(#17587));
#17587 = SURFACE_STYLE_FILL_AREA(#17588);
#17588 = FILL_AREA_STYLE('',(#17589));
#17589 = FILL_AREA_STYLE_COLOUR('',#17393);
#17590 = OVER_RIDING_STYLED_ITEM('overriding color',(#17591),#14969,
  #17376);
#17591 = PRESENTATION_STYLE_ASSIGNMENT((#17592));
#17592 = SURFACE_STYLE_USAGE(.BOTH.,#17593);
#17593 = SURFACE_SIDE_STYLE('',(#17594));
#17594 = SURFACE_STYLE_FILL_AREA(#17595);
#17595 = FILL_AREA_STYLE('',(#17596));
#17596 = FILL_AREA_STYLE_COLOUR('',#17393);
#17597 = OVER_RIDING_STYLED_ITEM('overriding color',(#17598),#14981,
  #17376);
#17598 = PRESENTATION_STYLE_ASSIGNMENT((#17599));
#17599 = SURFACE_STYLE_USAGE(.BOTH.,#17600);
#17600 = SURFACE_SIDE_STYLE('',(#17601));
#17601 = SURFACE_STYLE_FILL_AREA(#17602);
#17602 = FILL_AREA_STYLE('',(#17603));
#17603 = FILL_AREA_STYLE_COLOUR('',#17393);
#17604 = OVER_RIDING_STYLED_ITEM('overriding color',(#17605),#14993,
  #17376);
#17605 = PRESENTATION_STYLE_ASSIGNMENT((#17606));
#17606 = SURFACE_STYLE_USAGE(.BOTH.,#17607);
#17607 = SURFACE_SIDE_STYLE('',(#17608));
#17608 = SURFACE_STYLE_FILL_AREA(#17609);
#17609 = FILL_AREA_STYLE('',(#17610));
#17610 = FILL_AREA_STYLE_COLOUR('',#17393);
#17611 = OVER_RIDING_STYLED_ITEM('overriding color',(#17612),#15005,
  #17376);
#17612 = PRESENTATION_STYLE_ASSIGNMENT((#17613));
#17613 = SURFACE_STYLE_USAGE(.BOTH.,#17614);
#17614 = SURFACE_SIDE_STYLE('',(#17615));
#17615 = SURFACE_STYLE_FILL_AREA(#17616);
#17616 = FILL_AREA_STYLE('',(#17617));
#17617 = FILL_AREA_STYLE_COLOUR('',#17393);
#17618 = OVER_RIDING_STYLED_ITEM('overriding color',(#17619),#15017,
  #17376);
#17619 = PRESENTATION_STYLE_ASSIGNMENT((#17620));
#17620 = SURFACE_STYLE_USAGE(.BOTH.,#17621);
#17621 = SURFACE_SIDE_STYLE('',(#17622));
#17622 = SURFACE_STYLE_FILL_AREA(#17623);
#17623 = FILL_AREA_STYLE('',(#17624));
#17624 = FILL_AREA_STYLE_COLOUR('',#17393);
#17625 = OVER_RIDING_STYLED_ITEM('overriding color',(#17626),#15100,
  #17376);
#17626 = PRESENTATION_STYLE_ASSIGNMENT((#17627));
#17627 = SURFACE_STYLE_USAGE(.BOTH.,#17628);
#17628 = SURFACE_SIDE_STYLE('',(#17629));
#17629 = SURFACE_STYLE_FILL_AREA(#17630);
#17630 = FILL_AREA_STYLE('',(#17631));
#17631 = FILL_AREA_STYLE_COLOUR('',#17393);
#17632 = OVER_RIDING_STYLED_ITEM('overriding color',(#17633),#15183,
  #17376);
#17633 = PRESENTATION_STYLE_ASSIGNMENT((#17634));
#17634 = SURFACE_STYLE_USAGE(.BOTH.,#17635);
#17635 = SURFACE_SIDE_STYLE('',(#17636));
#17636 = SURFACE_STYLE_FILL_AREA(#17637);
#17637 = FILL_AREA_STYLE('',(#17638));
#17638 = FILL_AREA_STYLE_COLOUR('',#17393);
#17639 = OVER_RIDING_STYLED_ITEM('overriding color',(#17640),#15205,
  #17376);
#17640 = PRESENTATION_STYLE_ASSIGNMENT((#17641));
#17641 = SURFACE_STYLE_USAGE(.BOTH.,#17642);
#17642 = SURFACE_SIDE_STYLE('',(#17643));
#17643 = SURFACE_STYLE_FILL_AREA(#17644);
#17644 = FILL_AREA_STYLE('',(#17645));
#17645 = FILL_AREA_STYLE_COLOUR('',#17393);
#17646 = OVER_RIDING_STYLED_ITEM('overriding color',(#17647),#15222,
  #17376);
#17647 = PRESENTATION_STYLE_ASSIGNMENT((#17648));
#17648 = SURFACE_STYLE_USAGE(.BOTH.,#17649);
#17649 = SURFACE_SIDE_STYLE('',(#17650));
#17650 = SURFACE_STYLE_FILL_AREA(#17651);
#17651 = FILL_AREA_STYLE('',(#17652));
#17652 = FILL_AREA_STYLE_COLOUR('',#17393);
#17653 = OVER_RIDING_STYLED_ITEM('overriding color',(#17654),#15239,
  #17376);
#17654 = PRESENTATION_STYLE_ASSIGNMENT((#17655));
#17655 = SURFACE_STYLE_USAGE(.BOTH.,#17656);
#17656 = SURFACE_SIDE_STYLE('',(#17657));
#17657 = SURFACE_STYLE_FILL_AREA(#17658);
#17658 = FILL_AREA_STYLE('',(#17659));
#17659 = FILL_AREA_STYLE_COLOUR('',#17393);
#17660 = OVER_RIDING_STYLED_ITEM('overriding color',(#17661),#15261,
  #17376);
#17661 = PRESENTATION_STYLE_ASSIGNMENT((#17662));
#17662 = SURFACE_STYLE_USAGE(.BOTH.,#17663);
#17663 = SURFACE_SIDE_STYLE('',(#17664));
#17664 = SURFACE_STYLE_FILL_AREA(#17665);
#17665 = FILL_AREA_STYLE('',(#17666));
#17666 = FILL_AREA_STYLE_COLOUR('',#17393);
#17667 = OVER_RIDING_STYLED_ITEM('overriding color',(#17668),#15283,
  #17376);
#17668 = PRESENTATION_STYLE_ASSIGNMENT((#17669));
#17669 = SURFACE_STYLE_USAGE(.BOTH.,#17670);
#17670 = SURFACE_SIDE_STYLE('',(#17671));
#17671 = SURFACE_STYLE_FILL_AREA(#17672);
#17672 = FILL_AREA_STYLE('',(#17673));
#17673 = FILL_AREA_STYLE_COLOUR('',#17393);
#17674 = OVER_RIDING_STYLED_ITEM('overriding color',(#17675),#15295,
  #17376);
#17675 = PRESENTATION_STYLE_ASSIGNMENT((#17676));
#17676 = SURFACE_STYLE_USAGE(.BOTH.,#17677);
#17677 = SURFACE_SIDE_STYLE('',(#17678));
#17678 = SURFACE_STYLE_FILL_AREA(#17679);
#17679 = FILL_AREA_STYLE('',(#17680));
#17680 = FILL_AREA_STYLE_COLOUR('',#17393);
#17681 = OVER_RIDING_STYLED_ITEM('overriding color',(#17682),#15307,
  #17376);
#17682 = PRESENTATION_STYLE_ASSIGNMENT((#17683));
#17683 = SURFACE_STYLE_USAGE(.BOTH.,#17684);
#17684 = SURFACE_SIDE_STYLE('',(#17685));
#17685 = SURFACE_STYLE_FILL_AREA(#17686);
#17686 = FILL_AREA_STYLE('',(#17687));
#17687 = FILL_AREA_STYLE_COLOUR('',#17393);
#17688 = OVER_RIDING_STYLED_ITEM('overriding color',(#17689),#15319,
  #17376);
#17689 = PRESENTATION_STYLE_ASSIGNMENT((#17690));
#17690 = SURFACE_STYLE_USAGE(.BOTH.,#17691);
#17691 = SURFACE_SIDE_STYLE('',(#17692));
#17692 = SURFACE_STYLE_FILL_AREA(#17693);
#17693 = FILL_AREA_STYLE('',(#17694));
#17694 = FILL_AREA_STYLE_COLOUR('',#17393);
#17695 = OVER_RIDING_STYLED_ITEM('overriding color',(#17696),#15331,
  #17376);
#17696 = PRESENTATION_STYLE_ASSIGNMENT((#17697));
#17697 = SURFACE_STYLE_USAGE(.BOTH.,#17698);
#17698 = SURFACE_SIDE_STYLE('',(#17699));
#17699 = SURFACE_STYLE_FILL_AREA(#17700);
#17700 = FILL_AREA_STYLE('',(#17701));
#17701 = FILL_AREA_STYLE_COLOUR('',#17393);
#17702 = OVER_RIDING_STYLED_ITEM('overriding color',(#17703),#15414,
  #17376);
#17703 = PRESENTATION_STYLE_ASSIGNMENT((#17704));
#17704 = SURFACE_STYLE_USAGE(.BOTH.,#17705);
#17705 = SURFACE_SIDE_STYLE('',(#17706));
#17706 = SURFACE_STYLE_FILL_AREA(#17707);
#17707 = FILL_AREA_STYLE('',(#17708));
#17708 = FILL_AREA_STYLE_COLOUR('',#17393);
#17709 = OVER_RIDING_STYLED_ITEM('overriding color',(#17710),#15497,
  #17376);
#17710 = PRESENTATION_STYLE_ASSIGNMENT((#17711));
#17711 = SURFACE_STYLE_USAGE(.BOTH.,#17712);
#17712 = SURFACE_SIDE_STYLE('',(#17713));
#17713 = SURFACE_STYLE_FILL_AREA(#17714);
#17714 = FILL_AREA_STYLE('',(#17715));
#17715 = FILL_AREA_STYLE_COLOUR('',#17393);
#17716 = OVER_RIDING_STYLED_ITEM('overriding color',(#17717),#15519,
  #17376);
#17717 = PRESENTATION_STYLE_ASSIGNMENT((#17718));
#17718 = SURFACE_STYLE_USAGE(.BOTH.,#17719);
#17719 = SURFACE_SIDE_STYLE('',(#17720));
#17720 = SURFACE_STYLE_FILL_AREA(#17721);
#17721 = FILL_AREA_STYLE('',(#17722));
#17722 = FILL_AREA_STYLE_COLOUR('',#17393);
#17723 = OVER_RIDING_STYLED_ITEM('overriding color',(#17724),#15536,
  #17376);
#17724 = PRESENTATION_STYLE_ASSIGNMENT((#17725));
#17725 = SURFACE_STYLE_USAGE(.BOTH.,#17726);
#17726 = SURFACE_SIDE_STYLE('',(#17727));
#17727 = SURFACE_STYLE_FILL_AREA(#17728);
#17728 = FILL_AREA_STYLE('',(#17729));
#17729 = FILL_AREA_STYLE_COLOUR('',#17393);
#17730 = OVER_RIDING_STYLED_ITEM('overriding color',(#17731),#15553,
  #17376);
#17731 = PRESENTATION_STYLE_ASSIGNMENT((#17732));
#17732 = SURFACE_STYLE_USAGE(.BOTH.,#17733);
#17733 = SURFACE_SIDE_STYLE('',(#17734));
#17734 = SURFACE_STYLE_FILL_AREA(#17735);
#17735 = FILL_AREA_STYLE('',(#17736));
#17736 = FILL_AREA_STYLE_COLOUR('',#17393);
#17737 = OVER_RIDING_STYLED_ITEM('overriding color',(#17738),#15575,
  #17376);
#17738 = PRESENTATION_STYLE_ASSIGNMENT((#17739));
#17739 = SURFACE_STYLE_USAGE(.BOTH.,#17740);
#17740 = SURFACE_SIDE_STYLE('',(#17741));
#17741 = SURFACE_STYLE_FILL_AREA(#17742);
#17742 = FILL_AREA_STYLE('',(#17743));
#17743 = FILL_AREA_STYLE_COLOUR('',#17393);
#17744 = OVER_RIDING_STYLED_ITEM('overriding color',(#17745),#15597,
  #17376);
#17745 = PRESENTATION_STYLE_ASSIGNMENT((#17746));
#17746 = SURFACE_STYLE_USAGE(.BOTH.,#17747);
#17747 = SURFACE_SIDE_STYLE('',(#17748));
#17748 = SURFACE_STYLE_FILL_AREA(#17749);
#17749 = FILL_AREA_STYLE('',(#17750));
#17750 = FILL_AREA_STYLE_COLOUR('',#17393);
#17751 = OVER_RIDING_STYLED_ITEM('overriding color',(#17752),#15609,
  #17376);
#17752 = PRESENTATION_STYLE_ASSIGNMENT((#17753));
#17753 = SURFACE_STYLE_USAGE(.BOTH.,#17754);
#17754 = SURFACE_SIDE_STYLE('',(#17755));
#17755 = SURFACE_STYLE_FILL_AREA(#17756);
#17756 = FILL_AREA_STYLE('',(#17757));
#17757 = FILL_AREA_STYLE_COLOUR('',#17393);
#17758 = OVER_RIDING_STYLED_ITEM('overriding color',(#17759),#15621,
  #17376);
#17759 = PRESENTATION_STYLE_ASSIGNMENT((#17760));
#17760 = SURFACE_STYLE_USAGE(.BOTH.,#17761);
#17761 = SURFACE_SIDE_STYLE('',(#17762));
#17762 = SURFACE_STYLE_FILL_AREA(#17763);
#17763 = FILL_AREA_STYLE('',(#17764));
#17764 = FILL_AREA_STYLE_COLOUR('',#17393);
#17765 = OVER_RIDING_STYLED_ITEM('overriding color',(#17766),#15633,
  #17376);
#17766 = PRESENTATION_STYLE_ASSIGNMENT((#17767));
#17767 = SURFACE_STYLE_USAGE(.BOTH.,#17768);
#17768 = SURFACE_SIDE_STYLE('',(#17769));
#17769 = SURFACE_STYLE_FILL_AREA(#17770);
#17770 = FILL_AREA_STYLE('',(#17771));
#17771 = FILL_AREA_STYLE_COLOUR('',#17393);
#17772 = OVER_RIDING_STYLED_ITEM('overriding color',(#17773),#15645,
  #17376);
#17773 = PRESENTATION_STYLE_ASSIGNMENT((#17774));
#17774 = SURFACE_STYLE_USAGE(.BOTH.,#17775);
#17775 = SURFACE_SIDE_STYLE('',(#17776));
#17776 = SURFACE_STYLE_FILL_AREA(#17777);
#17777 = FILL_AREA_STYLE('',(#17778));
#17778 = FILL_AREA_STYLE_COLOUR('',#17393);
#17779 = OVER_RIDING_STYLED_ITEM('overriding color',(#17780),#15728,
  #17376);
#17780 = PRESENTATION_STYLE_ASSIGNMENT((#17781));
#17781 = SURFACE_STYLE_USAGE(.BOTH.,#17782);
#17782 = SURFACE_SIDE_STYLE('',(#17783));
#17783 = SURFACE_STYLE_FILL_AREA(#17784);
#17784 = FILL_AREA_STYLE('',(#17785));
#17785 = FILL_AREA_STYLE_COLOUR('',#17393);
#17786 = OVER_RIDING_STYLED_ITEM('overriding color',(#17787),#15811,
  #17376);
#17787 = PRESENTATION_STYLE_ASSIGNMENT((#17788));
#17788 = SURFACE_STYLE_USAGE(.BOTH.,#17789);
#17789 = SURFACE_SIDE_STYLE('',(#17790));
#17790 = SURFACE_STYLE_FILL_AREA(#17791);
#17791 = FILL_AREA_STYLE('',(#17792));
#17792 = FILL_AREA_STYLE_COLOUR('',#17393);
#17793 = OVER_RIDING_STYLED_ITEM('overriding color',(#17794),#15833,
  #17376);
#17794 = PRESENTATION_STYLE_ASSIGNMENT((#17795));
#17795 = SURFACE_STYLE_USAGE(.BOTH.,#17796);
#17796 = SURFACE_SIDE_STYLE('',(#17797));
#17797 = SURFACE_STYLE_FILL_AREA(#17798);
#17798 = FILL_AREA_STYLE('',(#17799));
#17799 = FILL_AREA_STYLE_COLOUR('',#17393);
#17800 = OVER_RIDING_STYLED_ITEM('overriding color',(#17801),#15855,
  #17376);
#17801 = PRESENTATION_STYLE_ASSIGNMENT((#17802));
#17802 = SURFACE_STYLE_USAGE(.BOTH.,#17803);
#17803 = SURFACE_SIDE_STYLE('',(#17804));
#17804 = SURFACE_STYLE_FILL_AREA(#17805);
#17805 = FILL_AREA_STYLE('',(#17806));
#17806 = FILL_AREA_STYLE_COLOUR('',#17393);
#17807 = OVER_RIDING_STYLED_ITEM('overriding color',(#17808),#15877,
  #17376);
#17808 = PRESENTATION_STYLE_ASSIGNMENT((#17809));
#17809 = SURFACE_STYLE_USAGE(.BOTH.,#17810);
#17810 = SURFACE_SIDE_STYLE('',(#17811));
#17811 = SURFACE_STYLE_FILL_AREA(#17812);
#17812 = FILL_AREA_STYLE('',(#17813));
#17813 = FILL_AREA_STYLE_COLOUR('',#17393);
#17814 = OVER_RIDING_STYLED_ITEM('overriding color',(#17815),#15899,
  #17376);
#17815 = PRESENTATION_STYLE_ASSIGNMENT((#17816));
#17816 = SURFACE_STYLE_USAGE(.BOTH.,#17817);
#17817 = SURFACE_SIDE_STYLE('',(#17818));
#17818 = SURFACE_STYLE_FILL_AREA(#17819);
#17819 = FILL_AREA_STYLE('',(#17820));
#17820 = FILL_AREA_STYLE_COLOUR('',#17393);
#17821 = OVER_RIDING_STYLED_ITEM('overriding color',(#17822),#15911,
  #17376);
#17822 = PRESENTATION_STYLE_ASSIGNMENT((#17823));
#17823 = SURFACE_STYLE_USAGE(.BOTH.,#17824);
#17824 = SURFACE_SIDE_STYLE('',(#17825));
#17825 = SURFACE_STYLE_FILL_AREA(#17826);
#17826 = FILL_AREA_STYLE('',(#17827));
#17827 = FILL_AREA_STYLE_COLOUR('',#17393);
#17828 = OVER_RIDING_STYLED_ITEM('overriding color',(#17829),#15994,
  #17376);
#17829 = PRESENTATION_STYLE_ASSIGNMENT((#17830));
#17830 = SURFACE_STYLE_USAGE(.BOTH.,#17831);
#17831 = SURFACE_SIDE_STYLE('',(#17832));
#17832 = SURFACE_STYLE_FILL_AREA(#17833);
#17833 = FILL_AREA_STYLE('',(#17834));
#17834 = FILL_AREA_STYLE_COLOUR('',#17393);
#17835 = OVER_RIDING_STYLED_ITEM('overriding color',(#17836),#16077,
  #17376);
#17836 = PRESENTATION_STYLE_ASSIGNMENT((#17837));
#17837 = SURFACE_STYLE_USAGE(.BOTH.,#17838);
#17838 = SURFACE_SIDE_STYLE('',(#17839));
#17839 = SURFACE_STYLE_FILL_AREA(#17840);
#17840 = FILL_AREA_STYLE('',(#17841));
#17841 = FILL_AREA_STYLE_COLOUR('',#17393);
#17842 = OVER_RIDING_STYLED_ITEM('overriding color',(#17843),#16099,
  #17376);
#17843 = PRESENTATION_STYLE_ASSIGNMENT((#17844));
#17844 = SURFACE_STYLE_USAGE(.BOTH.,#17845);
#17845 = SURFACE_SIDE_STYLE('',(#17846));
#17846 = SURFACE_STYLE_FILL_AREA(#17847);
#17847 = FILL_AREA_STYLE('',(#17848));
#17848 = FILL_AREA_STYLE_COLOUR('',#17393);
#17849 = OVER_RIDING_STYLED_ITEM('overriding color',(#17850),#16121,
  #17376);
#17850 = PRESENTATION_STYLE_ASSIGNMENT((#17851));
#17851 = SURFACE_STYLE_USAGE(.BOTH.,#17852);
#17852 = SURFACE_SIDE_STYLE('',(#17853));
#17853 = SURFACE_STYLE_FILL_AREA(#17854);
#17854 = FILL_AREA_STYLE('',(#17855));
#17855 = FILL_AREA_STYLE_COLOUR('',#17393);
#17856 = OVER_RIDING_STYLED_ITEM('overriding color',(#17857),#16143,
  #17376);
#17857 = PRESENTATION_STYLE_ASSIGNMENT((#17858));
#17858 = SURFACE_STYLE_USAGE(.BOTH.,#17859);
#17859 = SURFACE_SIDE_STYLE('',(#17860));
#17860 = SURFACE_STYLE_FILL_AREA(#17861);
#17861 = FILL_AREA_STYLE('',(#17862));
#17862 = FILL_AREA_STYLE_COLOUR('',#17393);
#17863 = OVER_RIDING_STYLED_ITEM('overriding color',(#17864),#16165,
  #17376);
#17864 = PRESENTATION_STYLE_ASSIGNMENT((#17865));
#17865 = SURFACE_STYLE_USAGE(.BOTH.,#17866);
#17866 = SURFACE_SIDE_STYLE('',(#17867));
#17867 = SURFACE_STYLE_FILL_AREA(#17868);
#17868 = FILL_AREA_STYLE('',(#17869));
#17869 = FILL_AREA_STYLE_COLOUR('',#17393);
#17870 = OVER_RIDING_STYLED_ITEM('overriding color',(#17871),#16177,
  #17376);
#17871 = PRESENTATION_STYLE_ASSIGNMENT((#17872));
#17872 = SURFACE_STYLE_USAGE(.BOTH.,#17873);
#17873 = SURFACE_SIDE_STYLE('',(#17874));
#17874 = SURFACE_STYLE_FILL_AREA(#17875);
#17875 = FILL_AREA_STYLE('',(#17876));
#17876 = FILL_AREA_STYLE_COLOUR('',#17393);
#17877 = OVER_RIDING_STYLED_ITEM('overriding color',(#17878),#16260,
  #17376);
#17878 = PRESENTATION_STYLE_ASSIGNMENT((#17879));
#17879 = SURFACE_STYLE_USAGE(.BOTH.,#17880);
#17880 = SURFACE_SIDE_STYLE('',(#17881));
#17881 = SURFACE_STYLE_FILL_AREA(#17882);
#17882 = FILL_AREA_STYLE('',(#17883));
#17883 = FILL_AREA_STYLE_COLOUR('',#17393);
#17884 = OVER_RIDING_STYLED_ITEM('overriding color',(#17885),#16343,
  #17376);
#17885 = PRESENTATION_STYLE_ASSIGNMENT((#17886));
#17886 = SURFACE_STYLE_USAGE(.BOTH.,#17887);
#17887 = SURFACE_SIDE_STYLE('',(#17888));
#17888 = SURFACE_STYLE_FILL_AREA(#17889);
#17889 = FILL_AREA_STYLE('',(#17890));
#17890 = FILL_AREA_STYLE_COLOUR('',#17393);
#17891 = OVER_RIDING_STYLED_ITEM('overriding color',(#17892),#16365,
  #17376);
#17892 = PRESENTATION_STYLE_ASSIGNMENT((#17893));
#17893 = SURFACE_STYLE_USAGE(.BOTH.,#17894);
#17894 = SURFACE_SIDE_STYLE('',(#17895));
#17895 = SURFACE_STYLE_FILL_AREA(#17896);
#17896 = FILL_AREA_STYLE('',(#17897));
#17897 = FILL_AREA_STYLE_COLOUR('',#17393);
#17898 = OVER_RIDING_STYLED_ITEM('overriding color',(#17899),#16387,
  #17376);
#17899 = PRESENTATION_STYLE_ASSIGNMENT((#17900));
#17900 = SURFACE_STYLE_USAGE(.BOTH.,#17901);
#17901 = SURFACE_SIDE_STYLE('',(#17902));
#17902 = SURFACE_STYLE_FILL_AREA(#17903);
#17903 = FILL_AREA_STYLE('',(#17904));
#17904 = FILL_AREA_STYLE_COLOUR('',#17393);
#17905 = OVER_RIDING_STYLED_ITEM('overriding color',(#17906),#16409,
  #17376);
#17906 = PRESENTATION_STYLE_ASSIGNMENT((#17907));
#17907 = SURFACE_STYLE_USAGE(.BOTH.,#17908);
#17908 = SURFACE_SIDE_STYLE('',(#17909));
#17909 = SURFACE_STYLE_FILL_AREA(#17910);
#17910 = FILL_AREA_STYLE('',(#17911));
#17911 = FILL_AREA_STYLE_COLOUR('',#17393);
#17912 = OVER_RIDING_STYLED_ITEM('overriding color',(#17913),#16431,
  #17376);
#17913 = PRESENTATION_STYLE_ASSIGNMENT((#17914));
#17914 = SURFACE_STYLE_USAGE(.BOTH.,#17915);
#17915 = SURFACE_SIDE_STYLE('',(#17916));
#17916 = SURFACE_STYLE_FILL_AREA(#17917);
#17917 = FILL_AREA_STYLE('',(#17918));
#17918 = FILL_AREA_STYLE_COLOUR('',#17393);
#17919 = OVER_RIDING_STYLED_ITEM('overriding color',(#17920),#16443,
  #17376);
#17920 = PRESENTATION_STYLE_ASSIGNMENT((#17921));
#17921 = SURFACE_STYLE_USAGE(.BOTH.,#17922);
#17922 = SURFACE_SIDE_STYLE('',(#17923));
#17923 = SURFACE_STYLE_FILL_AREA(#17924);
#17924 = FILL_AREA_STYLE('',(#17925));
#17925 = FILL_AREA_STYLE_COLOUR('',#17393);
#17926 = OVER_RIDING_STYLED_ITEM('overriding color',(#17927),#16455,
  #17376);
#17927 = PRESENTATION_STYLE_ASSIGNMENT((#17928));
#17928 = SURFACE_STYLE_USAGE(.BOTH.,#17929);
#17929 = SURFACE_SIDE_STYLE('',(#17930));
#17930 = SURFACE_STYLE_FILL_AREA(#17931);
#17931 = FILL_AREA_STYLE('',(#17932));
#17932 = FILL_AREA_STYLE_COLOUR('',#17393);
#17933 = OVER_RIDING_STYLED_ITEM('overriding color',(#17934),#16467,
  #17376);
#17934 = PRESENTATION_STYLE_ASSIGNMENT((#17935));
#17935 = SURFACE_STYLE_USAGE(.BOTH.,#17936);
#17936 = SURFACE_SIDE_STYLE('',(#17937));
#17937 = SURFACE_STYLE_FILL_AREA(#17938);
#17938 = FILL_AREA_STYLE('',(#17939));
#17939 = FILL_AREA_STYLE_COLOUR('',#17393);
#17940 = OVER_RIDING_STYLED_ITEM('overriding color',(#17941),#16479,
  #17376);
#17941 = PRESENTATION_STYLE_ASSIGNMENT((#17942));
#17942 = SURFACE_STYLE_USAGE(.BOTH.,#17943);
#17943 = SURFACE_SIDE_STYLE('',(#17944));
#17944 = SURFACE_STYLE_FILL_AREA(#17945);
#17945 = FILL_AREA_STYLE('',(#17946));
#17946 = FILL_AREA_STYLE_COLOUR('',#17393);
#17947 = OVER_RIDING_STYLED_ITEM('overriding color',(#17948),#16491,
  #17376);
#17948 = PRESENTATION_STYLE_ASSIGNMENT((#17949));
#17949 = SURFACE_STYLE_USAGE(.BOTH.,#17950);
#17950 = SURFACE_SIDE_STYLE('',(#17951));
#17951 = SURFACE_STYLE_FILL_AREA(#17952);
#17952 = FILL_AREA_STYLE('',(#17953));
#17953 = FILL_AREA_STYLE_COLOUR('',#17393);
#17954 = OVER_RIDING_STYLED_ITEM('overriding color',(#17955),#16503,
  #17376);
#17955 = PRESENTATION_STYLE_ASSIGNMENT((#17956));
#17956 = SURFACE_STYLE_USAGE(.BOTH.,#17957);
#17957 = SURFACE_SIDE_STYLE('',(#17958));
#17958 = SURFACE_STYLE_FILL_AREA(#17959);
#17959 = FILL_AREA_STYLE('',(#17960));
#17960 = FILL_AREA_STYLE_COLOUR('',#17393);
#17961 = OVER_RIDING_STYLED_ITEM('overriding color',(#17962),#16515,
  #17376);
#17962 = PRESENTATION_STYLE_ASSIGNMENT((#17963));
#17963 = SURFACE_STYLE_USAGE(.BOTH.,#17964);
#17964 = SURFACE_SIDE_STYLE('',(#17965));
#17965 = SURFACE_STYLE_FILL_AREA(#17966);
#17966 = FILL_AREA_STYLE('',(#17967));
#17967 = FILL_AREA_STYLE_COLOUR('',#17393);
#17968 = OVER_RIDING_STYLED_ITEM('overriding color',(#17969),#16527,
  #17376);
#17969 = PRESENTATION_STYLE_ASSIGNMENT((#17970));
#17970 = SURFACE_STYLE_USAGE(.BOTH.,#17971);
#17971 = SURFACE_SIDE_STYLE('',(#17972));
#17972 = SURFACE_STYLE_FILL_AREA(#17973);
#17973 = FILL_AREA_STYLE('',(#17974));
#17974 = FILL_AREA_STYLE_COLOUR('',#17393);
#17975 = OVER_RIDING_STYLED_ITEM('overriding color',(#17976),#16539,
  #17376);
#17976 = PRESENTATION_STYLE_ASSIGNMENT((#17977));
#17977 = SURFACE_STYLE_USAGE(.BOTH.,#17978);
#17978 = SURFACE_SIDE_STYLE('',(#17979));
#17979 = SURFACE_STYLE_FILL_AREA(#17980);
#17980 = FILL_AREA_STYLE('',(#17981));
#17981 = FILL_AREA_STYLE_COLOUR('',#17393);
#17982 = OVER_RIDING_STYLED_ITEM('overriding color',(#17983),#16551,
  #17376);
#17983 = PRESENTATION_STYLE_ASSIGNMENT((#17984));
#17984 = SURFACE_STYLE_USAGE(.BOTH.,#17985);
#17985 = SURFACE_SIDE_STYLE('',(#17986));
#17986 = SURFACE_STYLE_FILL_AREA(#17987);
#17987 = FILL_AREA_STYLE('',(#17988));
#17988 = FILL_AREA_STYLE_COLOUR('',#17393);
#17989 = OVER_RIDING_STYLED_ITEM('overriding color',(#17990),#16563,
  #17376);
#17990 = PRESENTATION_STYLE_ASSIGNMENT((#17991));
#17991 = SURFACE_STYLE_USAGE(.BOTH.,#17992);
#17992 = SURFACE_SIDE_STYLE('',(#17993));
#17993 = SURFACE_STYLE_FILL_AREA(#17994);
#17994 = FILL_AREA_STYLE('',(#17995));
#17995 = FILL_AREA_STYLE_COLOUR('',#17393);
#17996 = OVER_RIDING_STYLED_ITEM('overriding color',(#17997),#16575,
  #17376);
#17997 = PRESENTATION_STYLE_ASSIGNMENT((#17998));
#17998 = SURFACE_STYLE_USAGE(.BOTH.,#17999);
#17999 = SURFACE_SIDE_STYLE('',(#18000));
#18000 = SURFACE_STYLE_FILL_AREA(#18001);
#18001 = FILL_AREA_STYLE('',(#18002));
#18002 = FILL_AREA_STYLE_COLOUR('',#17393);
#18003 = MECHANICAL_DESIGN_GEOMETRIC_PRESENTATION_REPRESENTATION('',(
    #18004),#17364);
#18004 = STYLED_ITEM('color',(#18005),#16606);
#18005 = PRESENTATION_STYLE_ASSIGNMENT((#18006));
#18006 = SURFACE_STYLE_USAGE(.BOTH.,#18007);
#18007 = SURFACE_SIDE_STYLE('',(#18008));
#18008 = SURFACE_STYLE_FILL_AREA(#18009);
#18009 = FILL_AREA_STYLE('',(#18010));
#18010 = FILL_AREA_STYLE_COLOUR('',#18011);
#18011 = COLOUR_RGB('',0.313304153717,0.484529207832,0.410020903123);
#18012 = MECHANICAL_DESIGN_GEOMETRIC_PRESENTATION_REPRESENTATION('',(
    #18013,#18023,#18031,#18038,#18045,#18052,#18059,#18066,#18073,
    #18080,#18087,#18094,#18102,#18109,#18116,#18124,#18131,#18138,
    #18145,#18152,#18159,#18166,#18173,#18180,#18187,#18194,#18201,
    #18208,#18215,#18222,#18229,#18236,#18243,#18250,#18257,#18264,
    #18271,#18278,#18285,#18292,#18299,#18306,#18313,#18320,#18327,
    #18334,#18341,#18348,#18355,#18362,#18369,#18376,#18383,#18390,
    #18397,#18404,#18411),#1930);
#18013 = STYLED_ITEM('color',(#18014),#92);
#18014 = PRESENTATION_STYLE_ASSIGNMENT((#18015,#18021));
#18015 = SURFACE_STYLE_USAGE(.BOTH.,#18016);
#18016 = SURFACE_SIDE_STYLE('',(#18017));
#18017 = SURFACE_STYLE_FILL_AREA(#18018);
#18018 = FILL_AREA_STYLE('',(#18019));
#18019 = FILL_AREA_STYLE_COLOUR('',#18020);
#18020 = COLOUR_RGB('',0.792156867455,0.819607826924,0.933333342953);
#18021 = CURVE_STYLE('',#18022,POSITIVE_LENGTH_MEASURE(0.1),#18020);
#18022 = DRAUGHTING_PRE_DEFINED_CURVE_FONT('continuous');
#18023 = OVER_RIDING_STYLED_ITEM('overriding color',(#18024),#94,#18013
  );
#18024 = PRESENTATION_STYLE_ASSIGNMENT((#18025));
#18025 = SURFACE_STYLE_USAGE(.BOTH.,#18026);
#18026 = SURFACE_SIDE_STYLE('',(#18027));
#18027 = SURFACE_STYLE_FILL_AREA(#18028);
#18028 = FILL_AREA_STYLE('',(#18029));
#18029 = FILL_AREA_STYLE_COLOUR('',#18030);
#18030 = COLOUR_RGB('',0.666666664908,0.694117652497,0.764705876202);
#18031 = OVER_RIDING_STYLED_ITEM('overriding color',(#18032),#134,#18013
  );
#18032 = PRESENTATION_STYLE_ASSIGNMENT((#18033));
#18033 = SURFACE_STYLE_USAGE(.BOTH.,#18034);
#18034 = SURFACE_SIDE_STYLE('',(#18035));
#18035 = SURFACE_STYLE_FILL_AREA(#18036);
#18036 = FILL_AREA_STYLE('',(#18037));
#18037 = FILL_AREA_STYLE_COLOUR('',#18030);
#18038 = OVER_RIDING_STYLED_ITEM('overriding color',(#18039),#174,#18013
  );
#18039 = PRESENTATION_STYLE_ASSIGNMENT((#18040));
#18040 = SURFACE_STYLE_USAGE(.BOTH.,#18041);
#18041 = SURFACE_SIDE_STYLE('',(#18042));
#18042 = SURFACE_STYLE_FILL_AREA(#18043);
#18043 = FILL_AREA_STYLE('',(#18044));
#18044 = FILL_AREA_STYLE_COLOUR('',#18030);
#18045 = OVER_RIDING_STYLED_ITEM('overriding color',(#18046),#256,#18013
  );
#18046 = PRESENTATION_STYLE_ASSIGNMENT((#18047));
#18047 = SURFACE_STYLE_USAGE(.BOTH.,#18048);
#18048 = SURFACE_SIDE_STYLE('',(#18049));
#18049 = SURFACE_STYLE_FILL_AREA(#18050);
#18050 = FILL_AREA_STYLE('',(#18051));
#18051 = FILL_AREA_STYLE_COLOUR('',#18030);
#18052 = OVER_RIDING_STYLED_ITEM('overriding color',(#18053),#296,#18013
  );
#18053 = PRESENTATION_STYLE_ASSIGNMENT((#18054));
#18054 = SURFACE_STYLE_USAGE(.BOTH.,#18055);
#18055 = SURFACE_SIDE_STYLE('',(#18056));
#18056 = SURFACE_STYLE_FILL_AREA(#18057);
#18057 = FILL_AREA_STYLE('',(#18058));
#18058 = FILL_AREA_STYLE_COLOUR('',#18030);
#18059 = OVER_RIDING_STYLED_ITEM('overriding color',(#18060),#354,#18013
  );
#18060 = PRESENTATION_STYLE_ASSIGNMENT((#18061));
#18061 = SURFACE_STYLE_USAGE(.BOTH.,#18062);
#18062 = SURFACE_SIDE_STYLE('',(#18063));
#18063 = SURFACE_STYLE_FILL_AREA(#18064);
#18064 = FILL_AREA_STYLE('',(#18065));
#18065 = FILL_AREA_STYLE_COLOUR('',#18030);
#18066 = OVER_RIDING_STYLED_ITEM('overriding color',(#18067),#394,#18013
  );
#18067 = PRESENTATION_STYLE_ASSIGNMENT((#18068));
#18068 = SURFACE_STYLE_USAGE(.BOTH.,#18069);
#18069 = SURFACE_SIDE_STYLE('',(#18070));
#18070 = SURFACE_STYLE_FILL_AREA(#18071);
#18071 = FILL_AREA_STYLE('',(#18072));
#18072 = FILL_AREA_STYLE_COLOUR('',#18030);
#18073 = OVER_RIDING_STYLED_ITEM('overriding color',(#18074),#476,#18013
  );
#18074 = PRESENTATION_STYLE_ASSIGNMENT((#18075));
#18075 = SURFACE_STYLE_USAGE(.BOTH.,#18076);
#18076 = SURFACE_SIDE_STYLE('',(#18077));
#18077 = SURFACE_STYLE_FILL_AREA(#18078);
#18078 = FILL_AREA_STYLE('',(#18079));
#18079 = FILL_AREA_STYLE_COLOUR('',#18030);
#18080 = OVER_RIDING_STYLED_ITEM('overriding color',(#18081),#516,#18013
  );
#18081 = PRESENTATION_STYLE_ASSIGNMENT((#18082));
#18082 = SURFACE_STYLE_USAGE(.BOTH.,#18083);
#18083 = SURFACE_SIDE_STYLE('',(#18084));
#18084 = SURFACE_STYLE_FILL_AREA(#18085);
#18085 = FILL_AREA_STYLE('',(#18086));
#18086 = FILL_AREA_STYLE_COLOUR('',#18030);
#18087 = OVER_RIDING_STYLED_ITEM('overriding color',(#18088),#574,#18013
  );
#18088 = PRESENTATION_STYLE_ASSIGNMENT((#18089));
#18089 = SURFACE_STYLE_USAGE(.BOTH.,#18090);
#18090 = SURFACE_SIDE_STYLE('',(#18091));
#18091 = SURFACE_STYLE_FILL_AREA(#18092);
#18092 = FILL_AREA_STYLE('',(#18093));
#18093 = FILL_AREA_STYLE_COLOUR('',#18030);
#18094 = OVER_RIDING_STYLED_ITEM('overriding color',(#18095),#614,#18013
  );
#18095 = PRESENTATION_STYLE_ASSIGNMENT((#18096));
#18096 = SURFACE_STYLE_USAGE(.BOTH.,#18097);
#18097 = SURFACE_SIDE_STYLE('',(#18098));
#18098 = SURFACE_STYLE_FILL_AREA(#18099);
#18099 = FILL_AREA_STYLE('',(#18100));
#18100 = FILL_AREA_STYLE_COLOUR('',#18101);
#18101 = COLOUR_RGB('',1.,0.949019609525,0.894117649055);
#18102 = OVER_RIDING_STYLED_ITEM('overriding color',(#18103),#654,#18013
  );
#18103 = PRESENTATION_STYLE_ASSIGNMENT((#18104));
#18104 = SURFACE_STYLE_USAGE(.BOTH.,#18105);
#18105 = SURFACE_SIDE_STYLE('',(#18106));
#18106 = SURFACE_STYLE_FILL_AREA(#18107);
#18107 = FILL_AREA_STYLE('',(#18108));
#18108 = FILL_AREA_STYLE_COLOUR('',#18101);
#18109 = OVER_RIDING_STYLED_ITEM('overriding color',(#18110),#694,#18013
  );
#18110 = PRESENTATION_STYLE_ASSIGNMENT((#18111));
#18111 = SURFACE_STYLE_USAGE(.BOTH.,#18112);
#18112 = SURFACE_SIDE_STYLE('',(#18113));
#18113 = SURFACE_STYLE_FILL_AREA(#18114);
#18114 = FILL_AREA_STYLE('',(#18115));
#18115 = FILL_AREA_STYLE_COLOUR('',#18101);
#18116 = OVER_RIDING_STYLED_ITEM('overriding color',(#18117),#716,#18013
  );
#18117 = PRESENTATION_STYLE_ASSIGNMENT((#18118));
#18118 = SURFACE_STYLE_USAGE(.BOTH.,#18119);
#18119 = SURFACE_SIDE_STYLE('',(#18120));
#18120 = SURFACE_STYLE_FILL_AREA(#18121);
#18121 = FILL_AREA_STYLE('',(#18122));
#18122 = FILL_AREA_STYLE_COLOUR('',#18123);
#18123 = DRAUGHTING_PRE_DEFINED_COLOUR('black');
#18124 = OVER_RIDING_STYLED_ITEM('overriding color',(#18125),#774,#18013
  );
#18125 = PRESENTATION_STYLE_ASSIGNMENT((#18126));
#18126 = SURFACE_STYLE_USAGE(.BOTH.,#18127);
#18127 = SURFACE_SIDE_STYLE('',(#18128));
#18128 = SURFACE_STYLE_FILL_AREA(#18129);
#18129 = FILL_AREA_STYLE('',(#18130));
#18130 = FILL_AREA_STYLE_COLOUR('',#18101);
#18131 = OVER_RIDING_STYLED_ITEM('overriding color',(#18132),#807,#18013
  );
#18132 = PRESENTATION_STYLE_ASSIGNMENT((#18133));
#18133 = SURFACE_STYLE_USAGE(.BOTH.,#18134);
#18134 = SURFACE_SIDE_STYLE('',(#18135));
#18135 = SURFACE_STYLE_FILL_AREA(#18136);
#18136 = FILL_AREA_STYLE('',(#18137));
#18137 = FILL_AREA_STYLE_COLOUR('',#18030);
#18138 = OVER_RIDING_STYLED_ITEM('overriding color',(#18139),#872,#18013
  );
#18139 = PRESENTATION_STYLE_ASSIGNMENT((#18140));
#18140 = SURFACE_STYLE_USAGE(.BOTH.,#18141);
#18141 = SURFACE_SIDE_STYLE('',(#18142));
#18142 = SURFACE_STYLE_FILL_AREA(#18143);
#18143 = FILL_AREA_STYLE('',(#18144));
#18144 = FILL_AREA_STYLE_COLOUR('',#18101);
#18145 = OVER_RIDING_STYLED_ITEM('overriding color',(#18146),#905,#18013
  );
#18146 = PRESENTATION_STYLE_ASSIGNMENT((#18147));
#18147 = SURFACE_STYLE_USAGE(.BOTH.,#18148);
#18148 = SURFACE_SIDE_STYLE('',(#18149));
#18149 = SURFACE_STYLE_FILL_AREA(#18150);
#18150 = FILL_AREA_STYLE('',(#18151));
#18151 = FILL_AREA_STYLE_COLOUR('',#18030);
#18152 = OVER_RIDING_STYLED_ITEM('overriding color',(#18153),#970,#18013
  );
#18153 = PRESENTATION_STYLE_ASSIGNMENT((#18154));
#18154 = SURFACE_STYLE_USAGE(.BOTH.,#18155);
#18155 = SURFACE_SIDE_STYLE('',(#18156));
#18156 = SURFACE_STYLE_FILL_AREA(#18157);
#18157 = FILL_AREA_STYLE('',(#18158));
#18158 = FILL_AREA_STYLE_COLOUR('',#18101);
#18159 = OVER_RIDING_STYLED_ITEM('overriding color',(#18160),#1003,
  #18013);
#18160 = PRESENTATION_STYLE_ASSIGNMENT((#18161));
#18161 = SURFACE_STYLE_USAGE(.BOTH.,#18162);
#18162 = SURFACE_SIDE_STYLE('',(#18163));
#18163 = SURFACE_STYLE_FILL_AREA(#18164);
#18164 = FILL_AREA_STYLE('',(#18165));
#18165 = FILL_AREA_STYLE_COLOUR('',#18030);
#18166 = OVER_RIDING_STYLED_ITEM('overriding color',(#18167),#1068,
  #18013);
#18167 = PRESENTATION_STYLE_ASSIGNMENT((#18168));
#18168 = SURFACE_STYLE_USAGE(.BOTH.,#18169);
#18169 = SURFACE_SIDE_STYLE('',(#18170));
#18170 = SURFACE_STYLE_FILL_AREA(#18171);
#18171 = FILL_AREA_STYLE('',(#18172));
#18172 = FILL_AREA_STYLE_COLOUR('',#18101);
#18173 = OVER_RIDING_STYLED_ITEM('overriding color',(#18174),#1101,
  #18013);
#18174 = PRESENTATION_STYLE_ASSIGNMENT((#18175));
#18175 = SURFACE_STYLE_USAGE(.BOTH.,#18176);
#18176 = SURFACE_SIDE_STYLE('',(#18177));
#18177 = SURFACE_STYLE_FILL_AREA(#18178);
#18178 = FILL_AREA_STYLE('',(#18179));
#18179 = FILL_AREA_STYLE_COLOUR('',#18030);
#18180 = OVER_RIDING_STYLED_ITEM('overriding color',(#18181),#1166,
  #18013);
#18181 = PRESENTATION_STYLE_ASSIGNMENT((#18182));
#18182 = SURFACE_STYLE_USAGE(.BOTH.,#18183);
#18183 = SURFACE_SIDE_STYLE('',(#18184));
#18184 = SURFACE_STYLE_FILL_AREA(#18185);
#18185 = FILL_AREA_STYLE('',(#18186));
#18186 = FILL_AREA_STYLE_COLOUR('',#18030);
#18187 = OVER_RIDING_STYLED_ITEM('overriding color',(#18188),#1196,
  #18013);
#18188 = PRESENTATION_STYLE_ASSIGNMENT((#18189));
#18189 = SURFACE_STYLE_USAGE(.BOTH.,#18190);
#18190 = SURFACE_SIDE_STYLE('',(#18191));
#18191 = SURFACE_STYLE_FILL_AREA(#18192);
#18192 = FILL_AREA_STYLE('',(#18193));
#18193 = FILL_AREA_STYLE_COLOUR('',#18030);
#18194 = OVER_RIDING_STYLED_ITEM('overriding color',(#18195),#1226,
  #18013);
#18195 = PRESENTATION_STYLE_ASSIGNMENT((#18196));
#18196 = SURFACE_STYLE_USAGE(.BOTH.,#18197);
#18197 = SURFACE_SIDE_STYLE('',(#18198));
#18198 = SURFACE_STYLE_FILL_AREA(#18199);
#18199 = FILL_AREA_STYLE('',(#18200));
#18200 = FILL_AREA_STYLE_COLOUR('',#18030);
#18201 = OVER_RIDING_STYLED_ITEM('overriding color',(#18202),#1238,
  #18013);
#18202 = PRESENTATION_STYLE_ASSIGNMENT((#18203));
#18203 = SURFACE_STYLE_USAGE(.BOTH.,#18204);
#18204 = SURFACE_SIDE_STYLE('',(#18205));
#18205 = SURFACE_STYLE_FILL_AREA(#18206);
#18206 = FILL_AREA_STYLE('',(#18207));
#18207 = FILL_AREA_STYLE_COLOUR('',#18030);
#18208 = OVER_RIDING_STYLED_ITEM('overriding color',(#18209),#1250,
  #18013);
#18209 = PRESENTATION_STYLE_ASSIGNMENT((#18210));
#18210 = SURFACE_STYLE_USAGE(.BOTH.,#18211);
#18211 = SURFACE_SIDE_STYLE('',(#18212));
#18212 = SURFACE_STYLE_FILL_AREA(#18213);
#18213 = FILL_AREA_STYLE('',(#18214));
#18214 = FILL_AREA_STYLE_COLOUR('',#18030);
#18215 = OVER_RIDING_STYLED_ITEM('overriding color',(#18216),#1274,
  #18013);
#18216 = PRESENTATION_STYLE_ASSIGNMENT((#18217));
#18217 = SURFACE_STYLE_USAGE(.BOTH.,#18218);
#18218 = SURFACE_SIDE_STYLE('',(#18219));
#18219 = SURFACE_STYLE_FILL_AREA(#18220);
#18220 = FILL_AREA_STYLE('',(#18221));
#18221 = FILL_AREA_STYLE_COLOUR('',#18030);
#18222 = OVER_RIDING_STYLED_ITEM('overriding color',(#18223),#1298,
  #18013);
#18223 = PRESENTATION_STYLE_ASSIGNMENT((#18224));
#18224 = SURFACE_STYLE_USAGE(.BOTH.,#18225);
#18225 = SURFACE_SIDE_STYLE('',(#18226));
#18226 = SURFACE_STYLE_FILL_AREA(#18227);
#18227 = FILL_AREA_STYLE('',(#18228));
#18228 = FILL_AREA_STYLE_COLOUR('',#18030);
#18229 = OVER_RIDING_STYLED_ITEM('overriding color',(#18230),#1322,
  #18013);
#18230 = PRESENTATION_STYLE_ASSIGNMENT((#18231));
#18231 = SURFACE_STYLE_USAGE(.BOTH.,#18232);
#18232 = SURFACE_SIDE_STYLE('',(#18233));
#18233 = SURFACE_STYLE_FILL_AREA(#18234);
#18234 = FILL_AREA_STYLE('',(#18235));
#18235 = FILL_AREA_STYLE_COLOUR('',#18030);
#18236 = OVER_RIDING_STYLED_ITEM('overriding color',(#18237),#1346,
  #18013);
#18237 = PRESENTATION_STYLE_ASSIGNMENT((#18238));
#18238 = SURFACE_STYLE_USAGE(.BOTH.,#18239);
#18239 = SURFACE_SIDE_STYLE('',(#18240));
#18240 = SURFACE_STYLE_FILL_AREA(#18241);
#18241 = FILL_AREA_STYLE('',(#18242));
#18242 = FILL_AREA_STYLE_COLOUR('',#18101);
#18243 = OVER_RIDING_STYLED_ITEM('overriding color',(#18244),#1362,
  #18013);
#18244 = PRESENTATION_STYLE_ASSIGNMENT((#18245));
#18245 = SURFACE_STYLE_USAGE(.BOTH.,#18246);
#18246 = SURFACE_SIDE_STYLE('',(#18247));
#18247 = SURFACE_STYLE_FILL_AREA(#18248);
#18248 = FILL_AREA_STYLE('',(#18249));
#18249 = FILL_AREA_STYLE_COLOUR('',#18101);
#18250 = OVER_RIDING_STYLED_ITEM('overriding color',(#18251),#1408,
  #18013);
#18251 = PRESENTATION_STYLE_ASSIGNMENT((#18252));
#18252 = SURFACE_STYLE_USAGE(.BOTH.,#18253);
#18253 = SURFACE_SIDE_STYLE('',(#18254));
#18254 = SURFACE_STYLE_FILL_AREA(#18255);
#18255 = FILL_AREA_STYLE('',(#18256));
#18256 = FILL_AREA_STYLE_COLOUR('',#18101);
#18257 = OVER_RIDING_STYLED_ITEM('overriding color',(#18258),#1424,
  #18013);
#18258 = PRESENTATION_STYLE_ASSIGNMENT((#18259));
#18259 = SURFACE_STYLE_USAGE(.BOTH.,#18260);
#18260 = SURFACE_SIDE_STYLE('',(#18261));
#18261 = SURFACE_STYLE_FILL_AREA(#18262);
#18262 = FILL_AREA_STYLE('',(#18263));
#18263 = FILL_AREA_STYLE_COLOUR('',#18101);
#18264 = OVER_RIDING_STYLED_ITEM('overriding color',(#18265),#1470,
  #18013);
#18265 = PRESENTATION_STYLE_ASSIGNMENT((#18266));
#18266 = SURFACE_STYLE_USAGE(.BOTH.,#18267);
#18267 = SURFACE_SIDE_STYLE('',(#18268));
#18268 = SURFACE_STYLE_FILL_AREA(#18269);
#18269 = FILL_AREA_STYLE('',(#18270));
#18270 = FILL_AREA_STYLE_COLOUR('',#18030);
#18271 = OVER_RIDING_STYLED_ITEM('overriding color',(#18272),#1502,
  #18013);
#18272 = PRESENTATION_STYLE_ASSIGNMENT((#18273));
#18273 = SURFACE_STYLE_USAGE(.BOTH.,#18274);
#18274 = SURFACE_SIDE_STYLE('',(#18275));
#18275 = SURFACE_STYLE_FILL_AREA(#18276);
#18276 = FILL_AREA_STYLE('',(#18277));
#18277 = FILL_AREA_STYLE_COLOUR('',#18030);
#18278 = OVER_RIDING_STYLED_ITEM('overriding color',(#18279),#1520,
  #18013);
#18279 = PRESENTATION_STYLE_ASSIGNMENT((#18280));
#18280 = SURFACE_STYLE_USAGE(.BOTH.,#18281);
#18281 = SURFACE_SIDE_STYLE('',(#18282));
#18282 = SURFACE_STYLE_FILL_AREA(#18283);
#18283 = FILL_AREA_STYLE('',(#18284));
#18284 = FILL_AREA_STYLE_COLOUR('',#18030);
#18285 = OVER_RIDING_STYLED_ITEM('overriding color',(#18286),#1537,
  #18013);
#18286 = PRESENTATION_STYLE_ASSIGNMENT((#18287));
#18287 = SURFACE_STYLE_USAGE(.BOTH.,#18288);
#18288 = SURFACE_SIDE_STYLE('',(#18289));
#18289 = SURFACE_STYLE_FILL_AREA(#18290);
#18290 = FILL_AREA_STYLE('',(#18291));
#18291 = FILL_AREA_STYLE_COLOUR('',#18030);
#18292 = OVER_RIDING_STYLED_ITEM('overriding color',(#18293),#1555,
  #18013);
#18293 = PRESENTATION_STYLE_ASSIGNMENT((#18294));
#18294 = SURFACE_STYLE_USAGE(.BOTH.,#18295);
#18295 = SURFACE_SIDE_STYLE('',(#18296));
#18296 = SURFACE_STYLE_FILL_AREA(#18297);
#18297 = FILL_AREA_STYLE('',(#18298));
#18298 = FILL_AREA_STYLE_COLOUR('',#18030);
#18299 = OVER_RIDING_STYLED_ITEM('overriding color',(#18300),#1572,
  #18013);
#18300 = PRESENTATION_STYLE_ASSIGNMENT((#18301));
#18301 = SURFACE_STYLE_USAGE(.BOTH.,#18302);
#18302 = SURFACE_SIDE_STYLE('',(#18303));
#18303 = SURFACE_STYLE_FILL_AREA(#18304);
#18304 = FILL_AREA_STYLE('',(#18305));
#18305 = FILL_AREA_STYLE_COLOUR('',#18030);
#18306 = OVER_RIDING_STYLED_ITEM('overriding color',(#18307),#1585,
  #18013);
#18307 = PRESENTATION_STYLE_ASSIGNMENT((#18308));
#18308 = SURFACE_STYLE_USAGE(.BOTH.,#18309);
#18309 = SURFACE_SIDE_STYLE('',(#18310));
#18310 = SURFACE_STYLE_FILL_AREA(#18311);
#18311 = FILL_AREA_STYLE('',(#18312));
#18312 = FILL_AREA_STYLE_COLOUR('',#18030);
#18313 = OVER_RIDING_STYLED_ITEM('overriding color',(#18314),#1617,
  #18013);
#18314 = PRESENTATION_STYLE_ASSIGNMENT((#18315));
#18315 = SURFACE_STYLE_USAGE(.BOTH.,#18316);
#18316 = SURFACE_SIDE_STYLE('',(#18317));
#18317 = SURFACE_STYLE_FILL_AREA(#18318);
#18318 = FILL_AREA_STYLE('',(#18319));
#18319 = FILL_AREA_STYLE_COLOUR('',#18030);
#18320 = OVER_RIDING_STYLED_ITEM('overriding color',(#18321),#1635,
  #18013);
#18321 = PRESENTATION_STYLE_ASSIGNMENT((#18322));
#18322 = SURFACE_STYLE_USAGE(.BOTH.,#18323);
#18323 = SURFACE_SIDE_STYLE('',(#18324));
#18324 = SURFACE_STYLE_FILL_AREA(#18325);
#18325 = FILL_AREA_STYLE('',(#18326));
#18326 = FILL_AREA_STYLE_COLOUR('',#18030);
#18327 = OVER_RIDING_STYLED_ITEM('overriding color',(#18328),#1652,
  #18013);
#18328 = PRESENTATION_STYLE_ASSIGNMENT((#18329));
#18329 = SURFACE_STYLE_USAGE(.BOTH.,#18330);
#18330 = SURFACE_SIDE_STYLE('',(#18331));
#18331 = SURFACE_STYLE_FILL_AREA(#18332);
#18332 = FILL_AREA_STYLE('',(#18333));
#18333 = FILL_AREA_STYLE_COLOUR('',#18030);
#18334 = OVER_RIDING_STYLED_ITEM('overriding color',(#18335),#1700,
  #18013);
#18335 = PRESENTATION_STYLE_ASSIGNMENT((#18336));
#18336 = SURFACE_STYLE_USAGE(.BOTH.,#18337);
#18337 = SURFACE_SIDE_STYLE('',(#18338));
#18338 = SURFACE_STYLE_FILL_AREA(#18339);
#18339 = FILL_AREA_STYLE('',(#18340));
#18340 = FILL_AREA_STYLE_COLOUR('',#18030);
#18341 = OVER_RIDING_STYLED_ITEM('overriding color',(#18342),#1732,
  #18013);
#18342 = PRESENTATION_STYLE_ASSIGNMENT((#18343));
#18343 = SURFACE_STYLE_USAGE(.BOTH.,#18344);
#18344 = SURFACE_SIDE_STYLE('',(#18345));
#18345 = SURFACE_STYLE_FILL_AREA(#18346);
#18346 = FILL_AREA_STYLE('',(#18347));
#18347 = FILL_AREA_STYLE_COLOUR('',#18030);
#18348 = OVER_RIDING_STYLED_ITEM('overriding color',(#18349),#1750,
  #18013);
#18349 = PRESENTATION_STYLE_ASSIGNMENT((#18350));
#18350 = SURFACE_STYLE_USAGE(.BOTH.,#18351);
#18351 = SURFACE_SIDE_STYLE('',(#18352));
#18352 = SURFACE_STYLE_FILL_AREA(#18353);
#18353 = FILL_AREA_STYLE('',(#18354));
#18354 = FILL_AREA_STYLE_COLOUR('',#18030);
#18355 = OVER_RIDING_STYLED_ITEM('overriding color',(#18356),#1767,
  #18013);
#18356 = PRESENTATION_STYLE_ASSIGNMENT((#18357));
#18357 = SURFACE_STYLE_USAGE(.BOTH.,#18358);
#18358 = SURFACE_SIDE_STYLE('',(#18359));
#18359 = SURFACE_STYLE_FILL_AREA(#18360);
#18360 = FILL_AREA_STYLE('',(#18361));
#18361 = FILL_AREA_STYLE_COLOUR('',#18030);
#18362 = OVER_RIDING_STYLED_ITEM('overriding color',(#18363),#1785,
  #18013);
#18363 = PRESENTATION_STYLE_ASSIGNMENT((#18364));
#18364 = SURFACE_STYLE_USAGE(.BOTH.,#18365);
#18365 = SURFACE_SIDE_STYLE('',(#18366));
#18366 = SURFACE_STYLE_FILL_AREA(#18367);
#18367 = FILL_AREA_STYLE('',(#18368));
#18368 = FILL_AREA_STYLE_COLOUR('',#18030);
#18369 = OVER_RIDING_STYLED_ITEM('overriding color',(#18370),#1802,
  #18013);
#18370 = PRESENTATION_STYLE_ASSIGNMENT((#18371));
#18371 = SURFACE_STYLE_USAGE(.BOTH.,#18372);
#18372 = SURFACE_SIDE_STYLE('',(#18373));
#18373 = SURFACE_STYLE_FILL_AREA(#18374);
#18374 = FILL_AREA_STYLE('',(#18375));
#18375 = FILL_AREA_STYLE_COLOUR('',#18030);
#18376 = OVER_RIDING_STYLED_ITEM('overriding color',(#18377),#1815,
  #18013);
#18377 = PRESENTATION_STYLE_ASSIGNMENT((#18378));
#18378 = SURFACE_STYLE_USAGE(.BOTH.,#18379);
#18379 = SURFACE_SIDE_STYLE('',(#18380));
#18380 = SURFACE_STYLE_FILL_AREA(#18381);
#18381 = FILL_AREA_STYLE('',(#18382));
#18382 = FILL_AREA_STYLE_COLOUR('',#18030);
#18383 = OVER_RIDING_STYLED_ITEM('overriding color',(#18384),#1847,
  #18013);
#18384 = PRESENTATION_STYLE_ASSIGNMENT((#18385));
#18385 = SURFACE_STYLE_USAGE(.BOTH.,#18386);
#18386 = SURFACE_SIDE_STYLE('',(#18387));
#18387 = SURFACE_STYLE_FILL_AREA(#18388);
#18388 = FILL_AREA_STYLE('',(#18389));
#18389 = FILL_AREA_STYLE_COLOUR('',#18030);
#18390 = OVER_RIDING_STYLED_ITEM('overriding color',(#18391),#1865,
  #18013);
#18391 = PRESENTATION_STYLE_ASSIGNMENT((#18392));
#18392 = SURFACE_STYLE_USAGE(.BOTH.,#18393);
#18393 = SURFACE_SIDE_STYLE('',(#18394));
#18394 = SURFACE_STYLE_FILL_AREA(#18395);
#18395 = FILL_AREA_STYLE('',(#18396));
#18396 = FILL_AREA_STYLE_COLOUR('',#18030);
#18397 = OVER_RIDING_STYLED_ITEM('overriding color',(#18398),#1882,
  #18013);
#18398 = PRESENTATION_STYLE_ASSIGNMENT((#18399));
#18399 = SURFACE_STYLE_USAGE(.BOTH.,#18400);
#18400 = SURFACE_SIDE_STYLE('',(#18401));
#18401 = SURFACE_STYLE_FILL_AREA(#18402);
#18402 = FILL_AREA_STYLE('',(#18403));
#18403 = FILL_AREA_STYLE_COLOUR('',#18030);
#18404 = OVER_RIDING_STYLED_ITEM('overriding color',(#18405),#1900,
  #18013);
#18405 = PRESENTATION_STYLE_ASSIGNMENT((#18406));
#18406 = SURFACE_STYLE_USAGE(.BOTH.,#18407);
#18407 = SURFACE_SIDE_STYLE('',(#18408));
#18408 = SURFACE_STYLE_FILL_AREA(#18409);
#18409 = FILL_AREA_STYLE('',(#18410));
#18410 = FILL_AREA_STYLE_COLOUR('',#18030);
#18411 = OVER_RIDING_STYLED_ITEM('overriding color',(#18412),#1917,
  #18013);
#18412 = PRESENTATION_STYLE_ASSIGNMENT((#18413));
#18413 = SURFACE_STYLE_USAGE(.BOTH.,#18414);
#18414 = SURFACE_SIDE_STYLE('',(#18415));
#18415 = SURFACE_STYLE_FILL_AREA(#18416);
#18416 = FILL_AREA_STYLE('',(#18417));
#18417 = FILL_AREA_STYLE_COLOUR('',#18030);
#18418 = MECHANICAL_DESIGN_GEOMETRIC_PRESENTATION_REPRESENTATION('',(
    #18419,#18426,#18433),#7416);
#18419 = STYLED_ITEM('color',(#18420),#6218);
#18420 = PRESENTATION_STYLE_ASSIGNMENT((#18421));
#18421 = SURFACE_STYLE_USAGE(.BOTH.,#18422);
#18422 = SURFACE_SIDE_STYLE('',(#18423));
#18423 = SURFACE_STYLE_FILL_AREA(#18424);
#18424 = FILL_AREA_STYLE('',(#18425));
#18425 = FILL_AREA_STYLE_COLOUR('',#18020);
#18426 = STYLED_ITEM('color',(#18427),#6672);
#18427 = PRESENTATION_STYLE_ASSIGNMENT((#18428));
#18428 = SURFACE_STYLE_USAGE(.BOTH.,#18429);
#18429 = SURFACE_SIDE_STYLE('',(#18430));
#18430 = SURFACE_STYLE_FILL_AREA(#18431);
#18431 = FILL_AREA_STYLE('',(#18432));
#18432 = FILL_AREA_STYLE_COLOUR('',#18020);
#18433 = STYLED_ITEM('color',(#18434),#7126);
#18434 = PRESENTATION_STYLE_ASSIGNMENT((#18435));
#18435 = SURFACE_STYLE_USAGE(.BOTH.,#18436);
#18436 = SURFACE_SIDE_STYLE('',(#18437));
#18437 = SURFACE_STYLE_FILL_AREA(#18438);
#18438 = FILL_AREA_STYLE('',(#18439));
#18439 = FILL_AREA_STYLE_COLOUR('',#18440);
#18440 = COLOUR_RGB('',0.909803911811,0.443137255223,3.137254979461E-02
  );
#18441 = MECHANICAL_DESIGN_GEOMETRIC_PRESENTATION_REPRESENTATION('',(
    #18442,#18452,#18460,#18467,#18474,#18481,#18489,#18496,#18503,
    #18510,#18517,#18524,#18531,#18538,#18545,#18552,#18559,#18566,
    #18573,#18580,#18587,#18594,#18601,#18608,#18615,#18622,#18629,
    #18636,#18643,#18650,#18657,#18664,#18671,#18678,#18685,#18692,
    #18699,#18706,#18713,#18720,#18727,#18734,#18741,#18748,#18755,
    #18762,#18769,#18776,#18783,#18790,#18797,#18804,#18811,#18818,
    #18825,#18832,#18839,#18846,#18853,#18860,#18867,#18874,#18881,
    #18888,#18895,#18902,#18909,#18916,#18923,#18930,#18937,#18944,
    #18951,#18958,#18965,#18972,#18979,#18986,#18993,#19000,#19007,
    #19014,#19021,#19028,#19035,#19042,#19049,#19056,#19063,#19070,
    #19077,#19084,#19091,#19098,#19105,#19112),#12126);
#18442 = STYLED_ITEM('color',(#18443),#7458);
#18443 = PRESENTATION_STYLE_ASSIGNMENT((#18444,#18450));
#18444 = SURFACE_STYLE_USAGE(.BOTH.,#18445);
#18445 = SURFACE_SIDE_STYLE('',(#18446));
#18446 = SURFACE_STYLE_FILL_AREA(#18447);
#18447 = FILL_AREA_STYLE('',(#18448));
#18448 = FILL_AREA_STYLE_COLOUR('',#18449);
#18449 = COLOUR_RGB('',0.745098043297,0.745098043297,0.745098043297);
#18450 = CURVE_STYLE('',#18451,POSITIVE_LENGTH_MEASURE(0.1),#18449);
#18451 = DRAUGHTING_PRE_DEFINED_CURVE_FONT('continuous');
#18452 = OVER_RIDING_STYLED_ITEM('overriding color',(#18453),#7460,
  #18442);
#18453 = PRESENTATION_STYLE_ASSIGNMENT((#18454));
#18454 = SURFACE_STYLE_USAGE(.BOTH.,#18455);
#18455 = SURFACE_SIDE_STYLE('',(#18456));
#18456 = SURFACE_STYLE_FILL_AREA(#18457);
#18457 = FILL_AREA_STYLE('',(#18458));
#18458 = FILL_AREA_STYLE_COLOUR('',#18459);
#18459 = COLOUR_RGB('',0.952941189437,0.952941189437,0.952941189437);
#18460 = OVER_RIDING_STYLED_ITEM('overriding color',(#18461),#7542,
  #18442);
#18461 = PRESENTATION_STYLE_ASSIGNMENT((#18462));
#18462 = SURFACE_STYLE_USAGE(.BOTH.,#18463);
#18463 = SURFACE_SIDE_STYLE('',(#18464));
#18464 = SURFACE_STYLE_FILL_AREA(#18465);
#18465 = FILL_AREA_STYLE('',(#18466));
#18466 = FILL_AREA_STYLE_COLOUR('',#18459);
#18467 = OVER_RIDING_STYLED_ITEM('overriding color',(#18468),#7598,
  #18442);
#18468 = PRESENTATION_STYLE_ASSIGNMENT((#18469));
#18469 = SURFACE_STYLE_USAGE(.BOTH.,#18470);
#18470 = SURFACE_SIDE_STYLE('',(#18471));
#18471 = SURFACE_STYLE_FILL_AREA(#18472);
#18472 = FILL_AREA_STYLE('',(#18473));
#18473 = FILL_AREA_STYLE_COLOUR('',#18459);
#18474 = OVER_RIDING_STYLED_ITEM('overriding color',(#18475),#7680,
  #18442);
#18475 = PRESENTATION_STYLE_ASSIGNMENT((#18476));
#18476 = SURFACE_STYLE_USAGE(.BOTH.,#18477);
#18477 = SURFACE_SIDE_STYLE('',(#18478));
#18478 = SURFACE_STYLE_FILL_AREA(#18479);
#18479 = FILL_AREA_STYLE('',(#18480));
#18480 = FILL_AREA_STYLE_COLOUR('',#18459);
#18481 = OVER_RIDING_STYLED_ITEM('overriding color',(#18482),#7736,
  #18442);
#18482 = PRESENTATION_STYLE_ASSIGNMENT((#18483));
#18483 = SURFACE_STYLE_USAGE(.BOTH.,#18484);
#18484 = SURFACE_SIDE_STYLE('',(#18485));
#18485 = SURFACE_STYLE_FILL_AREA(#18486);
#18486 = FILL_AREA_STYLE('',(#18487));
#18487 = FILL_AREA_STYLE_COLOUR('',#18488);
#18488 = COLOUR_RGB('',0.956862747054,0.956862747054,0.956862747054);
#18489 = OVER_RIDING_STYLED_ITEM('overriding color',(#18490),#7778,
  #18442);
#18490 = PRESENTATION_STYLE_ASSIGNMENT((#18491));
#18491 = SURFACE_STYLE_USAGE(.BOTH.,#18492);
#18492 = SURFACE_SIDE_STYLE('',(#18493));
#18493 = SURFACE_STYLE_FILL_AREA(#18494);
#18494 = FILL_AREA_STYLE('',(#18495));
#18495 = FILL_AREA_STYLE_COLOUR('',#18459);
#18496 = OVER_RIDING_STYLED_ITEM('overriding color',(#18497),#7884,
  #18442);
#18497 = PRESENTATION_STYLE_ASSIGNMENT((#18498));
#18498 = SURFACE_STYLE_USAGE(.BOTH.,#18499);
#18499 = SURFACE_SIDE_STYLE('',(#18500));
#18500 = SURFACE_STYLE_FILL_AREA(#18501);
#18501 = FILL_AREA_STYLE('',(#18502));
#18502 = FILL_AREA_STYLE_COLOUR('',#18459);
#18503 = OVER_RIDING_STYLED_ITEM('overriding color',(#18504),#7990,
  #18442);
#18504 = PRESENTATION_STYLE_ASSIGNMENT((#18505));
#18505 = SURFACE_STYLE_USAGE(.BOTH.,#18506);
#18506 = SURFACE_SIDE_STYLE('',(#18507));
#18507 = SURFACE_STYLE_FILL_AREA(#18508);
#18508 = FILL_AREA_STYLE('',(#18509));
#18509 = FILL_AREA_STYLE_COLOUR('',#18459);
#18510 = OVER_RIDING_STYLED_ITEM('overriding color',(#18511),#8012,
  #18442);
#18511 = PRESENTATION_STYLE_ASSIGNMENT((#18512));
#18512 = SURFACE_STYLE_USAGE(.BOTH.,#18513);
#18513 = SURFACE_SIDE_STYLE('',(#18514));
#18514 = SURFACE_STYLE_FILL_AREA(#18515);
#18515 = FILL_AREA_STYLE('',(#18516));
#18516 = FILL_AREA_STYLE_COLOUR('',#18459);
#18517 = OVER_RIDING_STYLED_ITEM('overriding color',(#18518),#8054,
  #18442);
#18518 = PRESENTATION_STYLE_ASSIGNMENT((#18519));
#18519 = SURFACE_STYLE_USAGE(.BOTH.,#18520);
#18520 = SURFACE_SIDE_STYLE('',(#18521));
#18521 = SURFACE_STYLE_FILL_AREA(#18522);
#18522 = FILL_AREA_STYLE('',(#18523));
#18523 = FILL_AREA_STYLE_COLOUR('',#18488);
#18524 = OVER_RIDING_STYLED_ITEM('overriding color',(#18525),#8142,
  #18442);
#18525 = PRESENTATION_STYLE_ASSIGNMENT((#18526));
#18526 = SURFACE_STYLE_USAGE(.BOTH.,#18527);
#18527 = SURFACE_SIDE_STYLE('',(#18528));
#18528 = SURFACE_STYLE_FILL_AREA(#18529);
#18529 = FILL_AREA_STYLE('',(#18530));
#18530 = FILL_AREA_STYLE_COLOUR('',#18488);
#18531 = OVER_RIDING_STYLED_ITEM('overriding color',(#18532),#8207,
  #18442);
#18532 = PRESENTATION_STYLE_ASSIGNMENT((#18533));
#18533 = SURFACE_STYLE_USAGE(.BOTH.,#18534);
#18534 = SURFACE_SIDE_STYLE('',(#18535));
#18535 = SURFACE_STYLE_FILL_AREA(#18536);
#18536 = FILL_AREA_STYLE('',(#18537));
#18537 = FILL_AREA_STYLE_COLOUR('',#18488);
#18538 = OVER_RIDING_STYLED_ITEM('overriding color',(#18539),#8248,
  #18442);
#18539 = PRESENTATION_STYLE_ASSIGNMENT((#18540));
#18540 = SURFACE_STYLE_USAGE(.BOTH.,#18541);
#18541 = SURFACE_SIDE_STYLE('',(#18542));
#18542 = SURFACE_STYLE_FILL_AREA(#18543);
#18543 = FILL_AREA_STYLE('',(#18544));
#18544 = FILL_AREA_STYLE_COLOUR('',#18488);
#18545 = OVER_RIDING_STYLED_ITEM('overriding color',(#18546),#8272,
  #18442);
#18546 = PRESENTATION_STYLE_ASSIGNMENT((#18547));
#18547 = SURFACE_STYLE_USAGE(.BOTH.,#18548);
#18548 = SURFACE_SIDE_STYLE('',(#18549));
#18549 = SURFACE_STYLE_FILL_AREA(#18550);
#18550 = FILL_AREA_STYLE('',(#18551));
#18551 = FILL_AREA_STYLE_COLOUR('',#18488);
#18552 = OVER_RIDING_STYLED_ITEM('overriding color',(#18553),#8296,
  #18442);
#18553 = PRESENTATION_STYLE_ASSIGNMENT((#18554));
#18554 = SURFACE_STYLE_USAGE(.BOTH.,#18555);
#18555 = SURFACE_SIDE_STYLE('',(#18556));
#18556 = SURFACE_STYLE_FILL_AREA(#18557);
#18557 = FILL_AREA_STYLE('',(#18558));
#18558 = FILL_AREA_STYLE_COLOUR('',#18488);
#18559 = OVER_RIDING_STYLED_ITEM('overriding color',(#18560),#8336,
  #18442);
#18560 = PRESENTATION_STYLE_ASSIGNMENT((#18561));
#18561 = SURFACE_STYLE_USAGE(.BOTH.,#18562);
#18562 = SURFACE_SIDE_STYLE('',(#18563));
#18563 = SURFACE_STYLE_FILL_AREA(#18564);
#18564 = FILL_AREA_STYLE('',(#18565));
#18565 = FILL_AREA_STYLE_COLOUR('',#18488);
#18566 = OVER_RIDING_STYLED_ITEM('overriding color',(#18567),#8354,
  #18442);
#18567 = PRESENTATION_STYLE_ASSIGNMENT((#18568));
#18568 = SURFACE_STYLE_USAGE(.BOTH.,#18569);
#18569 = SURFACE_SIDE_STYLE('',(#18570));
#18570 = SURFACE_STYLE_FILL_AREA(#18571);
#18571 = FILL_AREA_STYLE('',(#18572));
#18572 = FILL_AREA_STYLE_COLOUR('',#18488);
#18573 = OVER_RIDING_STYLED_ITEM('overriding color',(#18574),#8394,
  #18442);
#18574 = PRESENTATION_STYLE_ASSIGNMENT((#18575));
#18575 = SURFACE_STYLE_USAGE(.BOTH.,#18576);
#18576 = SURFACE_SIDE_STYLE('',(#18577));
#18577 = SURFACE_STYLE_FILL_AREA(#18578);
#18578 = FILL_AREA_STYLE('',(#18579));
#18579 = FILL_AREA_STYLE_COLOUR('',#18459);
#18580 = OVER_RIDING_STYLED_ITEM('overriding color',(#18581),#8418,
  #18442);
#18581 = PRESENTATION_STYLE_ASSIGNMENT((#18582));
#18582 = SURFACE_STYLE_USAGE(.BOTH.,#18583);
#18583 = SURFACE_SIDE_STYLE('',(#18584));
#18584 = SURFACE_STYLE_FILL_AREA(#18585);
#18585 = FILL_AREA_STYLE('',(#18586));
#18586 = FILL_AREA_STYLE_COLOUR('',#18488);
#18587 = OVER_RIDING_STYLED_ITEM('overriding color',(#18588),#8476,
  #18442);
#18588 = PRESENTATION_STYLE_ASSIGNMENT((#18589));
#18589 = SURFACE_STYLE_USAGE(.BOTH.,#18590);
#18590 = SURFACE_SIDE_STYLE('',(#18591));
#18591 = SURFACE_STYLE_FILL_AREA(#18592);
#18592 = FILL_AREA_STYLE('',(#18593));
#18593 = FILL_AREA_STYLE_COLOUR('',#18488);
#18594 = OVER_RIDING_STYLED_ITEM('overriding color',(#18595),#8538,
  #18442);
#18595 = PRESENTATION_STYLE_ASSIGNMENT((#18596));
#18596 = SURFACE_STYLE_USAGE(.BOTH.,#18597);
#18597 = SURFACE_SIDE_STYLE('',(#18598));
#18598 = SURFACE_STYLE_FILL_AREA(#18599);
#18599 = FILL_AREA_STYLE('',(#18600));
#18600 = FILL_AREA_STYLE_COLOUR('',#18488);
#18601 = OVER_RIDING_STYLED_ITEM('overriding color',(#18602),#8562,
  #18442);
#18602 = PRESENTATION_STYLE_ASSIGNMENT((#18603));
#18603 = SURFACE_STYLE_USAGE(.BOTH.,#18604);
#18604 = SURFACE_SIDE_STYLE('',(#18605));
#18605 = SURFACE_STYLE_FILL_AREA(#18606);
#18606 = FILL_AREA_STYLE('',(#18607));
#18607 = FILL_AREA_STYLE_COLOUR('',#18488);
#18608 = OVER_RIDING_STYLED_ITEM('overriding color',(#18609),#8617,
  #18442);
#18609 = PRESENTATION_STYLE_ASSIGNMENT((#18610));
#18610 = SURFACE_STYLE_USAGE(.BOTH.,#18611);
#18611 = SURFACE_SIDE_STYLE('',(#18612));
#18612 = SURFACE_STYLE_FILL_AREA(#18613);
#18613 = FILL_AREA_STYLE('',(#18614));
#18614 = FILL_AREA_STYLE_COLOUR('',#18488);
#18615 = OVER_RIDING_STYLED_ITEM('overriding color',(#18616),#8763,
  #18442);
#18616 = PRESENTATION_STYLE_ASSIGNMENT((#18617));
#18617 = SURFACE_STYLE_USAGE(.BOTH.,#18618);
#18618 = SURFACE_SIDE_STYLE('',(#18619));
#18619 = SURFACE_STYLE_FILL_AREA(#18620);
#18620 = FILL_AREA_STYLE('',(#18621));
#18621 = FILL_AREA_STYLE_COLOUR('',#18488);
#18622 = OVER_RIDING_STYLED_ITEM('overriding color',(#18623),#8856,
  #18442);
#18623 = PRESENTATION_STYLE_ASSIGNMENT((#18624));
#18624 = SURFACE_STYLE_USAGE(.BOTH.,#18625);
#18625 = SURFACE_SIDE_STYLE('',(#18626));
#18626 = SURFACE_STYLE_FILL_AREA(#18627);
#18627 = FILL_AREA_STYLE('',(#18628));
#18628 = FILL_AREA_STYLE_COLOUR('',#18459);
#18629 = OVER_RIDING_STYLED_ITEM('overriding color',(#18630),#8963,
  #18442);
#18630 = PRESENTATION_STYLE_ASSIGNMENT((#18631));
#18631 = SURFACE_STYLE_USAGE(.BOTH.,#18632);
#18632 = SURFACE_SIDE_STYLE('',(#18633));
#18633 = SURFACE_STYLE_FILL_AREA(#18634);
#18634 = FILL_AREA_STYLE('',(#18635));
#18635 = FILL_AREA_STYLE_COLOUR('',#18459);
#18636 = OVER_RIDING_STYLED_ITEM('overriding color',(#18637),#9095,
  #18442);
#18637 = PRESENTATION_STYLE_ASSIGNMENT((#18638));
#18638 = SURFACE_STYLE_USAGE(.BOTH.,#18639);
#18639 = SURFACE_SIDE_STYLE('',(#18640));
#18640 = SURFACE_STYLE_FILL_AREA(#18641);
#18641 = FILL_AREA_STYLE('',(#18642));
#18642 = FILL_AREA_STYLE_COLOUR('',#18459);
#18643 = OVER_RIDING_STYLED_ITEM('overriding color',(#18644),#9194,
  #18442);
#18644 = PRESENTATION_STYLE_ASSIGNMENT((#18645));
#18645 = SURFACE_STYLE_USAGE(.BOTH.,#18646);
#18646 = SURFACE_SIDE_STYLE('',(#18647));
#18647 = SURFACE_STYLE_FILL_AREA(#18648);
#18648 = FILL_AREA_STYLE('',(#18649));
#18649 = FILL_AREA_STYLE_COLOUR('',#18459);
#18650 = OVER_RIDING_STYLED_ITEM('overriding color',(#18651),#9318,
  #18442);
#18651 = PRESENTATION_STYLE_ASSIGNMENT((#18652));
#18652 = SURFACE_STYLE_USAGE(.BOTH.,#18653);
#18653 = SURFACE_SIDE_STYLE('',(#18654));
#18654 = SURFACE_STYLE_FILL_AREA(#18655);
#18655 = FILL_AREA_STYLE('',(#18656));
#18656 = FILL_AREA_STYLE_COLOUR('',#18459);
#18657 = OVER_RIDING_STYLED_ITEM('overriding color',(#18658),#9342,
  #18442);
#18658 = PRESENTATION_STYLE_ASSIGNMENT((#18659));
#18659 = SURFACE_STYLE_USAGE(.BOTH.,#18660);
#18660 = SURFACE_SIDE_STYLE('',(#18661));
#18661 = SURFACE_STYLE_FILL_AREA(#18662);
#18662 = FILL_AREA_STYLE('',(#18663));
#18663 = FILL_AREA_STYLE_COLOUR('',#18488);
#18664 = OVER_RIDING_STYLED_ITEM('overriding color',(#18665),#9506,
  #18442);
#18665 = PRESENTATION_STYLE_ASSIGNMENT((#18666));
#18666 = SURFACE_STYLE_USAGE(.BOTH.,#18667);
#18667 = SURFACE_SIDE_STYLE('',(#18668));
#18668 = SURFACE_STYLE_FILL_AREA(#18669);
#18669 = FILL_AREA_STYLE('',(#18670));
#18670 = FILL_AREA_STYLE_COLOUR('',#18459);
#18671 = OVER_RIDING_STYLED_ITEM('overriding color',(#18672),#9704,
  #18442);
#18672 = PRESENTATION_STYLE_ASSIGNMENT((#18673));
#18673 = SURFACE_STYLE_USAGE(.BOTH.,#18674);
#18674 = SURFACE_SIDE_STYLE('',(#18675));
#18675 = SURFACE_STYLE_FILL_AREA(#18676);
#18676 = FILL_AREA_STYLE('',(#18677));
#18677 = FILL_AREA_STYLE_COLOUR('',#18459);
#18678 = OVER_RIDING_STYLED_ITEM('overriding color',(#18679),#9728,
  #18442);
#18679 = PRESENTATION_STYLE_ASSIGNMENT((#18680));
#18680 = SURFACE_STYLE_USAGE(.BOTH.,#18681);
#18681 = SURFACE_SIDE_STYLE('',(#18682));
#18682 = SURFACE_STYLE_FILL_AREA(#18683);
#18683 = FILL_AREA_STYLE('',(#18684));
#18684 = FILL_AREA_STYLE_COLOUR('',#18459);
#18685 = OVER_RIDING_STYLED_ITEM('overriding color',(#18686),#9751,
  #18442);
#18686 = PRESENTATION_STYLE_ASSIGNMENT((#18687));
#18687 = SURFACE_STYLE_USAGE(.BOTH.,#18688);
#18688 = SURFACE_SIDE_STYLE('',(#18689));
#18689 = SURFACE_STYLE_FILL_AREA(#18690);
#18690 = FILL_AREA_STYLE('',(#18691));
#18691 = FILL_AREA_STYLE_COLOUR('',#18459);
#18692 = OVER_RIDING_STYLED_ITEM('overriding color',(#18693),#9768,
  #18442);
#18693 = PRESENTATION_STYLE_ASSIGNMENT((#18694));
#18694 = SURFACE_STYLE_USAGE(.BOTH.,#18695);
#18695 = SURFACE_SIDE_STYLE('',(#18696));
#18696 = SURFACE_STYLE_FILL_AREA(#18697);
#18697 = FILL_AREA_STYLE('',(#18698));
#18698 = FILL_AREA_STYLE_COLOUR('',#18459);
#18699 = OVER_RIDING_STYLED_ITEM('overriding color',(#18700),#9785,
  #18442);
#18700 = PRESENTATION_STYLE_ASSIGNMENT((#18701));
#18701 = SURFACE_STYLE_USAGE(.BOTH.,#18702);
#18702 = SURFACE_SIDE_STYLE('',(#18703));
#18703 = SURFACE_STYLE_FILL_AREA(#18704);
#18704 = FILL_AREA_STYLE('',(#18705));
#18705 = FILL_AREA_STYLE_COLOUR('',#18459);
#18706 = OVER_RIDING_STYLED_ITEM('overriding color',(#18707),#9802,
  #18442);
#18707 = PRESENTATION_STYLE_ASSIGNMENT((#18708));
#18708 = SURFACE_STYLE_USAGE(.BOTH.,#18709);
#18709 = SURFACE_SIDE_STYLE('',(#18710));
#18710 = SURFACE_STYLE_FILL_AREA(#18711);
#18711 = FILL_AREA_STYLE('',(#18712));
#18712 = FILL_AREA_STYLE_COLOUR('',#18459);
#18713 = OVER_RIDING_STYLED_ITEM('overriding color',(#18714),#9815,
  #18442);
#18714 = PRESENTATION_STYLE_ASSIGNMENT((#18715));
#18715 = SURFACE_STYLE_USAGE(.BOTH.,#18716);
#18716 = SURFACE_SIDE_STYLE('',(#18717));
#18717 = SURFACE_STYLE_FILL_AREA(#18718);
#18718 = FILL_AREA_STYLE('',(#18719));
#18719 = FILL_AREA_STYLE_COLOUR('',#18459);
#18720 = OVER_RIDING_STYLED_ITEM('overriding color',(#18721),#9833,
  #18442);
#18721 = PRESENTATION_STYLE_ASSIGNMENT((#18722));
#18722 = SURFACE_STYLE_USAGE(.BOTH.,#18723);
#18723 = SURFACE_SIDE_STYLE('',(#18724));
#18724 = SURFACE_STYLE_FILL_AREA(#18725);
#18725 = FILL_AREA_STYLE('',(#18726));
#18726 = FILL_AREA_STYLE_COLOUR('',#18459);
#18727 = OVER_RIDING_STYLED_ITEM('overriding color',(#18728),#9850,
  #18442);
#18728 = PRESENTATION_STYLE_ASSIGNMENT((#18729));
#18729 = SURFACE_STYLE_USAGE(.BOTH.,#18730);
#18730 = SURFACE_SIDE_STYLE('',(#18731));
#18731 = SURFACE_STYLE_FILL_AREA(#18732);
#18732 = FILL_AREA_STYLE('',(#18733));
#18733 = FILL_AREA_STYLE_COLOUR('',#18459);
#18734 = OVER_RIDING_STYLED_ITEM('overriding color',(#18735),#9867,
  #18442);
#18735 = PRESENTATION_STYLE_ASSIGNMENT((#18736));
#18736 = SURFACE_STYLE_USAGE(.BOTH.,#18737);
#18737 = SURFACE_SIDE_STYLE('',(#18738));
#18738 = SURFACE_STYLE_FILL_AREA(#18739);
#18739 = FILL_AREA_STYLE('',(#18740));
#18740 = FILL_AREA_STYLE_COLOUR('',#18459);
#18741 = OVER_RIDING_STYLED_ITEM('overriding color',(#18742),#9884,
  #18442);
#18742 = PRESENTATION_STYLE_ASSIGNMENT((#18743));
#18743 = SURFACE_STYLE_USAGE(.BOTH.,#18744);
#18744 = SURFACE_SIDE_STYLE('',(#18745));
#18745 = SURFACE_STYLE_FILL_AREA(#18746);
#18746 = FILL_AREA_STYLE('',(#18747));
#18747 = FILL_AREA_STYLE_COLOUR('',#18459);
#18748 = OVER_RIDING_STYLED_ITEM('overriding color',(#18749),#9909,
  #18442);
#18749 = PRESENTATION_STYLE_ASSIGNMENT((#18750));
#18750 = SURFACE_STYLE_USAGE(.BOTH.,#18751);
#18751 = SURFACE_SIDE_STYLE('',(#18752));
#18752 = SURFACE_STYLE_FILL_AREA(#18753);
#18753 = FILL_AREA_STYLE('',(#18754));
#18754 = FILL_AREA_STYLE_COLOUR('',#18459);
#18755 = OVER_RIDING_STYLED_ITEM('overriding color',(#18756),#9987,
  #18442);
#18756 = PRESENTATION_STYLE_ASSIGNMENT((#18757));
#18757 = SURFACE_STYLE_USAGE(.BOTH.,#18758);
#18758 = SURFACE_SIDE_STYLE('',(#18759));
#18759 = SURFACE_STYLE_FILL_AREA(#18760);
#18760 = FILL_AREA_STYLE('',(#18761));
#18761 = FILL_AREA_STYLE_COLOUR('',#18459);
#18762 = OVER_RIDING_STYLED_ITEM('overriding color',(#18763),#10073,
  #18442);
#18763 = PRESENTATION_STYLE_ASSIGNMENT((#18764));
#18764 = SURFACE_STYLE_USAGE(.BOTH.,#18765);
#18765 = SURFACE_SIDE_STYLE('',(#18766));
#18766 = SURFACE_STYLE_FILL_AREA(#18767);
#18767 = FILL_AREA_STYLE('',(#18768));
#18768 = FILL_AREA_STYLE_COLOUR('',#18459);
#18769 = OVER_RIDING_STYLED_ITEM('overriding color',(#18770),#10159,
  #18442);
#18770 = PRESENTATION_STYLE_ASSIGNMENT((#18771));
#18771 = SURFACE_STYLE_USAGE(.BOTH.,#18772);
#18772 = SURFACE_SIDE_STYLE('',(#18773));
#18773 = SURFACE_STYLE_FILL_AREA(#18774);
#18774 = FILL_AREA_STYLE('',(#18775));
#18775 = FILL_AREA_STYLE_COLOUR('',#18459);
#18776 = OVER_RIDING_STYLED_ITEM('overriding color',(#18777),#10183,
  #18442);
#18777 = PRESENTATION_STYLE_ASSIGNMENT((#18778));
#18778 = SURFACE_STYLE_USAGE(.BOTH.,#18779);
#18779 = SURFACE_SIDE_STYLE('',(#18780));
#18780 = SURFACE_STYLE_FILL_AREA(#18781);
#18781 = FILL_AREA_STYLE('',(#18782));
#18782 = FILL_AREA_STYLE_COLOUR('',#18459);
#18783 = OVER_RIDING_STYLED_ITEM('overriding color',(#18784),#10241,
  #18442);
#18784 = PRESENTATION_STYLE_ASSIGNMENT((#18785));
#18785 = SURFACE_STYLE_USAGE(.BOTH.,#18786);
#18786 = SURFACE_SIDE_STYLE('',(#18787));
#18787 = SURFACE_STYLE_FILL_AREA(#18788);
#18788 = FILL_AREA_STYLE('',(#18789));
#18789 = FILL_AREA_STYLE_COLOUR('',#18459);
#18790 = OVER_RIDING_STYLED_ITEM('overriding color',(#18791),#10258,
  #18442);
#18791 = PRESENTATION_STYLE_ASSIGNMENT((#18792));
#18792 = SURFACE_STYLE_USAGE(.BOTH.,#18793);
#18793 = SURFACE_SIDE_STYLE('',(#18794));
#18794 = SURFACE_STYLE_FILL_AREA(#18795);
#18795 = FILL_AREA_STYLE('',(#18796));
#18796 = FILL_AREA_STYLE_COLOUR('',#18459);
#18797 = OVER_RIDING_STYLED_ITEM('overriding color',(#18798),#10285,
  #18442);
#18798 = PRESENTATION_STYLE_ASSIGNMENT((#18799));
#18799 = SURFACE_STYLE_USAGE(.BOTH.,#18800);
#18800 = SURFACE_SIDE_STYLE('',(#18801));
#18801 = SURFACE_STYLE_FILL_AREA(#18802);
#18802 = FILL_AREA_STYLE('',(#18803));
#18803 = FILL_AREA_STYLE_COLOUR('',#18459);
#18804 = OVER_RIDING_STYLED_ITEM('overriding color',(#18805),#10374,
  #18442);
#18805 = PRESENTATION_STYLE_ASSIGNMENT((#18806));
#18806 = SURFACE_STYLE_USAGE(.BOTH.,#18807);
#18807 = SURFACE_SIDE_STYLE('',(#18808));
#18808 = SURFACE_STYLE_FILL_AREA(#18809);
#18809 = FILL_AREA_STYLE('',(#18810));
#18810 = FILL_AREA_STYLE_COLOUR('',#18459);
#18811 = OVER_RIDING_STYLED_ITEM('overriding color',(#18812),#10426,
  #18442);
#18812 = PRESENTATION_STYLE_ASSIGNMENT((#18813));
#18813 = SURFACE_STYLE_USAGE(.BOTH.,#18814);
#18814 = SURFACE_SIDE_STYLE('',(#18815));
#18815 = SURFACE_STYLE_FILL_AREA(#18816);
#18816 = FILL_AREA_STYLE('',(#18817));
#18817 = FILL_AREA_STYLE_COLOUR('',#18459);
#18818 = OVER_RIDING_STYLED_ITEM('overriding color',(#18819),#10495,
  #18442);
#18819 = PRESENTATION_STYLE_ASSIGNMENT((#18820));
#18820 = SURFACE_STYLE_USAGE(.BOTH.,#18821);
#18821 = SURFACE_SIDE_STYLE('',(#18822));
#18822 = SURFACE_STYLE_FILL_AREA(#18823);
#18823 = FILL_AREA_STYLE('',(#18824));
#18824 = FILL_AREA_STYLE_COLOUR('',#18459);
#18825 = OVER_RIDING_STYLED_ITEM('overriding color',(#18826),#10520,
  #18442);
#18826 = PRESENTATION_STYLE_ASSIGNMENT((#18827));
#18827 = SURFACE_STYLE_USAGE(.BOTH.,#18828);
#18828 = SURFACE_SIDE_STYLE('',(#18829));
#18829 = SURFACE_STYLE_FILL_AREA(#18830);
#18830 = FILL_AREA_STYLE('',(#18831));
#18831 = FILL_AREA_STYLE_COLOUR('',#18459);
#18832 = OVER_RIDING_STYLED_ITEM('overriding color',(#18833),#10602,
  #18442);
#18833 = PRESENTATION_STYLE_ASSIGNMENT((#18834));
#18834 = SURFACE_STYLE_USAGE(.BOTH.,#18835);
#18835 = SURFACE_SIDE_STYLE('',(#18836));
#18836 = SURFACE_STYLE_FILL_AREA(#18837);
#18837 = FILL_AREA_STYLE('',(#18838));
#18838 = FILL_AREA_STYLE_COLOUR('',#18459);
#18839 = OVER_RIDING_STYLED_ITEM('overriding color',(#18840),#10654,
  #18442);
#18840 = PRESENTATION_STYLE_ASSIGNMENT((#18841));
#18841 = SURFACE_STYLE_USAGE(.BOTH.,#18842);
#18842 = SURFACE_SIDE_STYLE('',(#18843));
#18843 = SURFACE_STYLE_FILL_AREA(#18844);
#18844 = FILL_AREA_STYLE('',(#18845));
#18845 = FILL_AREA_STYLE_COLOUR('',#18459);
#18846 = OVER_RIDING_STYLED_ITEM('overriding color',(#18847),#10723,
  #18442);
#18847 = PRESENTATION_STYLE_ASSIGNMENT((#18848));
#18848 = SURFACE_STYLE_USAGE(.BOTH.,#18849);
#18849 = SURFACE_SIDE_STYLE('',(#18850));
#18850 = SURFACE_STYLE_FILL_AREA(#18851);
#18851 = FILL_AREA_STYLE('',(#18852));
#18852 = FILL_AREA_STYLE_COLOUR('',#18459);
#18853 = OVER_RIDING_STYLED_ITEM('overriding color',(#18854),#10748,
  #18442);
#18854 = PRESENTATION_STYLE_ASSIGNMENT((#18855));
#18855 = SURFACE_STYLE_USAGE(.BOTH.,#18856);
#18856 = SURFACE_SIDE_STYLE('',(#18857));
#18857 = SURFACE_STYLE_FILL_AREA(#18858);
#18858 = FILL_AREA_STYLE('',(#18859));
#18859 = FILL_AREA_STYLE_COLOUR('',#18459);
#18860 = OVER_RIDING_STYLED_ITEM('overriding color',(#18861),#10875,
  #18442);
#18861 = PRESENTATION_STYLE_ASSIGNMENT((#18862));
#18862 = SURFACE_STYLE_USAGE(.BOTH.,#18863);
#18863 = SURFACE_SIDE_STYLE('',(#18864));
#18864 = SURFACE_STYLE_FILL_AREA(#18865);
#18865 = FILL_AREA_STYLE('',(#18866));
#18866 = FILL_AREA_STYLE_COLOUR('',#18459);
#18867 = OVER_RIDING_STYLED_ITEM('overriding color',(#18868),#10935,
  #18442);
#18868 = PRESENTATION_STYLE_ASSIGNMENT((#18869));
#18869 = SURFACE_STYLE_USAGE(.BOTH.,#18870);
#18870 = SURFACE_SIDE_STYLE('',(#18871));
#18871 = SURFACE_STYLE_FILL_AREA(#18872);
#18872 = FILL_AREA_STYLE('',(#18873));
#18873 = FILL_AREA_STYLE_COLOUR('',#18459);
#18874 = OVER_RIDING_STYLED_ITEM('overriding color',(#18875),#11027,
  #18442);
#18875 = PRESENTATION_STYLE_ASSIGNMENT((#18876));
#18876 = SURFACE_STYLE_USAGE(.BOTH.,#18877);
#18877 = SURFACE_SIDE_STYLE('',(#18878));
#18878 = SURFACE_STYLE_FILL_AREA(#18879);
#18879 = FILL_AREA_STYLE('',(#18880));
#18880 = FILL_AREA_STYLE_COLOUR('',#18459);
#18881 = OVER_RIDING_STYLED_ITEM('overriding color',(#18882),#11079,
  #18442);
#18882 = PRESENTATION_STYLE_ASSIGNMENT((#18883));
#18883 = SURFACE_STYLE_USAGE(.BOTH.,#18884);
#18884 = SURFACE_SIDE_STYLE('',(#18885));
#18885 = SURFACE_STYLE_FILL_AREA(#18886);
#18886 = FILL_AREA_STYLE('',(#18887));
#18887 = FILL_AREA_STYLE_COLOUR('',#18459);
#18888 = OVER_RIDING_STYLED_ITEM('overriding color',(#18889),#11139,
  #18442);
#18889 = PRESENTATION_STYLE_ASSIGNMENT((#18890));
#18890 = SURFACE_STYLE_USAGE(.BOTH.,#18891);
#18891 = SURFACE_SIDE_STYLE('',(#18892));
#18892 = SURFACE_STYLE_FILL_AREA(#18893);
#18893 = FILL_AREA_STYLE('',(#18894));
#18894 = FILL_AREA_STYLE_COLOUR('',#18459);
#18895 = OVER_RIDING_STYLED_ITEM('overriding color',(#18896),#11159,
  #18442);
#18896 = PRESENTATION_STYLE_ASSIGNMENT((#18897));
#18897 = SURFACE_STYLE_USAGE(.BOTH.,#18898);
#18898 = SURFACE_SIDE_STYLE('',(#18899));
#18899 = SURFACE_STYLE_FILL_AREA(#18900);
#18900 = FILL_AREA_STYLE('',(#18901));
#18901 = FILL_AREA_STYLE_COLOUR('',#18459);
#18902 = OVER_RIDING_STYLED_ITEM('overriding color',(#18903),#11196,
  #18442);
#18903 = PRESENTATION_STYLE_ASSIGNMENT((#18904));
#18904 = SURFACE_STYLE_USAGE(.BOTH.,#18905);
#18905 = SURFACE_SIDE_STYLE('',(#18906));
#18906 = SURFACE_STYLE_FILL_AREA(#18907);
#18907 = FILL_AREA_STYLE('',(#18908));
#18908 = FILL_AREA_STYLE_COLOUR('',#18459);
#18909 = OVER_RIDING_STYLED_ITEM('overriding color',(#18910),#11220,
  #18442);
#18910 = PRESENTATION_STYLE_ASSIGNMENT((#18911));
#18911 = SURFACE_STYLE_USAGE(.BOTH.,#18912);
#18912 = SURFACE_SIDE_STYLE('',(#18913));
#18913 = SURFACE_STYLE_FILL_AREA(#18914);
#18914 = FILL_AREA_STYLE('',(#18915));
#18915 = FILL_AREA_STYLE_COLOUR('',#18459);
#18916 = OVER_RIDING_STYLED_ITEM('overriding color',(#18917),#11279,
  #18442);
#18917 = PRESENTATION_STYLE_ASSIGNMENT((#18918));
#18918 = SURFACE_STYLE_USAGE(.BOTH.,#18919);
#18919 = SURFACE_SIDE_STYLE('',(#18920));
#18920 = SURFACE_STYLE_FILL_AREA(#18921);
#18921 = FILL_AREA_STYLE('',(#18922));
#18922 = FILL_AREA_STYLE_COLOUR('',#18459);
#18923 = OVER_RIDING_STYLED_ITEM('overriding color',(#18924),#11291,
  #18442);
#18924 = PRESENTATION_STYLE_ASSIGNMENT((#18925));
#18925 = SURFACE_STYLE_USAGE(.BOTH.,#18926);
#18926 = SURFACE_SIDE_STYLE('',(#18927));
#18927 = SURFACE_STYLE_FILL_AREA(#18928);
#18928 = FILL_AREA_STYLE('',(#18929));
#18929 = FILL_AREA_STYLE_COLOUR('',#18459);
#18930 = OVER_RIDING_STYLED_ITEM('overriding color',(#18931),#11320,
  #18442);
#18931 = PRESENTATION_STYLE_ASSIGNMENT((#18932));
#18932 = SURFACE_STYLE_USAGE(.BOTH.,#18933);
#18933 = SURFACE_SIDE_STYLE('',(#18934));
#18934 = SURFACE_STYLE_FILL_AREA(#18935);
#18935 = FILL_AREA_STYLE('',(#18936));
#18936 = FILL_AREA_STYLE_COLOUR('',#18459);
#18937 = OVER_RIDING_STYLED_ITEM('overriding color',(#18938),#11337,
  #18442);
#18938 = PRESENTATION_STYLE_ASSIGNMENT((#18939));
#18939 = SURFACE_STYLE_USAGE(.BOTH.,#18940);
#18940 = SURFACE_SIDE_STYLE('',(#18941));
#18941 = SURFACE_STYLE_FILL_AREA(#18942);
#18942 = FILL_AREA_STYLE('',(#18943));
#18943 = FILL_AREA_STYLE_COLOUR('',#18459);
#18944 = OVER_RIDING_STYLED_ITEM('overriding color',(#18945),#11367,
  #18442);
#18945 = PRESENTATION_STYLE_ASSIGNMENT((#18946));
#18946 = SURFACE_STYLE_USAGE(.BOTH.,#18947);
#18947 = SURFACE_SIDE_STYLE('',(#18948));
#18948 = SURFACE_STYLE_FILL_AREA(#18949);
#18949 = FILL_AREA_STYLE('',(#18950));
#18950 = FILL_AREA_STYLE_COLOUR('',#18459);
#18951 = OVER_RIDING_STYLED_ITEM('overriding color',(#18952),#11495,
  #18442);
#18952 = PRESENTATION_STYLE_ASSIGNMENT((#18953));
#18953 = SURFACE_STYLE_USAGE(.BOTH.,#18954);
#18954 = SURFACE_SIDE_STYLE('',(#18955));
#18955 = SURFACE_STYLE_FILL_AREA(#18956);
#18956 = FILL_AREA_STYLE('',(#18957));
#18957 = FILL_AREA_STYLE_COLOUR('',#18459);
#18958 = OVER_RIDING_STYLED_ITEM('overriding color',(#18959),#11512,
  #18442);
#18959 = PRESENTATION_STYLE_ASSIGNMENT((#18960));
#18960 = SURFACE_STYLE_USAGE(.BOTH.,#18961);
#18961 = SURFACE_SIDE_STYLE('',(#18962));
#18962 = SURFACE_STYLE_FILL_AREA(#18963);
#18963 = FILL_AREA_STYLE('',(#18964));
#18964 = FILL_AREA_STYLE_COLOUR('',#18459);
#18965 = OVER_RIDING_STYLED_ITEM('overriding color',(#18966),#11667,
  #18442);
#18966 = PRESENTATION_STYLE_ASSIGNMENT((#18967));
#18967 = SURFACE_STYLE_USAGE(.BOTH.,#18968);
#18968 = SURFACE_SIDE_STYLE('',(#18969));
#18969 = SURFACE_STYLE_FILL_AREA(#18970);
#18970 = FILL_AREA_STYLE('',(#18971));
#18971 = FILL_AREA_STYLE_COLOUR('',#18459);
#18972 = OVER_RIDING_STYLED_ITEM('overriding color',(#18973),#11697,
  #18442);
#18973 = PRESENTATION_STYLE_ASSIGNMENT((#18974));
#18974 = SURFACE_STYLE_USAGE(.BOTH.,#18975);
#18975 = SURFACE_SIDE_STYLE('',(#18976));
#18976 = SURFACE_STYLE_FILL_AREA(#18977);
#18977 = FILL_AREA_STYLE('',(#18978));
#18978 = FILL_AREA_STYLE_COLOUR('',#18459);
#18979 = OVER_RIDING_STYLED_ITEM('overriding color',(#18980),#11723,
  #18442);
#18980 = PRESENTATION_STYLE_ASSIGNMENT((#18981));
#18981 = SURFACE_STYLE_USAGE(.BOTH.,#18982);
#18982 = SURFACE_SIDE_STYLE('',(#18983));
#18983 = SURFACE_STYLE_FILL_AREA(#18984);
#18984 = FILL_AREA_STYLE('',(#18985));
#18985 = FILL_AREA_STYLE_COLOUR('',#18459);
#18986 = OVER_RIDING_STYLED_ITEM('overriding color',(#18987),#11735,
  #18442);
#18987 = PRESENTATION_STYLE_ASSIGNMENT((#18988));
#18988 = SURFACE_STYLE_USAGE(.BOTH.,#18989);
#18989 = SURFACE_SIDE_STYLE('',(#18990));
#18990 = SURFACE_STYLE_FILL_AREA(#18991);
#18991 = FILL_AREA_STYLE('',(#18992));
#18992 = FILL_AREA_STYLE_COLOUR('',#18459);
#18993 = OVER_RIDING_STYLED_ITEM('overriding color',(#18994),#11759,
  #18442);
#18994 = PRESENTATION_STYLE_ASSIGNMENT((#18995));
#18995 = SURFACE_STYLE_USAGE(.BOTH.,#18996);
#18996 = SURFACE_SIDE_STYLE('',(#18997));
#18997 = SURFACE_STYLE_FILL_AREA(#18998);
#18998 = FILL_AREA_STYLE('',(#18999));
#18999 = FILL_AREA_STYLE_COLOUR('',#18459);
#19000 = OVER_RIDING_STYLED_ITEM('overriding color',(#19001),#11771,
  #18442);
#19001 = PRESENTATION_STYLE_ASSIGNMENT((#19002));
#19002 = SURFACE_STYLE_USAGE(.BOTH.,#19003);
#19003 = SURFACE_SIDE_STYLE('',(#19004));
#19004 = SURFACE_STYLE_FILL_AREA(#19005);
#19005 = FILL_AREA_STYLE('',(#19006));
#19006 = FILL_AREA_STYLE_COLOUR('',#18459);
#19007 = OVER_RIDING_STYLED_ITEM('overriding color',(#19008),#11795,
  #18442);
#19008 = PRESENTATION_STYLE_ASSIGNMENT((#19009));
#19009 = SURFACE_STYLE_USAGE(.BOTH.,#19010);
#19010 = SURFACE_SIDE_STYLE('',(#19011));
#19011 = SURFACE_STYLE_FILL_AREA(#19012);
#19012 = FILL_AREA_STYLE('',(#19013));
#19013 = FILL_AREA_STYLE_COLOUR('',#18459);
#19014 = OVER_RIDING_STYLED_ITEM('overriding color',(#19015),#11807,
  #18442);
#19015 = PRESENTATION_STYLE_ASSIGNMENT((#19016));
#19016 = SURFACE_STYLE_USAGE(.BOTH.,#19017);
#19017 = SURFACE_SIDE_STYLE('',(#19018));
#19018 = SURFACE_STYLE_FILL_AREA(#19019);
#19019 = FILL_AREA_STYLE('',(#19020));
#19020 = FILL_AREA_STYLE_COLOUR('',#18459);
#19021 = OVER_RIDING_STYLED_ITEM('overriding color',(#19022),#11831,
  #18442);
#19022 = PRESENTATION_STYLE_ASSIGNMENT((#19023));
#19023 = SURFACE_STYLE_USAGE(.BOTH.,#19024);
#19024 = SURFACE_SIDE_STYLE('',(#19025));
#19025 = SURFACE_STYLE_FILL_AREA(#19026);
#19026 = FILL_AREA_STYLE('',(#19027));
#19027 = FILL_AREA_STYLE_COLOUR('',#18459);
#19028 = OVER_RIDING_STYLED_ITEM('overriding color',(#19029),#11843,
  #18442);
#19029 = PRESENTATION_STYLE_ASSIGNMENT((#19030));
#19030 = SURFACE_STYLE_USAGE(.BOTH.,#19031);
#19031 = SURFACE_SIDE_STYLE('',(#19032));
#19032 = SURFACE_STYLE_FILL_AREA(#19033);
#19033 = FILL_AREA_STYLE('',(#19034));
#19034 = FILL_AREA_STYLE_COLOUR('',#18459);
#19035 = OVER_RIDING_STYLED_ITEM('overriding color',(#19036),#11861,
  #18442);
#19036 = PRESENTATION_STYLE_ASSIGNMENT((#19037));
#19037 = SURFACE_STYLE_USAGE(.BOTH.,#19038);
#19038 = SURFACE_SIDE_STYLE('',(#19039));
#19039 = SURFACE_STYLE_FILL_AREA(#19040);
#19040 = FILL_AREA_STYLE('',(#19041));
#19041 = FILL_AREA_STYLE_COLOUR('',#18459);
#19042 = OVER_RIDING_STYLED_ITEM('overriding color',(#19043),#11883,
  #18442);
#19043 = PRESENTATION_STYLE_ASSIGNMENT((#19044));
#19044 = SURFACE_STYLE_USAGE(.BOTH.,#19045);
#19045 = SURFACE_SIDE_STYLE('',(#19046));
#19046 = SURFACE_STYLE_FILL_AREA(#19047);
#19047 = FILL_AREA_STYLE('',(#19048));
#19048 = FILL_AREA_STYLE_COLOUR('',#18459);
#19049 = OVER_RIDING_STYLED_ITEM('overriding color',(#19050),#11900,
  #18442);
#19050 = PRESENTATION_STYLE_ASSIGNMENT((#19051));
#19051 = SURFACE_STYLE_USAGE(.BOTH.,#19052);
#19052 = SURFACE_SIDE_STYLE('',(#19053));
#19053 = SURFACE_STYLE_FILL_AREA(#19054);
#19054 = FILL_AREA_STYLE('',(#19055));
#19055 = FILL_AREA_STYLE_COLOUR('',#18459);
#19056 = OVER_RIDING_STYLED_ITEM('overriding color',(#19057),#11917,
  #18442);
#19057 = PRESENTATION_STYLE_ASSIGNMENT((#19058));
#19058 = SURFACE_STYLE_USAGE(.BOTH.,#19059);
#19059 = SURFACE_SIDE_STYLE('',(#19060));
#19060 = SURFACE_STYLE_FILL_AREA(#19061);
#19061 = FILL_AREA_STYLE('',(#19062));
#19062 = FILL_AREA_STYLE_COLOUR('',#18459);
#19063 = OVER_RIDING_STYLED_ITEM('overriding color',(#19064),#11934,
  #18442);
#19064 = PRESENTATION_STYLE_ASSIGNMENT((#19065));
#19065 = SURFACE_STYLE_USAGE(.BOTH.,#19066);
#19066 = SURFACE_SIDE_STYLE('',(#19067));
#19067 = SURFACE_STYLE_FILL_AREA(#19068);
#19068 = FILL_AREA_STYLE('',(#19069));
#19069 = FILL_AREA_STYLE_COLOUR('',#18459);
#19070 = OVER_RIDING_STYLED_ITEM('overriding color',(#19071),#11951,
  #18442);
#19071 = PRESENTATION_STYLE_ASSIGNMENT((#19072));
#19072 = SURFACE_STYLE_USAGE(.BOTH.,#19073);
#19073 = SURFACE_SIDE_STYLE('',(#19074));
#19074 = SURFACE_STYLE_FILL_AREA(#19075);
#19075 = FILL_AREA_STYLE('',(#19076));
#19076 = FILL_AREA_STYLE_COLOUR('',#18459);
#19077 = OVER_RIDING_STYLED_ITEM('overriding color',(#19078),#11968,
  #18442);
#19078 = PRESENTATION_STYLE_ASSIGNMENT((#19079));
#19079 = SURFACE_STYLE_USAGE(.BOTH.,#19080);
#19080 = SURFACE_SIDE_STYLE('',(#19081));
#19081 = SURFACE_STYLE_FILL_AREA(#19082);
#19082 = FILL_AREA_STYLE('',(#19083));
#19083 = FILL_AREA_STYLE_COLOUR('',#18459);
#19084 = OVER_RIDING_STYLED_ITEM('overriding color',(#19085),#11985,
  #18442);
#19085 = PRESENTATION_STYLE_ASSIGNMENT((#19086));
#19086 = SURFACE_STYLE_USAGE(.BOTH.,#19087);
#19087 = SURFACE_SIDE_STYLE('',(#19088));
#19088 = SURFACE_STYLE_FILL_AREA(#19089);
#19089 = FILL_AREA_STYLE('',(#19090));
#19090 = FILL_AREA_STYLE_COLOUR('',#18459);
#19091 = OVER_RIDING_STYLED_ITEM('overriding color',(#19092),#12014,
  #18442);
#19092 = PRESENTATION_STYLE_ASSIGNMENT((#19093));
#19093 = SURFACE_STYLE_USAGE(.BOTH.,#19094);
#19094 = SURFACE_SIDE_STYLE('',(#19095));
#19095 = SURFACE_STYLE_FILL_AREA(#19096);
#19096 = FILL_AREA_STYLE('',(#19097));
#19097 = FILL_AREA_STYLE_COLOUR('',#18459);
#19098 = OVER_RIDING_STYLED_ITEM('overriding color',(#19099),#12026,
  #18442);
#19099 = PRESENTATION_STYLE_ASSIGNMENT((#19100));
#19100 = SURFACE_STYLE_USAGE(.BOTH.,#19101);
#19101 = SURFACE_SIDE_STYLE('',(#19102));
#19102 = SURFACE_STYLE_FILL_AREA(#19103);
#19103 = FILL_AREA_STYLE('',(#19104));
#19104 = FILL_AREA_STYLE_COLOUR('',#18459);
#19105 = OVER_RIDING_STYLED_ITEM('overriding color',(#19106),#12082,
  #18442);
#19106 = PRESENTATION_STYLE_ASSIGNMENT((#19107));
#19107 = SURFACE_STYLE_USAGE(.BOTH.,#19108);
#19108 = SURFACE_SIDE_STYLE('',(#19109));
#19109 = SURFACE_STYLE_FILL_AREA(#19110);
#19110 = FILL_AREA_STYLE('',(#19111));
#19111 = FILL_AREA_STYLE_COLOUR('',#18459);
#19112 = OVER_RIDING_STYLED_ITEM('overriding color',(#19113),#12112,
  #18442);
#19113 = PRESENTATION_STYLE_ASSIGNMENT((#19114));
#19114 = SURFACE_STYLE_USAGE(.BOTH.,#19115);
#19115 = SURFACE_SIDE_STYLE('',(#19116));
#19116 = SURFACE_STYLE_FILL_AREA(#19117);
#19117 = FILL_AREA_STYLE('',(#19118));
#19118 = FILL_AREA_STYLE_COLOUR('',#18459);
#19119 = MECHANICAL_DESIGN_GEOMETRIC_PRESENTATION_REPRESENTATION('',(
    #19120,#19128,#19136,#19143),#13296);
#19120 = STYLED_ITEM('color',(#19121),#12168);
#19121 = PRESENTATION_STYLE_ASSIGNMENT((#19122));
#19122 = SURFACE_STYLE_USAGE(.BOTH.,#19123);
#19123 = SURFACE_SIDE_STYLE('',(#19124));
#19124 = SURFACE_STYLE_FILL_AREA(#19125);
#19125 = FILL_AREA_STYLE('',(#19126));
#19126 = FILL_AREA_STYLE_COLOUR('',#19127);
#19127 = DRAUGHTING_PRE_DEFINED_COLOUR('white');
#19128 = STYLED_ITEM('color',(#19129),#12318);
#19129 = PRESENTATION_STYLE_ASSIGNMENT((#19130));
#19130 = SURFACE_STYLE_USAGE(.BOTH.,#19131);
#19131 = SURFACE_SIDE_STYLE('',(#19132));
#19132 = SURFACE_STYLE_FILL_AREA(#19133);
#19133 = FILL_AREA_STYLE('',(#19134));
#19134 = FILL_AREA_STYLE_COLOUR('',#19135);
#19135 = COLOUR_RGB('',0.250980388104,0.250980388104,0.250980388104);
#19136 = STYLED_ITEM('color',(#19137),#12468);
#19137 = PRESENTATION_STYLE_ASSIGNMENT((#19138));
#19138 = SURFACE_STYLE_USAGE(.BOTH.,#19139);
#19139 = SURFACE_SIDE_STYLE('',(#19140));
#19140 = SURFACE_STYLE_FILL_AREA(#19141);
#19141 = FILL_AREA_STYLE('',(#19142));
#19142 = FILL_AREA_STYLE_COLOUR('',#18020);
#19143 = STYLED_ITEM('color',(#19144),#12882);
#19144 = PRESENTATION_STYLE_ASSIGNMENT((#19145));
#19145 = SURFACE_STYLE_USAGE(.BOTH.,#19146);
#19146 = SURFACE_SIDE_STYLE('',(#19147));
#19147 = SURFACE_STYLE_FILL_AREA(#19148);
#19148 = FILL_AREA_STYLE('',(#19149));
#19149 = FILL_AREA_STYLE_COLOUR('',#18020);
#19150 = MECHANICAL_DESIGN_GEOMETRIC_PRESENTATION_REPRESENTATION('',(
    #19151,#19161,#19169,#19176,#19183,#19190,#19197,#19204,#19211,
    #19218,#19225,#19232,#19239,#19246,#19254,#19262,#19269,#19276,
    #19283,#19290,#19297,#19304,#19311,#19318,#19325,#19332,#19339,
    #19346,#19353,#19360,#19367,#19374,#19381,#19388,#19395,#19402,
    #19409,#19416,#19423,#19430,#19437,#19444,#19451,#19458,#19465),
  #3188);
#19151 = STYLED_ITEM('color',(#19152),#1972);
#19152 = PRESENTATION_STYLE_ASSIGNMENT((#19153,#19159));
#19153 = SURFACE_STYLE_USAGE(.BOTH.,#19154);
#19154 = SURFACE_SIDE_STYLE('',(#19155));
#19155 = SURFACE_STYLE_FILL_AREA(#19156);
#19156 = FILL_AREA_STYLE('',(#19157));
#19157 = FILL_AREA_STYLE_COLOUR('',#19158);
#19158 = COLOUR_RGB('',0.796078417252,0.823529417451,0.937254901616);
#19159 = CURVE_STYLE('',#19160,POSITIVE_LENGTH_MEASURE(0.1),#19158);
#19160 = DRAUGHTING_PRE_DEFINED_CURVE_FONT('continuous');
#19161 = OVER_RIDING_STYLED_ITEM('overriding color',(#19162),#1974,
  #19151);
#19162 = PRESENTATION_STYLE_ASSIGNMENT((#19163));
#19163 = SURFACE_STYLE_USAGE(.BOTH.,#19164);
#19164 = SURFACE_SIDE_STYLE('',(#19165));
#19165 = SURFACE_STYLE_FILL_AREA(#19166);
#19166 = FILL_AREA_STYLE('',(#19167));
#19167 = FILL_AREA_STYLE_COLOUR('',#19168);
#19168 = COLOUR_RGB('',0.937254901616,0.894117649055,0.);
#19169 = OVER_RIDING_STYLED_ITEM('overriding color',(#19170),#2018,
  #19151);
#19170 = PRESENTATION_STYLE_ASSIGNMENT((#19171));
#19171 = SURFACE_STYLE_USAGE(.BOTH.,#19172);
#19172 = SURFACE_SIDE_STYLE('',(#19173));
#19173 = SURFACE_STYLE_FILL_AREA(#19174);
#19174 = FILL_AREA_STYLE('',(#19175));
#19175 = FILL_AREA_STYLE_COLOUR('',#19168);
#19176 = OVER_RIDING_STYLED_ITEM('overriding color',(#19177),#2062,
  #19151);
#19177 = PRESENTATION_STYLE_ASSIGNMENT((#19178));
#19178 = SURFACE_STYLE_USAGE(.BOTH.,#19179);
#19179 = SURFACE_SIDE_STYLE('',(#19180));
#19180 = SURFACE_STYLE_FILL_AREA(#19181);
#19181 = FILL_AREA_STYLE('',(#19182));
#19182 = FILL_AREA_STYLE_COLOUR('',#19168);
#19183 = OVER_RIDING_STYLED_ITEM('overriding color',(#19184),#2106,
  #19151);
#19184 = PRESENTATION_STYLE_ASSIGNMENT((#19185));
#19185 = SURFACE_STYLE_USAGE(.BOTH.,#19186);
#19186 = SURFACE_SIDE_STYLE('',(#19187));
#19187 = SURFACE_STYLE_FILL_AREA(#19188);
#19188 = FILL_AREA_STYLE('',(#19189));
#19189 = FILL_AREA_STYLE_COLOUR('',#19168);
#19190 = OVER_RIDING_STYLED_ITEM('overriding color',(#19191),#2150,
  #19151);
#19191 = PRESENTATION_STYLE_ASSIGNMENT((#19192));
#19192 = SURFACE_STYLE_USAGE(.BOTH.,#19193);
#19193 = SURFACE_SIDE_STYLE('',(#19194));
#19194 = SURFACE_STYLE_FILL_AREA(#19195);
#19195 = FILL_AREA_STYLE('',(#19196));
#19196 = FILL_AREA_STYLE_COLOUR('',#19168);
#19197 = OVER_RIDING_STYLED_ITEM('overriding color',(#19198),#2194,
  #19151);
#19198 = PRESENTATION_STYLE_ASSIGNMENT((#19199));
#19199 = SURFACE_STYLE_USAGE(.BOTH.,#19200);
#19200 = SURFACE_SIDE_STYLE('',(#19201));
#19201 = SURFACE_STYLE_FILL_AREA(#19202);
#19202 = FILL_AREA_STYLE('',(#19203));
#19203 = FILL_AREA_STYLE_COLOUR('',#19168);
#19204 = OVER_RIDING_STYLED_ITEM('overriding color',(#19205),#2238,
  #19151);
#19205 = PRESENTATION_STYLE_ASSIGNMENT((#19206));
#19206 = SURFACE_STYLE_USAGE(.BOTH.,#19207);
#19207 = SURFACE_SIDE_STYLE('',(#19208));
#19208 = SURFACE_STYLE_FILL_AREA(#19209);
#19209 = FILL_AREA_STYLE('',(#19210));
#19210 = FILL_AREA_STYLE_COLOUR('',#19168);
#19211 = OVER_RIDING_STYLED_ITEM('overriding color',(#19212),#2270,
  #19151);
#19212 = PRESENTATION_STYLE_ASSIGNMENT((#19213));
#19213 = SURFACE_STYLE_USAGE(.BOTH.,#19214);
#19214 = SURFACE_SIDE_STYLE('',(#19215));
#19215 = SURFACE_STYLE_FILL_AREA(#19216);
#19216 = FILL_AREA_STYLE('',(#19217));
#19217 = FILL_AREA_STYLE_COLOUR('',#19168);
#19218 = OVER_RIDING_STYLED_ITEM('overriding color',(#19219),#2302,
  #19151);
#19219 = PRESENTATION_STYLE_ASSIGNMENT((#19220));
#19220 = SURFACE_STYLE_USAGE(.BOTH.,#19221);
#19221 = SURFACE_SIDE_STYLE('',(#19222));
#19222 = SURFACE_STYLE_FILL_AREA(#19223);
#19223 = FILL_AREA_STYLE('',(#19224));
#19224 = FILL_AREA_STYLE_COLOUR('',#19168);
#19225 = OVER_RIDING_STYLED_ITEM('overriding color',(#19226),#2334,
  #19151);
#19226 = PRESENTATION_STYLE_ASSIGNMENT((#19227));
#19227 = SURFACE_STYLE_USAGE(.BOTH.,#19228);
#19228 = SURFACE_SIDE_STYLE('',(#19229));
#19229 = SURFACE_STYLE_FILL_AREA(#19230);
#19230 = FILL_AREA_STYLE('',(#19231));
#19231 = FILL_AREA_STYLE_COLOUR('',#19168);
#19232 = OVER_RIDING_STYLED_ITEM('overriding color',(#19233),#2366,
  #19151);
#19233 = PRESENTATION_STYLE_ASSIGNMENT((#19234));
#19234 = SURFACE_STYLE_USAGE(.BOTH.,#19235);
#19235 = SURFACE_SIDE_STYLE('',(#19236));
#19236 = SURFACE_STYLE_FILL_AREA(#19237);
#19237 = FILL_AREA_STYLE('',(#19238));
#19238 = FILL_AREA_STYLE_COLOUR('',#19168);
#19239 = OVER_RIDING_STYLED_ITEM('overriding color',(#19240),#2398,
  #19151);
#19240 = PRESENTATION_STYLE_ASSIGNMENT((#19241));
#19241 = SURFACE_STYLE_USAGE(.BOTH.,#19242);
#19242 = SURFACE_SIDE_STYLE('',(#19243));
#19243 = SURFACE_STYLE_FILL_AREA(#19244);
#19244 = FILL_AREA_STYLE('',(#19245));
#19245 = FILL_AREA_STYLE_COLOUR('',#19168);
#19246 = OVER_RIDING_STYLED_ITEM('overriding color',(#19247),#2472,
  #19151);
#19247 = PRESENTATION_STYLE_ASSIGNMENT((#19248));
#19248 = SURFACE_STYLE_USAGE(.BOTH.,#19249);
#19249 = SURFACE_SIDE_STYLE('',(#19250));
#19250 = SURFACE_STYLE_FILL_AREA(#19251);
#19251 = FILL_AREA_STYLE('',(#19252));
#19252 = FILL_AREA_STYLE_COLOUR('',#19253);
#19253 = COLOUR_RGB('',0.898039222556,0.898039222556,0.898039222556);
#19254 = OVER_RIDING_STYLED_ITEM('overriding color',(#19255),#2516,
  #19151);
#19255 = PRESENTATION_STYLE_ASSIGNMENT((#19256));
#19256 = SURFACE_STYLE_USAGE(.BOTH.,#19257);
#19257 = SURFACE_SIDE_STYLE('',(#19258));
#19258 = SURFACE_STYLE_FILL_AREA(#19259);
#19259 = FILL_AREA_STYLE('',(#19260));
#19260 = FILL_AREA_STYLE_COLOUR('',#19261);
#19261 = COLOUR_RGB('',0.301960791261,0.301960791261,0.301960791261);
#19262 = OVER_RIDING_STYLED_ITEM('overriding color',(#19263),#2560,
  #19151);
#19263 = PRESENTATION_STYLE_ASSIGNMENT((#19264));
#19264 = SURFACE_STYLE_USAGE(.BOTH.,#19265);
#19265 = SURFACE_SIDE_STYLE('',(#19266));
#19266 = SURFACE_STYLE_FILL_AREA(#19267);
#19267 = FILL_AREA_STYLE('',(#19268));
#19268 = FILL_AREA_STYLE_COLOUR('',#19261);
#19269 = OVER_RIDING_STYLED_ITEM('overriding color',(#19270),#2598,
  #19151);
#19270 = PRESENTATION_STYLE_ASSIGNMENT((#19271));
#19271 = SURFACE_STYLE_USAGE(.BOTH.,#19272);
#19272 = SURFACE_SIDE_STYLE('',(#19273));
#19273 = SURFACE_STYLE_FILL_AREA(#19274);
#19274 = FILL_AREA_STYLE('',(#19275));
#19275 = FILL_AREA_STYLE_COLOUR('',#19253);
#19276 = OVER_RIDING_STYLED_ITEM('overriding color',(#19277),#2642,
  #19151);
#19277 = PRESENTATION_STYLE_ASSIGNMENT((#19278));
#19278 = SURFACE_STYLE_USAGE(.BOTH.,#19279);
#19279 = SURFACE_SIDE_STYLE('',(#19280));
#19280 = SURFACE_STYLE_FILL_AREA(#19281);
#19281 = FILL_AREA_STYLE('',(#19282));
#19282 = FILL_AREA_STYLE_COLOUR('',#19253);
#19283 = OVER_RIDING_STYLED_ITEM('overriding color',(#19284),#2664,
  #19151);
#19284 = PRESENTATION_STYLE_ASSIGNMENT((#19285));
#19285 = SURFACE_STYLE_USAGE(.BOTH.,#19286);
#19286 = SURFACE_SIDE_STYLE('',(#19287));
#19287 = SURFACE_STYLE_FILL_AREA(#19288);
#19288 = FILL_AREA_STYLE('',(#19289));
#19289 = FILL_AREA_STYLE_COLOUR('',#19253);
#19290 = OVER_RIDING_STYLED_ITEM('overriding color',(#19291),#2686,
  #19151);
#19291 = PRESENTATION_STYLE_ASSIGNMENT((#19292));
#19292 = SURFACE_STYLE_USAGE(.BOTH.,#19293);
#19293 = SURFACE_SIDE_STYLE('',(#19294));
#19294 = SURFACE_STYLE_FILL_AREA(#19295);
#19295 = FILL_AREA_STYLE('',(#19296));
#19296 = FILL_AREA_STYLE_COLOUR('',#19253);
#19297 = OVER_RIDING_STYLED_ITEM('overriding color',(#19298),#2710,
  #19151);
#19298 = PRESENTATION_STYLE_ASSIGNMENT((#19299));
#19299 = SURFACE_STYLE_USAGE(.BOTH.,#19300);
#19300 = SURFACE_SIDE_STYLE('',(#19301));
#19301 = SURFACE_STYLE_FILL_AREA(#19302);
#19302 = FILL_AREA_STYLE('',(#19303));
#19303 = FILL_AREA_STYLE_COLOUR('',#19253);
#19304 = OVER_RIDING_STYLED_ITEM('overriding color',(#19305),#2812,
  #19151);
#19305 = PRESENTATION_STYLE_ASSIGNMENT((#19306));
#19306 = SURFACE_STYLE_USAGE(.BOTH.,#19307);
#19307 = SURFACE_SIDE_STYLE('',(#19308));
#19308 = SURFACE_STYLE_FILL_AREA(#19309);
#19309 = FILL_AREA_STYLE('',(#19310));
#19310 = FILL_AREA_STYLE_COLOUR('',#19253);
#19311 = OVER_RIDING_STYLED_ITEM('overriding color',(#19312),#2836,
  #19151);
#19312 = PRESENTATION_STYLE_ASSIGNMENT((#19313));
#19313 = SURFACE_STYLE_USAGE(.BOTH.,#19314);
#19314 = SURFACE_SIDE_STYLE('',(#19315));
#19315 = SURFACE_STYLE_FILL_AREA(#19316);
#19316 = FILL_AREA_STYLE('',(#19317));
#19317 = FILL_AREA_STYLE_COLOUR('',#19253);
#19318 = OVER_RIDING_STYLED_ITEM('overriding color',(#19319),#2848,
  #19151);
#19319 = PRESENTATION_STYLE_ASSIGNMENT((#19320));
#19320 = SURFACE_STYLE_USAGE(.BOTH.,#19321);
#19321 = SURFACE_SIDE_STYLE('',(#19322));
#19322 = SURFACE_STYLE_FILL_AREA(#19323);
#19323 = FILL_AREA_STYLE('',(#19324));
#19324 = FILL_AREA_STYLE_COLOUR('',#19261);
#19325 = OVER_RIDING_STYLED_ITEM('overriding color',(#19326),#2860,
  #19151);
#19326 = PRESENTATION_STYLE_ASSIGNMENT((#19327));
#19327 = SURFACE_STYLE_USAGE(.BOTH.,#19328);
#19328 = SURFACE_SIDE_STYLE('',(#19329));
#19329 = SURFACE_STYLE_FILL_AREA(#19330);
#19330 = FILL_AREA_STYLE('',(#19331));
#19331 = FILL_AREA_STYLE_COLOUR('',#19261);
#19332 = OVER_RIDING_STYLED_ITEM('overriding color',(#19333),#2876,
  #19151);
#19333 = PRESENTATION_STYLE_ASSIGNMENT((#19334));
#19334 = SURFACE_STYLE_USAGE(.BOTH.,#19335);
#19335 = SURFACE_SIDE_STYLE('',(#19336));
#19336 = SURFACE_STYLE_FILL_AREA(#19337);
#19337 = FILL_AREA_STYLE('',(#19338));
#19338 = FILL_AREA_STYLE_COLOUR('',#19261);
#19339 = OVER_RIDING_STYLED_ITEM('overriding color',(#19340),#2888,
  #19151);
#19340 = PRESENTATION_STYLE_ASSIGNMENT((#19341));
#19341 = SURFACE_STYLE_USAGE(.BOTH.,#19342);
#19342 = SURFACE_SIDE_STYLE('',(#19343));
#19343 = SURFACE_STYLE_FILL_AREA(#19344);
#19344 = FILL_AREA_STYLE('',(#19345));
#19345 = FILL_AREA_STYLE_COLOUR('',#19253);
#19346 = OVER_RIDING_STYLED_ITEM('overriding color',(#19347),#2912,
  #19151);
#19347 = PRESENTATION_STYLE_ASSIGNMENT((#19348));
#19348 = SURFACE_STYLE_USAGE(.BOTH.,#19349);
#19349 = SURFACE_SIDE_STYLE('',(#19350));
#19350 = SURFACE_STYLE_FILL_AREA(#19351);
#19351 = FILL_AREA_STYLE('',(#19352));
#19352 = FILL_AREA_STYLE_COLOUR('',#19168);
#19353 = OVER_RIDING_STYLED_ITEM('overriding color',(#19354),#2930,
  #19151);
#19354 = PRESENTATION_STYLE_ASSIGNMENT((#19355));
#19355 = SURFACE_STYLE_USAGE(.BOTH.,#19356);
#19356 = SURFACE_SIDE_STYLE('',(#19357));
#19357 = SURFACE_STYLE_FILL_AREA(#19358);
#19358 = FILL_AREA_STYLE('',(#19359));
#19359 = FILL_AREA_STYLE_COLOUR('',#19168);
#19360 = OVER_RIDING_STYLED_ITEM('overriding color',(#19361),#2946,
  #19151);
#19361 = PRESENTATION_STYLE_ASSIGNMENT((#19362));
#19362 = SURFACE_STYLE_USAGE(.BOTH.,#19363);
#19363 = SURFACE_SIDE_STYLE('',(#19364));
#19364 = SURFACE_STYLE_FILL_AREA(#19365);
#19365 = FILL_AREA_STYLE('',(#19366));
#19366 = FILL_AREA_STYLE_COLOUR('',#19168);
#19367 = OVER_RIDING_STYLED_ITEM('overriding color',(#19368),#2964,
  #19151);
#19368 = PRESENTATION_STYLE_ASSIGNMENT((#19369));
#19369 = SURFACE_STYLE_USAGE(.BOTH.,#19370);
#19370 = SURFACE_SIDE_STYLE('',(#19371));
#19371 = SURFACE_STYLE_FILL_AREA(#19372);
#19372 = FILL_AREA_STYLE('',(#19373));
#19373 = FILL_AREA_STYLE_COLOUR('',#19168);
#19374 = OVER_RIDING_STYLED_ITEM('overriding color',(#19375),#2980,
  #19151);
#19375 = PRESENTATION_STYLE_ASSIGNMENT((#19376));
#19376 = SURFACE_STYLE_USAGE(.BOTH.,#19377);
#19377 = SURFACE_SIDE_STYLE('',(#19378));
#19378 = SURFACE_STYLE_FILL_AREA(#19379);
#19379 = FILL_AREA_STYLE('',(#19380));
#19380 = FILL_AREA_STYLE_COLOUR('',#19168);
#19381 = OVER_RIDING_STYLED_ITEM('overriding color',(#19382),#2998,
  #19151);
#19382 = PRESENTATION_STYLE_ASSIGNMENT((#19383));
#19383 = SURFACE_STYLE_USAGE(.BOTH.,#19384);
#19384 = SURFACE_SIDE_STYLE('',(#19385));
#19385 = SURFACE_STYLE_FILL_AREA(#19386);
#19386 = FILL_AREA_STYLE('',(#19387));
#19387 = FILL_AREA_STYLE_COLOUR('',#19168);
#19388 = OVER_RIDING_STYLED_ITEM('overriding color',(#19389),#3014,
  #19151);
#19389 = PRESENTATION_STYLE_ASSIGNMENT((#19390));
#19390 = SURFACE_STYLE_USAGE(.BOTH.,#19391);
#19391 = SURFACE_SIDE_STYLE('',(#19392));
#19392 = SURFACE_STYLE_FILL_AREA(#19393);
#19393 = FILL_AREA_STYLE('',(#19394));
#19394 = FILL_AREA_STYLE_COLOUR('',#19168);
#19395 = OVER_RIDING_STYLED_ITEM('overriding color',(#19396),#3032,
  #19151);
#19396 = PRESENTATION_STYLE_ASSIGNMENT((#19397));
#19397 = SURFACE_STYLE_USAGE(.BOTH.,#19398);
#19398 = SURFACE_SIDE_STYLE('',(#19399));
#19399 = SURFACE_STYLE_FILL_AREA(#19400);
#19400 = FILL_AREA_STYLE('',(#19401));
#19401 = FILL_AREA_STYLE_COLOUR('',#19168);
#19402 = OVER_RIDING_STYLED_ITEM('overriding color',(#19403),#3048,
  #19151);
#19403 = PRESENTATION_STYLE_ASSIGNMENT((#19404));
#19404 = SURFACE_STYLE_USAGE(.BOTH.,#19405);
#19405 = SURFACE_SIDE_STYLE('',(#19406));
#19406 = SURFACE_STYLE_FILL_AREA(#19407);
#19407 = FILL_AREA_STYLE('',(#19408));
#19408 = FILL_AREA_STYLE_COLOUR('',#19168);
#19409 = OVER_RIDING_STYLED_ITEM('overriding color',(#19410),#3066,
  #19151);
#19410 = PRESENTATION_STYLE_ASSIGNMENT((#19411));
#19411 = SURFACE_STYLE_USAGE(.BOTH.,#19412);
#19412 = SURFACE_SIDE_STYLE('',(#19413));
#19413 = SURFACE_STYLE_FILL_AREA(#19414);
#19414 = FILL_AREA_STYLE('',(#19415));
#19415 = FILL_AREA_STYLE_COLOUR('',#19168);
#19416 = OVER_RIDING_STYLED_ITEM('overriding color',(#19417),#3082,
  #19151);
#19417 = PRESENTATION_STYLE_ASSIGNMENT((#19418));
#19418 = SURFACE_STYLE_USAGE(.BOTH.,#19419);
#19419 = SURFACE_SIDE_STYLE('',(#19420));
#19420 = SURFACE_STYLE_FILL_AREA(#19421);
#19421 = FILL_AREA_STYLE('',(#19422));
#19422 = FILL_AREA_STYLE_COLOUR('',#19168);
#19423 = OVER_RIDING_STYLED_ITEM('overriding color',(#19424),#3100,
  #19151);
#19424 = PRESENTATION_STYLE_ASSIGNMENT((#19425));
#19425 = SURFACE_STYLE_USAGE(.BOTH.,#19426);
#19426 = SURFACE_SIDE_STYLE('',(#19427));
#19427 = SURFACE_STYLE_FILL_AREA(#19428);
#19428 = FILL_AREA_STYLE('',(#19429));
#19429 = FILL_AREA_STYLE_COLOUR('',#19168);
#19430 = OVER_RIDING_STYLED_ITEM('overriding color',(#19431),#3116,
  #19151);
#19431 = PRESENTATION_STYLE_ASSIGNMENT((#19432));
#19432 = SURFACE_STYLE_USAGE(.BOTH.,#19433);
#19433 = SURFACE_SIDE_STYLE('',(#19434));
#19434 = SURFACE_STYLE_FILL_AREA(#19435);
#19435 = FILL_AREA_STYLE('',(#19436));
#19436 = FILL_AREA_STYLE_COLOUR('',#19168);
#19437 = OVER_RIDING_STYLED_ITEM('overriding color',(#19438),#3128,
  #19151);
#19438 = PRESENTATION_STYLE_ASSIGNMENT((#19439));
#19439 = SURFACE_STYLE_USAGE(.BOTH.,#19440);
#19440 = SURFACE_SIDE_STYLE('',(#19441));
#19441 = SURFACE_STYLE_FILL_AREA(#19442);
#19442 = FILL_AREA_STYLE('',(#19443));
#19443 = FILL_AREA_STYLE_COLOUR('',#19168);
#19444 = OVER_RIDING_STYLED_ITEM('overriding color',(#19445),#3140,
  #19151);
#19445 = PRESENTATION_STYLE_ASSIGNMENT((#19446));
#19446 = SURFACE_STYLE_USAGE(.BOTH.,#19447);
#19447 = SURFACE_SIDE_STYLE('',(#19448));
#19448 = SURFACE_STYLE_FILL_AREA(#19449);
#19449 = FILL_AREA_STYLE('',(#19450));
#19450 = FILL_AREA_STYLE_COLOUR('',#19168);
#19451 = OVER_RIDING_STYLED_ITEM('overriding color',(#19452),#3152,
  #19151);
#19452 = PRESENTATION_STYLE_ASSIGNMENT((#19453));
#19453 = SURFACE_STYLE_USAGE(.BOTH.,#19454);
#19454 = SURFACE_SIDE_STYLE('',(#19455));
#19455 = SURFACE_STYLE_FILL_AREA(#19456);
#19456 = FILL_AREA_STYLE('',(#19457));
#19457 = FILL_AREA_STYLE_COLOUR('',#19168);
#19458 = OVER_RIDING_STYLED_ITEM('overriding color',(#19459),#3164,
  #19151);
#19459 = PRESENTATION_STYLE_ASSIGNMENT((#19460));
#19460 = SURFACE_STYLE_USAGE(.BOTH.,#19461);
#19461 = SURFACE_SIDE_STYLE('',(#19462));
#19462 = SURFACE_STYLE_FILL_AREA(#19463);
#19463 = FILL_AREA_STYLE('',(#19464));
#19464 = FILL_AREA_STYLE_COLOUR('',#19168);
#19465 = OVER_RIDING_STYLED_ITEM('overriding color',(#19466),#3176,
  #19151);
#19466 = PRESENTATION_STYLE_ASSIGNMENT((#19467));
#19467 = SURFACE_STYLE_USAGE(.BOTH.,#19468);
#19468 = SURFACE_SIDE_STYLE('',(#19469));
#19469 = SURFACE_STYLE_FILL_AREA(#19470);
#19470 = FILL_AREA_STYLE('',(#19471));
#19471 = FILL_AREA_STYLE_COLOUR('',#19168);
#19472 = MECHANICAL_DESIGN_GEOMETRIC_PRESENTATION_REPRESENTATION('',(
    #19473,#19481,#19488,#19496,#19503,#19510,#19517),#6176);
#19473 = STYLED_ITEM('color',(#19474),#3230);
#19474 = PRESENTATION_STYLE_ASSIGNMENT((#19475));
#19475 = SURFACE_STYLE_USAGE(.BOTH.,#19476);
#19476 = SURFACE_SIDE_STYLE('',(#19477));
#19477 = SURFACE_STYLE_FILL_AREA(#19478);
#19478 = FILL_AREA_STYLE('',(#19479));
#19479 = FILL_AREA_STYLE_COLOUR('',#19480);
#19480 = COLOUR_RGB('',0.501960785193,0.501960785193,0.501960785193);
#19481 = STYLED_ITEM('color',(#19482),#3384);
#19482 = PRESENTATION_STYLE_ASSIGNMENT((#19483));
#19483 = SURFACE_STYLE_USAGE(.BOTH.,#19484);
#19484 = SURFACE_SIDE_STYLE('',(#19485));
#19485 = SURFACE_STYLE_FILL_AREA(#19486);
#19486 = FILL_AREA_STYLE('',(#19487));
#19487 = FILL_AREA_STYLE_COLOUR('',#19480);
#19488 = STYLED_ITEM('color',(#19489),#3538);
#19489 = PRESENTATION_STYLE_ASSIGNMENT((#19490));
#19490 = SURFACE_STYLE_USAGE(.BOTH.,#19491);
#19491 = SURFACE_SIDE_STYLE('',(#19492));
#19492 = SURFACE_STYLE_FILL_AREA(#19493);
#19493 = FILL_AREA_STYLE('',(#19494));
#19494 = FILL_AREA_STYLE_COLOUR('',#19495);
#19495 = COLOUR_RGB('',0.968627457133,0.878431359152,0.599999994755);
#19496 = STYLED_ITEM('color',(#19497),#3820);
#19497 = PRESENTATION_STYLE_ASSIGNMENT((#19498));
#19498 = SURFACE_STYLE_USAGE(.BOTH.,#19499);
#19499 = SURFACE_SIDE_STYLE('',(#19500));
#19500 = SURFACE_STYLE_FILL_AREA(#19501);
#19501 = FILL_AREA_STYLE('',(#19502));
#19502 = FILL_AREA_STYLE_COLOUR('',#19480);
#19503 = STYLED_ITEM('color',(#19504),#4576);
#19504 = PRESENTATION_STYLE_ASSIGNMENT((#19505));
#19505 = SURFACE_STYLE_USAGE(.BOTH.,#19506);
#19506 = SURFACE_SIDE_STYLE('',(#19507));
#19507 = SURFACE_STYLE_FILL_AREA(#19508);
#19508 = FILL_AREA_STYLE('',(#19509));
#19509 = FILL_AREA_STYLE_COLOUR('',#19495);
#19510 = STYLED_ITEM('color',(#19511),#5301);
#19511 = PRESENTATION_STYLE_ASSIGNMENT((#19512));
#19512 = SURFACE_STYLE_USAGE(.BOTH.,#19513);
#19513 = SURFACE_SIDE_STYLE('',(#19514));
#19514 = SURFACE_STYLE_FILL_AREA(#19515);
#19515 = FILL_AREA_STYLE('',(#19516));
#19516 = FILL_AREA_STYLE_COLOUR('',#19495);
#19517 = STYLED_ITEM('color',(#19518),#6026);
#19518 = PRESENTATION_STYLE_ASSIGNMENT((#19519));
#19519 = SURFACE_STYLE_USAGE(.BOTH.,#19520);
#19520 = SURFACE_SIDE_STYLE('',(#19521));
#19521 = SURFACE_STYLE_FILL_AREA(#19522);
#19522 = FILL_AREA_STYLE('',(#19523));
#19523 = FILL_AREA_STYLE_COLOUR('',#19127);
ENDSEC;
END-ISO-10303-21;
